<?xml version="1.0" encoding="utf-8"?>
<COLLADA xmlns="http://www.collada.org/2005/11/COLLADASchema" version="1.4.1" xmlns:xsi="http://www.w3.org/2001/XMLSchema-instance">
  <asset>
    <contributor>
      <author>Blender User</author>
      <authoring_tool>Blender 2.79.0 commit date:2018-02-21, commit time:10:41, hash:8928d99270f</authoring_tool>
    </contributor>
    <created>2018-03-18T12:20:06</created>
    <modified>2018-03-18T12:20:06</modified>
    <unit name="meter" meter="1"/>
    <up_axis>Z_UP</up_axis>
  </asset>
  <library_images>
    <image id="GNN_avt_base_png" name="GNN_avt_base_png">
      <init_from>GNN_avt_base.png</init_from>
    </image>
  </library_images>
  <library_effects>
    <effect id="GNN_avt_base_png-effect">
      <profile_COMMON>
        <newparam sid="GNN_avt_base_png-surface">
          <surface type="2D">
            <init_from>GNN_avt_base_png</init_from>
          </surface>
        </newparam>
        <newparam sid="GNN_avt_base_png-sampler">
          <sampler2D>
            <source>GNN_avt_base_png-surface</source>
          </sampler2D>
        </newparam>
        <technique sid="common">
          <phong>
            <diffuse>
              <texture texture="GNN_avt_base_png-sampler" texcoord="GNN_avt_base_png"/>
            </diffuse>
            <specular>
              <color sid="specular">0 0 0 1</color>
            </specular>
          </phong>
        </technique>
      </profile_COMMON>
    </effect>
  </library_effects>
  <library_materials>
    <material id="GNN_avt_base_png-material" name="GNN_avt_base_png">
      <instance_effect url="#GNN_avt_base_png-effect"/>
    </material>
  </library_materials>
  <library_geometries>
    <geometry id="Untitled-mesh" name="Untitled">
      <mesh>
        <source id="Untitled-mesh-positions">
          <float_array id="Untitled-mesh-positions-array" count="7248">-7.026562 -4.489372 31.13662 -4.365132 -6.556169 31.15505 -5.695847 -5.766552 31.14584 7.574001 -0.5944461 31.30246 7.168832 -0.6057831 33.63498 6.54862 -4.154099 31.314 6.226843 -4.061694 33.64995 4.365132 -6.556169 31.15505 4.298044 -5.902749 33.66701 1.685653 -7.203886 31.16099 1.476025 -6.591724 33.67314 0 -7.350291 31.16229 0 -6.654406 33.67397 -1.476025 -6.591724 33.67314 0 -7.350291 31.16229 -1.685653 -7.203886 31.16099 -4.298044 -5.902749 33.66701 -4.365132 -6.556169 31.15505 -6.226843 -4.061694 33.64995 -6.54862 -4.154099 31.314 -7.168832 -0.6057831 33.63498 -7.574001 -0.5944461 31.30246 7.168832 -0.6057831 33.63498 7.574001 -0.5944461 31.30246 6.176868 2.767298 33.59314 6.714732 2.846619 31.26812 4.011362 4.547882 33.60031 4.455142 5.003526 31.08133 1.876365 4.975847 33.58679 2.120671 5.518757 31.0687 0 4.976158 33.5868 0 5.521655 31.06897 -2.120671 5.518757 31.0687 -1.876365 4.975847 33.58679 -4.455142 5.003526 31.08133 -4.011362 4.547882 33.60031 -6.714732 2.846619 31.26812 -6.176868 2.767298 33.59314 -7.574001 -0.5944461 31.30246 -7.168832 -0.6057831 33.63498 13.81366 -1.965303 56.56822 13.41426 1.356334 57.44291 18.17615 1.776888 57.15423 21.84926 4.676877 61.08782 17.09997 4.668625 64.37255 22.4095 5.287933 65.19124 20.46752 3.007257 68.43078 17.89981 -0.764719 67.65629 -18.17615 1.776888 57.15423 -13.41426 1.356334 57.44291 -13.81366 -1.965303 56.56822 -21.84926 4.676877 61.08782 -17.09997 4.668625 64.37255 -22.4095 5.287933 65.19124 -20.46752 3.007257 68.43078 -17.89981 -0.764719 67.65629 -1.9186 -7.965522 37.59483 -3.47879 -7.530746 37.23919 -3.234354 -7.633258 36.8107 -4.961756 -6.996969 37.02241 -5.006044 -6.947969 35.63348 -3.933276 -7.351184 35.51734 -7.42207 -5.324918 37.27346 -4.869634 -6.796617 33.96765 -4.137076 -7.135816 33.89992 -7.379542 -5.178635 35.87245 -4.671183 -6.614169 32.52494 -4.138577 -6.825723 32.52526 -7.320684 -4.976179 34.28506 -4.674086 -6.797383 31.83059 -9.06715 -3.64586 36.53958 -9.407928 -4.160821 38.50682 -7.002404 -4.606607 32.51066 -8.445961 -3.149653 34.69208 -9.927227 -0.8552846 38.83208 -9.83807 -3.656857 39.44366 -9.573639 -0.8501748 37.18441 -9.564589 -0.09276646 37.18119 -9.914772 -0.09886258 38.84963 -8.636509 -0.8689756 34.76586 -9.290236 2.373277 37.15079 -9.578399 2.57802 39.41125 -8.639258 -0.1103432 34.75941 -8.520518 2.069692 34.78106 -7.75711 -0.1854668 32.48308 -7.786824 -0.9282876 32.4885 -7.282194 -4.679773 31.8134 -8.19284 -0.829284 31.79162 -4.138577 -6.825723 32.52526 -3.440547 -7.036046 32.52652 -5.695847 -5.766552 31.14584 -7.026562 -4.489372 31.13662 -4.365132 -6.556169 31.15505 0 -0.7137561 31.00715 -1.716484 -7.634322 31.83456 -1.672991 -7.31369 32.52496 0 -0.7137561 31.00715 -1.685653 -7.203886 31.16099 0 -7.783003 31.8367 0 -7.513912 32.52919 0 -7.350291 31.16229 0 -0.7137561 31.00715 -7.902055 -0.7731209 31.11844 0 -0.7137561 31.00715 0 -0.7137561 31.00715 -7.452079 1.401452 31.09535 -7.046948 3.364184 31.75114 0 -0.7137561 31.00715 -6.807257 3.234044 31.07379 -6.754078 3.17484 32.45416 -4.648103 5.183077 31.75774 -4.455142 5.003526 31.08133 0 -0.7137561 31.00715 -7.594808 4.076966 34.75123 -2.120671 5.518757 31.0687 0 -0.7137561 31.00715 0 5.521655 31.06897 0 -0.7137561 31.00715 0 5.866123 31.75151 -2.205388 5.857316 31.75062 -4.499059 4.887595 32.45906 -5.123805 5.802467 34.70478 -2.129558 5.49962 32.45924 -2.462411 6.493289 34.62564 -0.4599738 5.511612 32.46048 -2.738531 7.45536 36.94082 -0.441299 6.587341 34.62023 0 6.602202 34.61684 0 5.514915 32.46082 0 7.607706 36.88597 0.4599738 5.511612 32.46048 0 6.602202 34.61684 -0.4793492 7.582542 36.88104 -0.5104048 7.879038 37.71434 0 7.900425 37.71063 -2.825348 7.782038 38.04988 -5.618983 6.678698 37.03119 -5.7399 7.21566 39.36461 -8.206022 4.66262 37.08558 -8.606491 5.015079 39.35105 -8.001543 6.498839 41.23509 -8.936865 5.299712 41.2729 -8.956428 5.512747 43.10603 0.441299 6.587341 34.62023 0 7.607706 36.88597 0 7.900425 37.71063 0.5104048 7.879038 37.71434 0.4793492 7.582542 36.88104 2.738531 7.45536 36.94082 2.825348 7.782038 38.04988 2.462411 6.493289 34.62564 5.618983 6.678698 37.03119 5.7399 7.21566 39.36461 5.123805 5.802467 34.70478 2.129558 5.49962 32.45924 4.499059 4.887595 32.45906 2.205388 5.857316 31.75062 6.754078 3.17484 32.45416 2.120671 5.699159 31.0687 0 5.521655 31.06897 0 -0.7137561 31.00715 4.455142 5.003526 31.08133 0 -0.7137561 31.00715 4.648103 5.183077 31.75774 6.807257 3.234044 31.07379 0 -0.7137561 31.00715 7.046948 3.364184 31.75114 0 -0.7137561 31.00715 7.452079 1.401452 31.09535 0 -0.7137561 31.00715 7.902055 -0.5611141 31.11844 8.19284 -0.5437021 31.79162 7.026562 -4.489372 31.13662 0 -0.7137561 31.00715 7.75711 -0.1854668 32.48308 7.282194 -4.679773 31.8134 7.786824 -0.9282876 32.4885 5.695847 -5.52277 31.14584 0 -0.7137561 31.00715 4.365132 -6.556169 31.15505 4.674086 -6.797383 31.83059 7.002404 -4.606607 32.51066 0 -0.7137561 31.00715 1.685653 -7.203886 31.16099 0 -0.7137561 31.00715 0 -7.350291 31.16229 0 -7.783003 31.8367 1.716484 -7.634322 31.83456 1.672991 -7.31369 32.52496 0 -7.513912 32.52919 3.440547 -7.036046 32.52652 4.138577 -6.825723 32.52526 4.671183 -6.614169 32.52494 4.138577 -6.825723 32.52526 4.137076 -7.135816 33.89992 4.869634 -6.796617 33.96765 3.933276 -7.351184 35.51734 7.320684 -4.976179 34.28506 5.006044 -6.947969 35.63348 3.234354 -7.633258 36.8107 1.9186 -7.965522 37.59483 3.47879 -7.530746 37.23919 4.961756 -6.996969 37.02241 7.42207 -5.324918 37.27346 7.379542 -5.178635 35.87245 9.06715 -3.64586 36.53958 9.407928 -4.160821 38.50682 8.445961 -3.149653 34.69208 9.927227 -0.8552846 38.83208 9.83807 -3.656857 39.44366 9.573639 -0.8501748 37.18441 8.636509 -0.8689756 34.76586 9.564589 -0.09276646 37.18119 9.914772 -0.09886258 38.84963 8.639258 -0.1103432 34.75941 8.520518 2.069692 34.78106 9.290236 2.373277 37.15079 9.578399 2.57802 39.41125 7.594808 4.076966 34.75123 8.206022 4.66262 37.08558 8.606491 5.015079 39.35105 8.936865 5.299712 41.2729 8.001543 6.498839 41.23509 8.956428 5.512747 43.10603 11.43463 -3.56578 42.56892 9.83807 -3.656857 39.44366 9.693666 -3.121156 41.43745 11.72503 -3.589162 42.15501 10.17723 -3.888339 39.36845 11.79015 -4.047978 41.91252 9.407928 -4.160821 38.50682 9.804502 -4.557722 39.84508 11.31518 -4.490179 42.20409 9.265577 -4.777854 39.19769 7.504304 -5.761476 38.11422 7.42207 -5.324918 37.27346 4.97519 -7.173195 37.85031 4.961756 -6.996969 37.02241 3.47879 -7.530746 37.23919 1.931513 -8.095499 38.31351 1.9186 -7.965522 37.59483 0.8561581 -8.039488 37.79497 0.3946941 -8.094161 38.55449 0 -8.072546 37.82705 0 -8.093564 38.46184 0.4085047 -8.246369 39.3057 0 -8.270834 39.31181 0.4668194 -8.256796 40.23919 0 -8.306227 40.27522 0 -8.140728 40.80792 0.5481271 -8.10478 40.83868 0 -7.629452 42.37033 1.846861 -7.016791 43.97595 0 -7.512937 42.49147 2.532316 -7.341871 42.97465 1.750626 -6.925306 44.03004 3.928039 -6.667698 44.51075 3.22294 -6.136883 45.34657 5.601773 -5.518059 46.2442 3.120667 -6.021855 45.40015 4.674749 -4.999562 47.02404 4.556737 -4.900732 47.04179 -0.4668194 -8.256796 40.23919 0 -8.306227 40.27522 0 -8.270834 39.31181 -0.5481271 -8.10478 40.83868 -0.4085047 -8.246369 39.3057 0 -7.629452 42.37033 0 -8.093564 38.46184 -0.3946941 -8.094161 38.55449 0 -8.072546 37.82705 -0.8561581 -8.039488 37.79497 -1.931513 -8.095499 38.31351 -1.9186 -7.965522 37.59483 -3.47879 -7.530746 37.23919 -4.97519 -7.173195 37.85031 -4.961756 -6.996969 37.02241 -7.42207 -5.324918 37.27346 -7.504304 -5.761476 38.11422 -9.407928 -4.160821 38.50682 -9.265577 -4.777854 39.19769 -10.17723 -3.888339 39.36845 -9.804502 -4.557722 39.84508 -9.83807 -3.656857 39.44366 -11.31518 -4.490179 42.20409 -11.79015 -4.047978 41.91252 -11.72503 -3.589162 42.15501 -11.43463 -3.56578 42.56892 -9.693666 -3.121156 41.43745 -1.846861 -7.016791 43.97595 -2.532316 -7.341871 42.97465 0 -7.512937 42.49147 -1.750626 -6.925306 44.03004 -3.928039 -6.667698 44.51075 -3.22294 -6.136883 45.34657 -3.120667 -6.021855 45.40015 -4.556737 -4.900732 47.04179 -4.674749 -4.999562 47.02404 -5.601773 -5.518059 46.2442 -5.027557 -7.15141 43.75825 -6.760761 -5.694991 45.78947 -2.532316 -7.341871 42.97465 -6.734201 -6.66428 43.9133 -7.863294 -5.80983 45.26372 -9.188584 -5.719711 44.40184 -3.524776 -7.858476 42.58409 -8.072234 -6.510043 43.06749 -10.57994 -5.24755 43.2625 -5.881829 -7.21982 42.87575 -4.700717 -8.033963 41.48012 -1.957664 -8.430792 41.12437 -0.5481271 -8.10478 40.83868 -0.4668194 -8.256796 40.23919 -1.861168 -8.653677 40.21888 -0.4085047 -8.246369 39.3057 -6.704689 -7.221621 41.96546 -4.873013 -8.112928 39.94532 -1.858214 -8.692553 39.08557 -0.3946941 -8.094161 38.55449 -1.931513 -8.095499 38.31351 -4.929613 -7.903918 38.55482 -4.97519 -7.173195 37.85031 -7.504304 -5.761476 38.11422 -7.607916 -6.539737 38.89594 -7.521164 -6.900427 40.40384 -9.272459 -5.92527 41.62162 -9.544463 -5.498478 40.21931 -9.265577 -4.777854 39.19769 -11.31518 -4.490179 42.20409 -9.804502 -4.557722 39.84508 8.867601 5.163384 43.62073 8.956428 5.512747 43.10603 9.954894 5.228414 44.1482 9.97932 5.877655 43.11841 12.59356 5.174773 44.56224 12.46173 4.871157 45.15709 15.15061 4.682479 45.77608 15.09481 4.393106 46.17108 18.94377 3.293692 47.94037 12.55019 5.628859 44.45638 18.96551 3.488547 47.3879 15.13551 5.134483 45.673 22.28682 1.825994 48.68042 21.64842 1.787285 49.06069 22.52345 0.6568161 49.337 19.05911 3.811766 47.52889 23.33583 0.7094695 49.11149 22.91492 -0.4650827 49.49258 22.47902 1.940877 49.02481 15.16177 5.293576 46.40343 23.78197 -0.4464476 49.29719 19.1795 3.858951 48.27182 12.62186 5.830846 45.16394 15.0902 4.732398 48.64804 10.86036 6.259105 44.27223 9.994758 6.456034 43.85158 9.507491 6.583515 43.51448 10.82549 5.994413 46.77489 12.73156 5.433927 47.60745 8.483415 6.810162 45.271 8.090299 6.96159 44.85055 9.668853 6.381093 46.17361 12.78645 4.308559 49.4766 10.63532 5.054312 48.82677 9.197083 5.398859 48.29684 6.940745 7.066432 47.03746 6.476905 7.309525 46.72847 10.4429 3.614093 49.96745 5.994306 6.670138 48.49242 5.43504 6.961818 48.29644 5.198495 6.179453 49.41072 7.42036 5.418041 49.3074 6.220355 4.82862 49.93571 5.093195 6.070418 49.44659 6.390819 4.950104 49.97796 6.763144 3.095088 50.52426 6.531595 3.048546 50.37605 6.543932 -0.1879171 50.30998 8.101448 3.446063 49.95668 9.247132 3.532348 49.85209 8.163394 1.567638 50.06952 9.297816 1.659528 50.27374 10.34459 1.699195 50.54972 6.727837 -0.2311038 50.38471 9.254435 -0.5208042 50.40221 8.186709 -0.5333081 50.06622 5.731482 -3.469778 48.67861 5.572945 -3.333029 48.59556 4.556737 -4.900732 47.04179 4.674749 -4.999562 47.02404 7.646717 -2.438625 49.08502 8.835489 -2.569279 49.46599 6.946257 -3.734758 48.00469 5.9656 -5.12791 46.72507 5.601773 -5.518059 46.2442 6.760761 -5.694991 45.78947 8.019026 -4.111515 47.83123 7.092516 -5.31998 46.34452 7.863294 -5.80983 45.26372 8.319469 -5.533005 45.79568 9.188584 -5.719711 44.40184 9.304296 -4.761938 46.98366 9.676002 -5.502932 44.99224 10.68257 -5.180993 44.10137 10.57994 -5.24755 43.2625 10.5798 -4.993035 45.94639 10.47726 -3.970795 48.23493 11.02589 -5.115089 43.72673 10.36845 -2.670048 49.79472 11.68496 -4.532593 42.62277 11.31518 -4.490179 42.20409 11.79015 -4.047978 41.91252 11.71402 -4.993054 44.44451 13.47583 -4.329504 43.15692 12.72867 -4.365296 47.6972 13.32164 -4.712544 43.88231 13.04704 -4.903742 45.43767 13.37751 -3.96981 43.34473 11.72503 -3.589162 42.15501 15.14366 -4.511216 44.30538 11.43463 -3.56578 42.56892 13.25965 -4.018381 43.91485 15.09147 -4.112164 44.50838 15.02383 -3.990337 44.91073 18.70034 -3.564536 47.25429 15.07291 -4.766463 44.97451 18.75141 -3.8311 46.77277 21.85529 -2.402036 48.95806 18.7887 -4.220189 46.74098 22.61126 -2.586087 48.65964 22.61367 -1.573854 49.3729 23.46129 -1.567673 49.10374 22.77958 -2.779124 49.08868 18.81917 -4.293092 47.46878 23.80863 -1.812399 49.63798 22.52788 -2.755964 49.5956 18.92458 -3.845409 49.0364 21.4111 -2.728203 50.32707 14.94273 -4.723987 46.6488 18.92161 -3.280336 50.16607 14.88416 -3.823411 49.3042 12.59751 -3.890568 48.71868 12.4872 -2.66471 50.22703 18.99632 -2.138678 50.87893 14.7335 -2.534078 50.58526 12.39964 -0.4875568 51.16452 10.36452 -0.4858063 50.76429 14.69029 -0.4428603 51.36887 12.51659 1.749674 50.93374 12.64676 3.571231 50.22141 14.76018 1.666805 51.09864 14.91672 3.460386 50.36384 19.0962 -0.3708013 51.2649 19.13675 1.236863 50.94119 19.15962 2.441289 50.43805 19.12533 3.146575 49.81738 21.29745 1.857974 50.34107 22.25825 1.904897 49.51039 22.44484 0.7296719 50.69607 23.43018 0.7590582 49.97838 22.87281 -0.5470428 50.8541 22.57375 -1.713829 50.67649 23.5304 -1.75307 50.08063 23.8747 -0.5078513 50.22972 24.1924 -0.508471 49.8119 23.7117 0.8523865 49.60524 8.001543 6.498839 41.23509 9.97932 5.877655 43.11841 8.956428 5.512747 43.10603 9.507491 6.583515 43.51448 7.49512 7.285109 41.87283 5.7399 7.21566 39.36461 6.318135 7.905163 43.32143 8.090299 6.96159 44.85055 6.476905 7.309525 46.72847 5.483891 7.926856 40.27342 2.945838 8.390229 39.07469 2.825348 7.782038 38.04988 3.073765 8.512989 40.08119 3.59126 8.359449 45.98889 5.43504 6.961818 48.29644 3.367084 8.62076 43.19356 0.5677163 8.683554 40.15445 0.541207 8.428625 38.66894 0.5104048 7.879038 37.71434 0 8.430264 38.64033 0 7.900425 37.71063 0 8.728779 40.16312 0.637025 8.871171 43.16467 0 8.919756 43.16767 0 8.785725 45.79643 0.6751796 8.736649 45.80046 0 8.216475 47.42906 0.6523639 8.163657 47.44016 0 7.596233 48.41372 3.642103 7.655162 47.88541 0.5136442 7.506865 48.44272 0 7.460351 48.51246 0.4665389 7.375652 48.54304 3.281495 6.682334 48.90658 3.363269 6.827373 48.84531 5.198495 6.179453 49.41072 5.093195 6.070418 49.44659 0 -6.821549 43.6862 0 -7.512937 42.49147 1.750626 -6.925306 44.03004 0 -5.057247 46.29401 1.557266 -5.003908 46.62879 3.120667 -6.021855 45.40015 0 -3.926738 47.41887 4.556737 -4.900732 47.04179 1.517981 -3.673184 47.6354 0 -3.247977 48.9281 4.004251 -2.807491 48.48624 5.572945 -3.333029 48.59556 6.543932 -0.1879171 50.30998 1.761438 -2.999503 48.96587 0 -2.972238 51.55089 5.46739 -0.7959275 49.92046 5.97157 -0.102766 50.41467 4.911933 0.05487781 50.6085 3.647666 -2.271233 49.55846 2.743971 -2.398231 51.73947 4.691154 0.07017534 52.3801 0 -3.106517 54.98134 2.78339 -2.571112 55.1044 4.470374 0.08547288 55.56304 0 0.1027016 56.30749 0 7.460351 48.51246 0 7.003222 48.86067 0.4665389 7.375652 48.54304 3.281495 6.682334 48.90658 3.3776 6.354328 49.29058 0 5.740448 50.92728 5.093195 6.070418 49.44659 4.768241 5.860038 49.74537 3.800937 4.909487 50.77687 5.235766 5.135577 49.84438 6.220355 4.82862 49.93571 6.531595 3.048546 50.37605 5.97157 -0.102766 50.41467 6.543932 -0.1879171 50.30998 4.911933 0.05487781 50.6085 4.691154 0.07017534 52.3801 3.636646 4.413773 53.11279 4.470374 0.08547288 55.56304 0 5.131692 53.26256 3.472354 4.177676 55.98336 0 0.1027016 56.30749 0 4.845343 55.97356 -8.867601 5.163384 43.62073 -9.954894 5.228414 44.1482 -8.956428 5.512747 43.10603 -9.97932 5.877655 43.11841 -12.59356 5.174773 44.56224 -12.46173 4.871157 45.15709 -15.15061 4.682479 45.77608 -15.09481 4.393106 46.17108 -18.94377 3.293692 47.94037 -12.55019 5.628859 44.45638 -18.96551 3.488547 47.3879 -15.13551 5.134483 45.673 -19.05911 3.811766 47.52889 -22.28682 1.825994 48.68042 -21.64842 1.787285 49.06069 -22.52345 0.6568161 49.337 -23.33583 0.7094695 49.11149 -22.91492 -0.4650827 49.49258 -22.47902 1.940877 49.02481 -15.16177 5.293576 46.40343 -23.78197 -0.4464476 49.29719 -12.62186 5.830846 45.16394 -19.1795 3.858951 48.27182 -10.86036 6.259105 44.27223 -15.0902 4.732398 48.64804 -9.994758 6.456034 43.85158 -9.507491 6.583515 43.51448 -10.82549 5.994413 46.77489 -8.483415 6.810162 45.271 -8.090299 6.96159 44.85055 -9.668853 6.381093 46.17361 -12.73156 5.433927 47.60745 -10.63532 5.054312 48.82677 -12.78645 4.308559 49.4766 -9.197083 5.398859 48.29684 -10.4429 3.614093 49.96745 -6.940745 7.066432 47.03746 -6.476905 7.309525 46.72847 -5.994306 6.670138 48.49242 -5.43504 6.961818 48.29644 -5.198495 6.179453 49.41072 -7.42036 5.418041 49.3074 -5.093195 6.070418 49.44659 -6.220355 4.82862 49.93571 -6.390819 4.950104 49.97796 -6.763144 3.095088 50.52426 -6.531595 3.048546 50.37605 -6.543932 -0.1879171 50.30998 -8.101448 3.446063 49.95668 -9.247132 3.532348 49.85209 -8.163394 1.567638 50.06952 -9.297816 1.659528 50.27374 -10.34459 1.699195 50.54972 -6.727837 -0.2311038 50.38471 -9.254435 -0.5208042 50.40221 -8.186709 -0.5333081 50.06622 -5.731482 -3.469778 48.67861 -5.572945 -3.333029 48.59556 -4.556737 -4.900732 47.04179 -4.674749 -4.999562 47.02404 -7.646717 -2.438625 49.08502 -8.835489 -2.569279 49.46599 -6.946257 -3.734758 48.00469 -5.9656 -5.12791 46.72507 -5.601773 -5.518059 46.2442 -6.760761 -5.694991 45.78947 -8.019026 -4.111515 47.83123 -7.092516 -5.31998 46.34452 -7.863294 -5.80983 45.26372 -8.319469 -5.533005 45.79568 -9.188584 -5.719711 44.40184 -9.304296 -4.761938 46.98366 -9.676002 -5.502932 44.99224 -10.68257 -5.180993 44.10137 -10.57994 -5.24755 43.2625 -10.5798 -4.993035 45.94639 -10.47726 -3.970795 48.23493 -11.02589 -5.115089 43.72673 -10.36845 -2.670048 49.79472 -11.68496 -4.532593 42.62277 -11.31518 -4.490179 42.20409 -11.79015 -4.047978 41.91252 -11.71402 -4.993054 44.44451 -13.47583 -4.329504 43.15692 -12.72867 -4.365296 47.6972 -13.32164 -4.712544 43.88231 -13.04704 -4.903742 45.43767 -13.37751 -3.96981 43.34473 -11.72503 -3.589162 42.15501 -15.14366 -4.511216 44.30538 -13.25965 -4.018381 43.91485 -11.43463 -3.56578 42.56892 -15.09147 -4.112164 44.50838 -15.02383 -3.990337 44.91073 -18.70034 -3.564536 47.25429 -18.75141 -3.8311 46.77277 -21.85529 -2.402036 48.95806 -18.7887 -4.220189 46.74098 -22.61126 -2.586087 48.65964 -22.61367 -1.573854 49.3729 -15.07291 -4.766463 44.97451 -23.46129 -1.567673 49.10374 -22.77958 -2.779124 49.08868 -23.80863 -1.812399 49.63798 -18.81917 -4.293092 47.46878 -22.52788 -2.755964 49.5956 -14.94273 -4.723987 46.6488 -18.92458 -3.845409 49.0364 -21.4111 -2.728203 50.32707 -18.92161 -3.280336 50.16607 -14.88416 -3.823411 49.3042 -12.59751 -3.890568 48.71868 -12.4872 -2.66471 50.22703 -18.99632 -2.138678 50.87893 -14.7335 -2.534078 50.58526 -12.39964 -0.4875568 51.16452 -10.36452 -0.4858063 50.76429 -14.69029 -0.4428603 51.36887 -12.51659 1.749674 50.93374 -12.64676 3.571231 50.22141 -14.76018 1.666805 51.09864 -14.91672 3.460386 50.36384 -19.0962 -0.3708013 51.2649 -19.13675 1.236863 50.94119 -19.15962 2.441289 50.43805 -19.12533 3.146575 49.81738 -21.29745 1.857974 50.34107 -22.25825 1.904897 49.51039 -22.44484 0.7296719 50.69607 -23.43018 0.7590582 49.97838 -22.87281 -0.5470428 50.8541 -22.57375 -1.713829 50.67649 -23.5304 -1.75307 50.08063 -23.8747 -0.5078513 50.22972 -24.1924 -0.508471 49.8119 -23.7117 0.8523865 49.60524 -8.001543 6.498839 41.23509 -8.956428 5.512747 43.10603 -9.97932 5.877655 43.11841 -9.507491 6.583515 43.51448 -7.49512 7.285109 41.87283 -5.7399 7.21566 39.36461 -6.318135 7.905163 43.32143 -8.090299 6.96159 44.85055 -6.476905 7.309525 46.72847 -5.483891 7.926856 40.27342 -2.945838 8.390229 39.07469 -2.825348 7.782038 38.04988 -3.073765 8.512989 40.08119 -3.59126 8.359449 45.98889 -5.43504 6.961818 48.29644 -3.367084 8.62076 43.19356 -0.5677163 8.683554 40.15445 -0.541207 8.428625 38.66894 -0.5104048 7.879038 37.71434 0 7.900425 37.71063 0 8.430264 38.64033 0 8.728779 40.16312 -0.637025 8.871171 43.16467 0 8.919756 43.16767 0 8.785725 45.79643 -0.6751796 8.736649 45.80046 0 8.216475 47.42906 -0.6523639 8.163657 47.44016 0 7.596233 48.41372 -3.642103 7.655162 47.88541 -0.5136442 7.506865 48.44272 0 7.460351 48.51246 -0.4665389 7.375652 48.54304 -3.281495 6.682334 48.90658 -3.363269 6.827373 48.84531 -5.198495 6.179453 49.41072 -5.093195 6.070418 49.44659 0 -6.821549 43.6862 -1.750626 -6.925306 44.03004 0 -7.512937 42.49147 0 -5.057247 46.29401 -1.557266 -5.003908 46.62879 -3.120667 -6.021855 45.40015 0 -3.926738 47.41887 -4.556737 -4.900732 47.04179 -1.517981 -3.673184 47.6354 0 -3.247977 48.9281 -4.004251 -2.807491 48.48624 -5.572945 -3.333029 48.59556 -1.761438 -2.999503 48.96587 0 -2.972238 51.55089 -6.543932 -0.1879171 50.30998 -2.743971 -2.398231 51.73947 0 -3.106517 54.98134 -3.647666 -2.271233 49.55846 -5.46739 -0.7959275 49.92046 -5.97157 -0.102766 50.41467 -4.911933 0.05487781 50.6085 -4.691154 0.07017534 52.3801 -2.78339 -2.571112 55.1044 -4.470374 0.08547288 55.56304 0 0.1027016 56.30749 0 7.460351 48.51246 -0.4665389 7.375652 48.54304 0 7.003222 48.86067 -3.281495 6.682334 48.90658 -3.3776 6.354328 49.29058 0 5.740448 50.92728 -5.093195 6.070418 49.44659 -4.768241 5.860038 49.74537 -3.800937 4.909487 50.77687 -5.235766 5.135577 49.84438 -6.220355 4.82862 49.93571 -6.531595 3.048546 50.37605 -6.543932 -0.1879171 50.30998 -5.97157 -0.102766 50.41467 -4.911933 0.05487781 50.6085 -4.691154 0.07017534 52.3801 -3.636646 4.413773 53.11279 -4.470374 0.08547288 55.56304 0 5.131692 53.26256 -3.472354 4.177676 55.98336 0 0.1027016 56.30749 0 4.845343 55.97356 19.78956 -1.024395 71.77835 20.83879 -1.430825 75.40777 20.2671 -5.053518 76.64345 19.04429 -7.829797 75.24916 17.85574 -7.333236 68.85803 17.89981 -0.764719 67.65629 17.15197 -11.87188 68.89778 16.37633 -13.37775 72.30474 16.89139 -7.374152 65.32807 16.85809 -0.735921 65.15944 15.48617 -1.182625 61.05443 16.91234 -14.74786 69.31343 12.858 -15.70531 71.54625 15.61629 -7.31345 61.07359 13.81366 -1.965303 56.56822 15.35371 -12.49879 66.12504 15.61328 -14.77124 66.48898 12.68706 -16.39572 69.18549 12.53581 -16.11682 66.71278 8.289235 -17.56008 69.5894 8.526721 -17.85109 72.99698 8.279174 -17.93475 68.08155 8.267269 -17.6731 65.78105 3.085879 -19.53882 65.92181 12.25379 -14.14591 65.5391 3.06696 -19.2354 63.25718 8.027729 -15.98117 63.99858 11.71651 -13.63793 61.05398 13.57799 -12.50384 61.04517 13.29835 -12.54902 59.8872 7.750478 -15.39843 60.77711 14.00912 -7.751153 56.90699 12.48748 -2.422818 54.2656 11.18697 -14.04685 58.93615 13.70607 -12.73988 58.49831 12.71962 -8.114504 54.11092 11.18165 -3.238803 52.20904 13.66894 -12.78307 57.47846 11.55366 -8.478192 51.63145 7.004109 -6.012641 50.26222 12.28155 -11.68307 55.50832 11.54427 -11.66873 54.15351 7.527861 -9.824678 49.78078 2.898873 -8.225655 49.13395 10.24431 -11.78752 51.76337 10.16759 -12.86496 54.20814 2.856533 -12.37394 48.60129 0 -9.051451 48.80168 7.23971 -12.3993 50.2311 8.76318 -14.00653 51.83977 9.782445 -14.09913 54.71296 6.114026 -14.75971 50.90987 11.18812 -14.60053 57.08214 7.396657 -15.97377 57.17937 6.481803 -15.17335 52.93946 6.94204 -15.54001 55.0273 2.895645 -17.46246 55.23802 2.937233 -16.97873 53.64562 2.958665 -16.02168 52.13756 2.723305 -17.93478 57.1356 0 -18.75273 55.25233 2.863255 -17.42149 60.49359 0 -17.942 53.60472 2.968227 -17.52348 61.36656 0 -16.81953 52.05212 1.539363 -19.5926 62.35113 -2.937233 -16.97873 53.64562 1.473114 -19.88758 64.86014 1.495007 -18.29139 60.71333 3.274936 -19.43043 69.52956 1.2752 -18.24415 58.63155 3.45828 -19.62534 73.0963 0 -20.42496 57.14073 0 -19.66936 59.19029 0 -18.8384 60.1275 -1.2752 -18.24415 58.63155 -2.723305 -17.93478 57.1356 0 -18.96486 61.01119 -1.495007 -18.29139 60.71333 0 -19.58088 62.76389 -1.539363 -19.5926 62.35113 -2.863255 -17.42149 60.49359 0 -19.77225 64.63405 -1.473114 -19.88758 64.86014 -2.968227 -17.52348 61.36656 -3.06696 -19.2354 63.25718 -3.274936 -19.43043 69.52956 -7.750478 -15.39843 60.77711 0 -20.28844 69.46858 -3.085879 -19.53882 65.92181 -8.027729 -15.98117 63.99858 -8.267269 -17.6731 65.78105 -8.289235 -17.56008 69.5894 -8.279174 -17.93475 68.08155 -12.25379 -14.14591 65.5391 -12.53581 -16.11682 66.71278 -11.71651 -13.63793 61.05398 -15.35371 -12.49879 66.12504 -12.68706 -16.39572 69.18549 -15.61328 -14.77124 66.48898 -12.858 -15.70531 71.54625 -16.91234 -14.74786 69.31343 -17.15197 -11.87188 68.89778 -16.37633 -13.37775 72.30474 -8.526721 -17.85109 72.99698 -17.85574 -7.333236 68.85803 -19.04429 -7.829797 75.24916 -3.45828 -19.62534 73.0963 -19.78956 -1.024395 71.77835 -20.2671 -5.053518 76.64345 -20.83879 -1.430825 75.40777 -17.89981 -0.764719 67.65629 -16.89139 -7.374152 65.32807 -16.85809 -0.735921 65.15944 -15.48617 -1.182625 61.05443 -15.61629 -7.31345 61.07359 -13.81366 -1.965303 56.56822 -13.57799 -12.50384 61.04517 -14.00912 -7.751153 56.90699 -12.48748 -2.422818 54.2656 -13.29835 -12.54902 59.8872 -11.18697 -14.04685 58.93615 -13.70607 -12.73988 58.49831 -12.71962 -8.114504 54.11092 -11.18165 -3.238803 52.20904 -13.66894 -12.78307 57.47846 -11.55366 -8.478192 51.63145 -7.004109 -6.012641 50.26222 -12.28155 -11.68307 55.50832 -11.54427 -11.66873 54.15351 -7.527861 -9.824678 49.78078 -2.898873 -8.225655 49.13395 -10.24431 -11.78752 51.76337 -10.16759 -12.86496 54.20814 -2.856533 -12.37394 48.60129 -7.23971 -12.3993 50.2311 -8.76318 -14.00653 51.83977 -9.782445 -14.09913 54.71296 -6.114026 -14.75971 50.90987 -11.18812 -14.60053 57.08214 -7.396657 -15.97377 57.17937 -2.895645 -17.46246 55.23802 -6.94204 -15.54001 55.0273 -6.481803 -15.17335 52.93946 -2.958665 -16.02168 52.13756 -2.951354 -15.37104 50.52881 0 -15.96665 50.49128 -2.90341 -14.22174 49.04519 0 -14.53178 48.96924 2.951354 -15.37104 50.52881 0 -13.24162 48.53858 2.90341 -14.22174 49.04519 19.78956 -1.024395 71.77835 20.66845 0.6614447 73.92144 20.83879 -1.430825 75.40777 20.37414 3.040619 73.04917 19.67415 5.523195 70.72277 20.09806 5.575717 72.88278 19.81934 8.084044 73.39151 17.89981 -0.764719 67.65629 17.09997 4.668625 64.37255 16.85809 -0.735921 65.15944 20.46752 3.007257 68.43078 17.89981 -0.764719 67.65629 22.4095 5.287933 65.19124 21.84926 4.676877 61.08782 15.48617 -1.182625 61.05443 13.81366 -1.965303 56.56822 18.17615 1.776888 57.15423 -20.83879 -1.430825 75.40777 -20.66845 0.6614447 73.92144 -19.78956 -1.024395 71.77835 -20.37414 3.040619 73.04917 -19.67415 5.523195 70.72277 -17.89981 -0.764719 67.65629 -17.09997 4.668625 64.37255 -20.09806 5.575717 72.88278 -19.81934 8.084044 73.39151 -17.89981 -0.764719 67.65629 -20.46752 3.007257 68.43078 -16.85809 -0.735921 65.15944 -22.4095 5.287933 65.19124 -21.84926 4.676877 61.08782 -15.48617 -1.182625 61.05443 -13.81366 -1.965303 56.56822 -18.17615 1.776888 57.15423 -1.817905 0.01007682 1.65674e-6 -1.855629 0.01274394 1.604342 -2.420736 -2.044779 1.65674e-6 -2.499449 -2.518368 1.496022 -2.737171 -1.82497 3.107888 -3.133684 -2.974331 2.212799 -2.153739 -0.1075804 3.101094 -4.613976 -3.408318 2.683431 -2.557964 -2.011864 3.427704 -1.729345 -0.1320273 3.427704 -1.145257 -0.1240317 6.493066 -4.577167 -2.79616 3.095944 -2.449742 -2.521793 6.490604 -0.7706867 -0.1091995 9.000196 -4.572606 -3.234767 3.427704 -4.739593 -3.800519 6.486277 -2.394572 -2.812856 8.998718 -2.735328 -2.503807 9.420589 -1.260626 -0.1016151 9.420589 -4.873177 -0.1574807 9.420589 -4.803501 -4.081172 8.996438 -4.839523 -3.594547 9.420589 -7.110257 -2.49074 9.420589 -8.538703 -0.239677 9.420589 -7.438905 -2.803019 8.993909 -7.377219 -2.532706 6.481292 -9.0097 -0.251835 8.992483 -7.069539 -2.04989 3.427704 -8.633466 -0.2028291 6.47892 -7.67733 2.784304 8.993718 -6.737318 -1.761796 3.108068 -6.384333 -2.940615 2.256735 -6.946225 -2.492291 1.477326 -7.861363 -0.1260576 3.427704 -7.371869 -0.1014371 3.100873 -7.08792 -2.044379 1.65674e-6 -7.693411 0.01901996 1.65674e-6 -7.626944 0.0344237 1.580825 -6.996776 2.217941 1.65674e-6 -6.890736 2.12619 1.609721 -4.611673 3.459648 1.65674e-6 -6.633114 1.763201 3.108826 -6.971294 2.073704 3.427704 -4.616405 3.352097 1.603866 -2.42023 2.243643 1.65674e-6 -4.580092 2.932462 3.114454 -2.473255 2.161175 1.605096 -1.817905 0.01007682 1.65674e-6 -1.855629 0.01274394 1.604342 -2.153739 -0.1075804 3.101094 -2.588503 1.798561 3.109051 -1.729345 -0.1320273 3.427704 -2.260801 2.100291 3.427704 -1.145257 -0.1240317 6.493066 -4.576868 3.386387 3.427704 -2.018992 2.499749 6.491417 -4.866275 3.825383 6.486039 -7.468904 2.529161 6.48112 -5.02163 4.011033 8.996252 -1.87687 2.710825 8.999193 -0.7706867 -0.1091995 9.000196 -7.350541 2.449018 9.420589 -4.873177 -0.1574807 9.420589 -5.049145 3.489639 9.420589 -2.268666 2.374985 9.420589 -1.260626 -0.1016151 9.420589 2.420736 -2.044779 1.65674e-6 1.855629 0.01274394 1.604342 1.817905 0.01007682 1.65674e-6 2.499449 -2.518368 1.496022 2.737171 -1.82497 3.107888 3.133684 -2.974331 2.212799 2.153739 -0.1075804 3.101094 4.613976 -3.408318 2.683431 2.557964 -2.011864 3.427704 1.729345 -0.1320273 3.427704 1.145257 -0.1240317 6.493066 4.577167 -2.79616 3.095944 2.449742 -2.521793 6.490604 0.7706867 -0.1091995 9.000196 4.572606 -3.234767 3.427704 4.739593 -3.800519 6.486277 2.394572 -2.812856 8.998718 2.735328 -2.503807 9.420589 1.260626 -0.1016151 9.420589 4.873177 -0.1574807 9.420589 4.803501 -4.081172 8.996438 4.839523 -3.594547 9.420589 7.110257 -2.49074 9.420589 8.538703 -0.239677 9.420589 7.438905 -2.803019 8.993909 7.377219 -2.532706 6.481292 9.0097 -0.251835 8.992483 7.069539 -2.04989 3.427704 8.633466 -0.2028291 6.47892 7.67733 2.784304 8.993718 6.737318 -1.761796 3.108068 6.384333 -2.940615 2.256735 6.946225 -2.492291 1.477326 7.861363 -0.1260576 3.427704 7.371869 -0.1014371 3.100873 7.693411 0.01901996 1.65674e-6 7.08792 -2.044379 1.65674e-6 7.468904 2.529161 6.48112 7.626944 0.0344237 1.580825 6.996776 2.217941 1.65674e-6 6.971294 2.073704 3.427704 6.633114 1.763201 3.108826 6.890736 2.12619 1.609721 4.611673 3.459648 1.65674e-6 4.576868 3.386387 3.427704 4.616405 3.352097 1.603866 2.42023 2.243643 1.65674e-6 4.580092 2.932462 3.114454 2.473255 2.161175 1.605096 1.817905 0.01007682 1.65674e-6 1.855629 0.01274394 1.604342 2.153739 -0.1075804 3.101094 2.588503 1.798561 3.109051 1.729345 -0.1320273 3.427704 2.260801 2.100291 3.427704 1.145257 -0.1240317 6.493066 2.018992 2.499749 6.491417 4.866275 3.825383 6.486039 1.87687 2.710825 8.999193 0.7706867 -0.1091995 9.000196 5.02163 4.011033 8.996252 2.268666 2.374985 9.420589 1.260626 -0.1016151 9.420589 4.873177 -0.1574807 9.420589 5.049145 3.489639 9.420589 7.350541 2.449018 9.420589 8.214113 -2.730724 44.12652 9.693666 -3.121156 41.43745 9.034457 -3.150275 41.43547 9.844287 -2.279942 39.8178 9.063593 -2.184018 39.9705 9.83807 -3.656857 39.44366 9.151259 -0.5231719 39.53781 9.927227 -0.8552846 38.83208 10.05432 -0.4962811 39.50719 9.914772 -0.09886258 38.84963 8.951397 2.101444 40.15852 9.578399 2.57802 39.41125 9.634291 2.311472 40.15605 8.765439 4.730459 41.8524 8.936865 5.299712 41.2729 9.117547 4.86141 41.71764 8.956428 5.512747 43.10603 8.867601 5.163384 43.62073 -8.214113 -2.730724 44.12652 -9.034457 -3.359299 41.43547 -9.693666 -3.121156 41.43745 -9.844287 -2.279942 39.8178 -9.83807 -3.656857 39.44366 -9.063593 -2.184018 39.9705 -9.927227 -0.8552846 38.83208 -9.151259 -0.5231719 39.53781 -10.05432 -0.4962811 39.50719 -9.914772 -0.09886258 38.84963 -8.951397 2.101444 40.15852 -9.578399 2.57802 39.41125 -9.634291 2.311472 40.15605 -9.144376 4.150192 41.91209 -8.936865 5.299712 41.2729 -9.117547 4.86141 41.71764 -8.867601 5.163384 43.62073 -8.956428 5.512747 43.10603 -8.485021 -0.6145951 37.34834 -7.630556 -4.768195 39.39973 -9.151259 -0.5231719 39.53781 -8.864376 -3.373038 41.6126 -9.504122 -0.3435789 40.74215 -7.480654 -5.601128 40.75962 -10.14976 -0.3315127 41.06337 -8.755461 -4.339992 44.27891 -7.230349 -5.181853 43.95014 -7.009043 -4.074916 47.14119 -10.03566 -2.824323 42.00341 -11.26266 -0.3167314 41.1329 -8.813939 -4.015296 47.46289 -6.729063 -0.03815102 49.80161 -8.942748 -0.1814728 49.63505 -10.18161 -4.153576 44.40273 -11.21962 -2.591876 42.0424 -12.54185 -0.2717769 40.90386 -10.30715 -3.748047 47.63208 -10.44437 -0.3015491 49.49087 -11.33042 -3.950453 44.32295 -11.78801 -3.34236 47.5011 -12.22539 -0.3123884 49.03474 -12.41378 -2.774729 41.91138 -12.58453 -4.057042 44.31787 -13.23727 -3.234103 46.9193 -13.89007 -0.3068584 48.34387 -15.75763 -0.305523 48.38637 -15.4087 -2.924976 47.08318 -18.14353 -0.3517314 48.32361 -15.17355 -4.02519 44.35022 -18.78956 -3.155988 47.04054 -20.29649 -0.2278487 48.91172 -15.40626 -2.795339 41.91115 -15.7551 -0.2721788 40.79549 -19.03977 -4.224843 44.35079 -20.30823 -3.341269 47.59925 -20.85019 -0.2424874 49.44967 -18.75948 -3.02703 41.95615 -18.1709 -0.3124628 40.85391 -20.31683 -4.637875 44.28409 -20.84555 -3.627014 47.98285 -24.70453 -0.2320667 49.68578 -20.28573 -3.464984 41.30236 -20.32637 -0.1668624 39.99764 -20.83239 -5.025408 44.27302 -24.60957 -3.761187 48.16987 -25.46167 -0.2314688 49.35963 -25.36087 -3.559297 47.9322 -20.78529 -3.767139 40.92728 -20.83286 -0.1767334 39.46694 -24.44703 -5.144473 44.30358 -25.18153 -4.852539 44.28674 -24.29845 -3.945265 40.75598 -24.36059 -0.167159 39.23205 -25.02318 -3.738528 40.93271 -25.08053 -0.1708076 39.49552 0 -4.796636 22.60092 -0.6255013 -0.9556704 22.23348 0 -0.9509131 22.51891 -1.216473 -4.666092 22.66307 -0.4648857 -0.8674855 19.08601 0 -6.0504 23.92971 -2.175486 -4.847466 19.07168 -0.6601623 -0.7729909 14.90723 -1.482741 -5.908653 24.00019 -2.220262 -5.155591 23.18273 -1.637962 -6.696569 26.2982 0 -6.825565 26.30928 -5.03579 -6.234182 26.34665 -5.162993 -6.165654 23.35305 -1.669432 -7.070691 28.27507 0 -7.187603 28.27566 0 -7.350291 31.16229 -1.685653 -7.203886 31.16099 -4.365132 -6.556169 31.15505 -4.909018 -6.349475 28.29509 -6.54862 -4.154099 31.314 -7.230071 -4.281692 28.31864 -8.03563 -4.318274 23.30696 -8.279932 -0.5781777 28.32067 -7.574001 -0.5944461 31.30246 -6.714732 2.846619 31.26812 -5.155188 -5.82762 19.08384 -7.113772 3.149318 28.28526 -4.455142 5.003526 31.08133 -2.20138 -3.834949 14.55865 -4.817066 5.265462 28.32303 -2.120671 5.518757 31.0687 -2.286278 -3.495366 13.5509 -1.779529 -0.6846831 12.19879 -2.313729 5.754559 28.29689 0 5.521655 31.06897 -2.75 -2.390737 8.787302 -1.292731 -0.1131187 9.420589 -2.755313 -2.967977 12.41671 -4.82094 -3.347623 8.528938 -4.990311 -4.052296 12.4227 -7.156749 -2.352557 8.809393 -4.928269 -5.061695 14.47562 -4.884628 -4.769537 13.43424 -7.090106 -2.984982 12.38349 -8.539594 -0.1850661 9.245528 -7.745447 -3.682516 14.59178 -8.288074 -0.5614848 12.076 -7.328351 2.452649 9.236358 -7.620659 -3.455798 13.58906 -7.15871 1.824808 11.67761 -5.059107 3.501059 9.1041 -9.388327 -0.6552494 14.87169 -8.024328 2.894956 15.72105 -4.922772 2.814526 11.45222 -2.30918 2.372584 9.254681 -4.856631 4.208009 16.07388 -2.384135 1.72895 11.65076 -1.292731 -0.1131187 9.420589 -1.779529 -0.6846831 12.19879 -1.416095 2.855912 15.81072 -0.6601623 -0.7729909 14.90723 -0.4648857 -0.8674855 19.08601 -1.240074 3.09278 19.1004 -0.6255013 -0.9556704 22.23348 -4.949514 4.44063 19.11693 -8.199156 3.20762 19.10562 -4.863365 4.593406 23.03649 -1.226996 3.182683 22.59728 0 -0.9509131 22.51891 0 3.004465 23.07598 -2.152132 5.429087 24.0033 0 5.296014 24.12509 0 5.977359 26.10649 -2.321364 5.877439 26.17575 0 5.758524 28.28164 -4.944588 5.477735 26.29527 -4.916906 5.17462 24.25446 -7.469296 3.429697 26.35794 -8.063887 3.343134 23.13117 -9.526377 -0.6587967 23.32641 -9.696152 -0.7394158 19.07047 -8.051169 -4.10818 19.07866 0 5.758524 28.28164 2.313729 5.754559 28.29689 2.120671 5.518757 31.0687 2.321364 5.877439 26.17575 0 5.977359 26.10649 4.817066 5.265462 28.32303 4.455142 5.003526 31.08133 4.944588 5.477735 26.29527 2.152132 5.429087 24.0033 0 5.296014 24.12509 0 3.004465 23.07598 7.113772 3.149318 28.28526 6.714732 2.846619 31.26812 1.226996 3.182683 22.59728 0 -0.9509131 22.51891 0.6255013 -0.9556704 22.23348 8.279932 -0.5781777 28.32067 7.574001 -0.5944461 31.30246 6.54862 -4.154099 31.314 1.240074 3.09278 19.1004 0.4648857 -0.8674855 19.08601 4.863365 4.593406 23.03649 1.416095 2.855912 15.81072 0.6601623 -0.7729909 14.90723 1.779529 -0.6846831 12.19879 4.949514 4.44063 19.11693 2.384135 1.72895 11.65076 1.292731 -0.1131187 9.420589 2.30918 2.372584 9.254681 4.856631 4.208009 16.07388 4.922772 2.814526 11.45222 5.059107 3.501059 9.1041 7.15871 1.824808 11.67761 7.328351 2.452649 9.236358 8.199156 3.20762 19.10562 8.024328 2.894956 15.72105 8.288074 -0.5614848 12.076 8.539594 -0.1850661 9.245528 9.696152 -0.7394158 19.07047 7.090106 -2.984982 12.38349 7.156749 -2.352557 8.809393 9.388327 -0.6552494 14.87169 7.620659 -3.455798 13.58906 4.990311 -4.052296 12.4227 4.82094 -3.347623 8.528938 4.884628 -4.769537 13.43424 7.745447 -3.682516 14.59178 2.755313 -2.967977 12.41671 2.75 -2.390737 8.787302 2.286278 -3.495366 13.5509 1.779529 -0.6846831 12.19879 1.292731 -0.1131187 9.420589 0.6601623 -0.7729909 14.90723 4.928269 -5.061695 14.47562 2.20138 -3.834949 14.55865 2.175486 -4.847466 19.07168 0.4648857 -0.8674855 19.08601 5.155188 -5.82762 19.08384 8.051169 -4.10818 19.07866 5.162993 -6.165654 23.35305 8.03563 -4.318274 23.30696 9.526377 -0.6587967 23.32641 2.220262 -5.155591 23.18273 8.063887 3.343134 23.13117 4.916906 5.17462 24.25446 7.469296 3.429697 26.35794 7.230071 -4.281692 28.31864 5.03579 -6.234182 26.34665 4.909018 -6.349475 28.29509 4.365132 -6.556169 31.15505 1.482741 -5.908653 24.00019 1.669432 -7.070691 28.27507 1.685653 -7.203886 31.16099 1.637962 -6.696569 26.2982 0 -7.187603 28.27566 0 -7.350291 31.16229 0 -6.825565 26.30928 0 -6.0504 23.92971 1.216473 -4.666092 22.66307 0 -4.796636 22.60092 0.6255013 -0.9556704 22.23348 0 -0.9509131 22.51891 -9.151259 -0.5231719 39.53781 -8.116821 4.131229 39.59548 -8.485021 -0.6145951 37.34834 -8.845637 4.2965 42.17728 -7.425257 5.977741 41.87123 -9.504122 -0.3435789 40.74215 -8.665634 5.506951 45.03086 -7.400814 6.225086 45.10367 -9.957432 3.753659 42.29452 -10.14976 -0.3315127 41.06337 -9.979469 4.608488 44.984 -8.799728 4.601035 48.74011 -7.46619 4.914052 48.99725 -8.942748 -0.1814728 49.63505 -6.729063 -0.03815102 49.80161 -10.44437 -0.3015491 49.49087 -10.24935 4.006496 48.51289 -12.22539 -0.3123884 49.03474 -11.93029 3.221066 47.97611 -13.89007 -0.3068584 48.34387 -11.407 4.039115 44.73441 -13.30659 2.96207 47.18343 -11.2817 3.13724 42.26453 -11.26266 -0.3167314 41.1329 -12.72197 3.735692 44.51684 -12.49609 2.800383 42.12679 -12.54185 -0.2717769 40.90386 -15.7551 -0.2721788 40.79549 -16.25322 2.844383 42.13538 -18.1709 -0.3124628 40.85391 -16.28337 3.679308 44.47496 -17.45489 3.198103 42.04033 -20.32637 -0.1668624 39.99764 -16.25502 2.853522 47.05553 -15.75763 -0.305523 48.38637 -17.24489 4.170108 44.4679 -17.44121 3.212316 47.14875 -18.14353 -0.3517314 48.32361 -20.29106 3.541163 41.34458 -20.37273 4.601792 44.347 -20.27946 3.547032 47.58827 -20.29649 -0.2278487 48.91172 -20.79361 3.833971 40.97016 -20.83286 -0.1767334 39.46694 -24.36059 -0.167159 39.23205 -20.89278 4.980772 44.34226 -20.82171 3.841529 47.97044 -20.85019 -0.2424874 49.44967 -24.70453 -0.2320667 49.68578 -25.46167 -0.2314688 49.35963 -25.38244 3.64025 47.91905 -24.62551 3.894652 48.15606 -25.25935 4.70628 44.34622 -24.52533 5.032991 44.36791 -25.05238 3.624158 40.94269 -24.3258 3.878838 40.77122 -25.08053 -0.1708076 39.49552 25.46167 -0.2314688 49.35963 25.36087 -3.559297 47.9322 26.87689 -0.2063149 49.69794 26.67961 -4.31438 48.23491 25.18153 -4.852539 44.28674 31.58874 -0.1172927 49.31072 26.46839 -5.750629 44.20849 25.02318 -3.738528 40.93271 31.25082 -4.489235 47.87598 26.27839 -4.170115 39.57007 25.08053 -0.1708076 39.49552 26.37399 -0.09453988 38.53269 33.53402 -4.328488 46.20948 34.3519 -0.03588056 47.00272 30.37885 -4.536319 39.1616 30.45967 0.02512574 38.26914 30.56725 -5.957669 43.45647 33.81258 -4.397738 42.00743 34.60951 -0.03845214 41.50796 25.08053 -0.1708076 39.49552 25.02318 -3.738528 40.93271 24.36059 -0.167159 39.23205 24.29845 -3.945265 40.75598 25.18153 -4.852539 44.28674 20.83286 -0.1767334 39.46694 24.44703 -5.144473 44.30358 25.36087 -3.559297 47.9322 20.78529 -3.767139 40.92728 20.32637 -0.1668624 39.99764 20.83239 -5.025408 44.27302 24.60957 -3.761187 48.16987 25.46167 -0.2314688 49.35963 24.70453 -0.2320667 49.68578 20.28573 -3.464984 41.30236 18.1709 -0.3124628 40.85391 20.84555 -3.627014 47.98285 20.85019 -0.2424874 49.44967 20.31683 -4.637875 44.28409 18.75948 -3.02703 41.95615 15.7551 -0.2721788 40.79549 20.30823 -3.341269 47.59925 20.29649 -0.2278487 48.91172 19.03977 -4.224843 44.35079 15.40626 -2.795339 41.91115 12.54185 -0.2717769 40.90386 18.78956 -3.155988 47.04054 18.14353 -0.3517314 48.32361 15.17355 -4.02519 44.35022 15.4087 -2.924976 47.08318 15.75763 -0.305523 48.38637 12.41378 -2.774729 41.91138 12.58453 -4.057042 44.31787 13.23727 -3.234103 46.9193 13.89007 -0.3068584 48.34387 12.22539 -0.3123884 49.03474 11.78801 -3.34236 47.5011 10.44437 -0.3015491 49.49087 11.33042 -3.950453 44.32295 10.30715 -3.748047 47.63208 8.942748 -0.1814728 49.63505 11.21962 -2.591876 42.0424 11.26266 -0.3167314 41.1329 10.18161 -4.153576 44.40273 8.813939 -4.015296 47.46289 6.729063 -0.03815102 49.80161 7.009043 -4.074916 47.14119 10.03566 -2.824323 42.00341 10.14976 -0.3315127 41.06337 8.755461 -4.339992 44.27891 7.230349 -5.181853 43.95014 7.480654 -5.601128 40.75962 8.864376 -3.373038 41.6126 9.504122 -0.3435789 40.74215 7.630556 -4.768195 39.39973 9.151259 -0.5231719 39.53781 8.485021 -0.6145951 37.34834 8.485021 -0.6145951 37.34834 8.116821 4.131229 39.59548 9.151259 -0.5231719 39.53781 8.845637 4.2965 42.17728 9.504122 -0.3435789 40.74215 7.425257 5.977741 41.87123 9.957432 3.753659 42.29452 10.14976 -0.3315127 41.06337 8.665634 5.506951 45.03086 7.400814 6.225086 45.10367 9.979469 4.608488 44.984 11.2817 3.13724 42.26453 11.26266 -0.3167314 41.1329 11.407 4.039115 44.73441 12.49609 2.800383 42.12679 12.54185 -0.2717769 40.90386 15.7551 -0.2721788 40.79549 12.72197 3.735692 44.51684 16.25322 2.844383 42.13538 18.1709 -0.3124628 40.85391 13.30659 2.96207 47.18343 17.45489 3.198103 42.04033 20.32637 -0.1668624 39.99764 16.28337 3.679308 44.47496 20.29106 3.541163 41.34458 17.24489 4.170108 44.4679 16.25502 2.853522 47.05553 11.93029 3.221066 47.97611 13.89007 -0.3068584 48.34387 15.75763 -0.305523 48.38637 12.22539 -0.3123884 49.03474 17.44121 3.212316 47.14875 18.14353 -0.3517314 48.32361 10.24935 4.006496 48.51289 10.44437 -0.3015491 49.49087 8.799728 4.601035 48.74011 8.942748 -0.1814728 49.63505 7.46619 4.914052 48.99725 6.729063 -0.03815102 49.80161 20.27946 3.547032 47.58827 20.29649 -0.2278487 48.91172 20.37273 4.601792 44.347 20.82171 3.841529 47.97044 20.85019 -0.2424874 49.44967 24.70453 -0.2320667 49.68578 20.89278 4.980772 44.34226 20.79361 3.833971 40.97016 20.83286 -0.1767334 39.46694 24.36059 -0.167159 39.23205 24.62551 3.894652 48.15606 25.46167 -0.2314688 49.35963 25.38244 3.64025 47.91905 25.25935 4.70628 44.34622 24.52533 5.032991 44.36791 25.05238 3.624158 40.94269 24.3258 3.878838 40.77122 25.08053 -0.1708076 39.49552 -25.46167 -0.2314688 49.35963 -26.87689 -0.2063149 49.69794 -25.36087 -3.559297 47.9322 -26.67961 -4.31438 48.23491 -25.18153 -4.852539 44.28674 -31.58874 -0.1172927 49.31072 -26.46839 -5.750629 44.20849 -25.02318 -3.738528 40.93271 -31.25082 -4.489235 47.87598 -26.27839 -4.170115 39.57007 -25.08053 -0.1708076 39.49552 -26.37399 -0.09453988 38.53269 -30.56725 -5.957669 43.45647 -30.37885 -4.536319 39.1616 -30.45967 0.02512574 38.26914 -33.53402 -4.328488 46.20948 -34.3519 -0.03588056 47.00272 -33.81258 -4.397738 42.00743 -34.60951 -0.03845214 41.50796 0 -3.244806 50.87087 2.898873 -8.225655 49.13395 0 -9.051451 48.80168 3.076313 -2.822181 51.23955 7.004109 -6.012641 50.26222 0 0.92081 52.38681 5.767826 0.970877 52.85832 11.18165 -3.238803 52.20904 0 7.002975 54.48933 4.688116 5.710997 54.44809 8.682615 3.940261 55.16403 10.27168 1.02826 54.55931 12.48748 -2.422818 54.2656 13.41426 1.356334 57.44291 13.81366 -1.965303 56.56822 5.611516 19.265 64.2088 0 14.15151 58.03687 0 19.99305 64.22003 5.246505 13.26979 57.96363 0 7.002975 54.48933 11.53699 16.30969 64.20235 4.688116 5.710997 54.44809 9.062043 11.02714 57.91348 15.77739 11.20678 64.29314 8.682615 3.940261 55.16403 11.84165 7.144826 57.67818 17.09997 4.668625 64.37255 13.41426 1.356334 57.44291 0 -9.051451 48.80168 -2.898873 -8.225655 49.13395 0 -3.244806 50.87087 -3.076313 -2.822181 51.23955 -7.004109 -6.012641 50.26222 0 0.92081 52.38681 -5.767826 0.970877 52.85832 -11.18165 -3.238803 52.20904 -4.688116 5.710997 54.44809 0 7.002975 54.48933 -8.682615 3.940261 55.16403 -10.27168 1.02826 54.55931 -12.48748 -2.422818 54.2656 -13.41426 1.356334 57.44291 -13.81366 -1.965303 56.56822 0 19.99305 64.22003 0 14.15151 58.03687 -5.611516 19.265 64.2088 -5.246505 13.26979 57.96363 0 7.002975 54.48933 -11.53699 16.30969 64.20235 -4.688116 5.710997 54.44809 -9.062043 11.02714 57.91348 -15.77739 11.20678 64.29314 -8.682615 3.940261 55.16403 -11.84165 7.144826 57.67818 -17.09997 4.668625 64.37255 -13.41426 1.356334 57.44291 20.83879 -1.430825 75.40777 20.88994 -3.099991 77.35939 20.2671 -5.053518 76.64345 20.80178 -4.145699 79.71501 19.48576 -6.459241 83.79331 20.56525 -4.591164 82.35688 20.02689 -4.306763 84.88899 18.54108 -9.431083 81.13127 19.04429 -7.829797 75.24916 18.49863 -4.852026 87.64878 19.36434 -3.298998 87.03453 18.70968 -1.875056 88.9081 16.37706 -13.44131 76.23517 16.37633 -13.37775 72.30474 17.90532 -3.15002 89.62136 18.07327 -0.1235535 90.33338 16.92955 -6.973157 88.4252 15.79641 -11.04353 85.38125 14.02888 -7.54492 90.95616 14.76634 -14.16905 81.00539 12.97828 -12.45806 87.58072 13.65631 -15.45011 76.73314 12.858 -15.70531 71.54625 9.339613 -16.50025 82.85573 8.808859 -17.71002 77.04526 3.667886 -19.37132 77.17393 3.961002 -18.19236 83.54612 10.07539 -13.5002 89.01005 0.882821 -19.92166 77.15022 1.417076 -18.57763 83.61836 0 -19.76065 73.10218 -0.882821 -19.92166 77.15022 0 -19.44932 77.1582 0 -17.77988 83.36283 -3.667886 -19.37132 77.17393 -1.417076 -18.57763 83.61836 0 -14.84433 89.34027 1.864906 -14.99329 89.87677 -1.864906 -14.99329 89.87677 4.440581 -14.56827 89.94361 0 -9.008038 93.03022 1.739875 -9.253853 93.98188 4.585506 -8.987732 94.08531 10.66186 -8.200394 92.57144 1.596462 -2.69234 95.8692 14.69584 -2.184928 92.91132 4.645971 -2.724955 96.13757 10.80936 -2.438535 94.67369 17.25141 -0.8232289 91.24752 16.70883 1.927952 92.06555 17.49591 2.205682 91.10804 10.73494 4.614679 95.30023 16.37427 4.516438 92.19153 17.13872 4.538567 91.42412 14.8966 4.737766 93.38898 16.86437 6.981372 90.98924 16.23094 7.18332 91.75093 14.78332 10.21076 92.31777 16.07427 9.724744 91.18163 16.72661 9.350895 90.37123 14.83122 12.78626 90.93663 15.95617 12.13488 90.03572 16.70118 11.55402 89.17137 16.79806 13.07139 87.24482 10.6663 11.20234 94.1243 16.13004 13.93013 87.97888 17.07246 14.04436 84.8738 14.94879 14.80084 88.83911 16.41282 15.41948 84.9544 16.87059 15.83455 82.30747 17.38822 14.60894 82.58004 15.29923 16.61693 85.00366 10.93869 16.58124 90.13396 11.20038 19.21658 85.18825 15.66033 17.14701 81.95639 17.45667 15.33358 79.5801 17.86612 14.28428 80.05474 18.3983 13.41753 77.7452 4.793707 17.73641 90.84761 18.09132 14.25535 76.87059 18.98241 12.06497 75.8226 4.573735 11.62684 95.23054 18.99375 11.4192 73.30634 19.38776 10.35096 74.45125 19.81934 8.084044 73.39151 19.67415 5.523195 70.72277 15.77739 11.20678 64.29314 17.09997 4.668625 64.37255 17.816 12.88541 71.14492 11.53699 16.30969 64.20235 16.79668 15.64365 75.0128 12.71365 18.3621 71.14455 16.18334 17.03218 78.67018 11.78436 20.2107 78.28773 5.867756 22.00542 71.18933 5.611516 19.265 64.2088 0 19.99305 64.22003 5.776559 22.23825 78.44173 5.265317 20.84618 85.53918 0.852018 22.82101 78.46272 1.4042 17.93172 90.75467 1.336176 21.06686 85.54014 0 20.38931 85.25756 0 22.87516 71.22734 0 22.20033 78.25312 -5.867756 22.00542 71.18933 -5.611516 19.265 64.2088 -0.852018 22.82101 78.46272 -11.53699 16.30969 64.20235 -1.336176 21.06686 85.54014 -5.776559 22.23825 78.44173 -12.71365 18.3621 71.14455 -11.78436 20.2107 78.28773 -5.265317 20.84618 85.53918 -17.816 12.88541 71.14492 -15.77739 11.20678 64.29314 -17.09997 4.668625 64.37255 -19.67415 5.523195 70.72277 -1.4042 17.93172 90.75467 -18.99375 11.4192 73.30634 -19.81934 8.084044 73.39151 -19.38776 10.35096 74.45125 -18.98241 12.06497 75.8226 -18.09132 14.25535 76.87059 -18.3983 13.41753 77.7452 -16.79668 15.64365 75.0128 -17.45667 15.33358 79.5801 -17.86612 14.28428 80.05474 -16.18334 17.03218 78.67018 -17.38822 14.60894 82.58004 -15.66033 17.14701 81.95639 -16.87059 15.83455 82.30747 -17.07246 14.04436 84.8738 -11.20038 19.21658 85.18825 -15.29923 16.61693 85.00366 -16.41282 15.41948 84.9544 -16.13004 13.93013 87.97888 -16.79806 13.07139 87.24482 -14.94879 14.80084 88.83911 -15.95617 12.13488 90.03572 -16.70118 11.55402 89.17137 -16.72661 9.350895 90.37123 -10.93869 16.58124 90.13396 -16.07427 9.724744 91.18163 -16.86437 6.981372 90.98924 -14.83122 12.78626 90.93663 -16.23094 7.18332 91.75093 -4.793707 17.73641 90.84761 -10.6663 11.20234 94.1243 -14.78332 10.21076 92.31777 -4.573735 11.62684 95.23054 -10.73494 4.614679 95.30023 -14.8966 4.737766 93.38898 -16.37427 4.516438 92.19153 -17.13872 4.538567 91.42412 -17.49591 2.205682 91.10804 -16.70883 1.927952 92.06555 -18.07327 -0.1235535 90.33338 -14.69584 -2.184928 92.91132 -17.25141 -0.8232289 91.24752 -17.90532 -3.15002 89.62136 -18.70968 -1.875056 88.9081 -10.80936 -2.438535 94.67369 -18.49863 -4.852026 87.64878 -19.36434 -3.298998 87.03453 -20.02689 -4.306763 84.88899 -4.530713 4.496675 96.51608 -19.48576 -6.459241 83.79331 -20.56525 -4.591164 82.35688 -20.80178 -4.145699 79.71501 -16.92955 -6.973157 88.4252 -14.02888 -7.54492 90.95616 -15.79641 -11.04353 85.38125 -20.2671 -5.053518 76.64345 -20.88994 -3.099991 77.35939 -20.83879 -1.430825 75.40777 -18.54108 -9.431083 81.13127 -19.04429 -7.829797 75.24916 -16.37706 -13.44131 76.23517 -16.37633 -13.37775 72.30474 -14.76634 -14.16905 81.00539 -13.65631 -15.45011 76.73314 -12.858 -15.70531 71.54625 -12.97828 -12.45806 87.58072 -9.339613 -16.50025 82.85573 -8.808859 -17.71002 77.04526 -10.07539 -13.5002 89.01005 -3.961002 -18.19236 83.54612 -4.440581 -14.56827 89.94361 -10.66186 -8.200394 92.57144 -4.585506 -8.987732 94.08531 -1.739875 -9.253853 93.98188 -4.645971 -2.724955 96.13757 -1.596462 -2.69234 95.8692 0 -2.522221 94.92134 -1.531986 4.435206 96.34378 1.531986 4.435206 96.34378 0 4.427544 95.57704 -1.493009 11.44124 95.22412 0 11.1684 94.42973 1.493009 11.44124 95.22412 4.530713 4.496675 96.51608 0 17.46115 90.41542 -1.672991 -7.31369 32.52496 0 -7.513912 32.52919 0 -7.815538 33.81682 -1.677621 -7.617458 33.82748 -3.440547 -7.036046 32.52652 -4.138577 -6.825723 32.52526 -4.137076 -7.135816 33.89992 -3.459303 -7.285888 33.87613 -3.933276 -7.351184 35.51734 -3.27049 -7.577942 35.48004 -1.558868 -7.858973 35.47012 0 -7.947889 35.47039 -2.726401 -7.719176 36.40829 -3.234354 -7.633258 36.8107 -2.15519 -7.929731 36.80403 -1.9186 -7.965522 37.59483 -1.152861 -8.002425 37.11481 0 -8.040482 37.22087 -0.8561581 -8.039488 37.79497 0 -8.072546 37.82705 8.214113 -2.730724 44.12652 11.43463 -3.56578 42.56892 9.693666 -3.121156 41.43745 10.31546 -3.384811 45.99866 13.25965 -4.018381 43.91485 9.443659 -0.3731802 47.52013 7.828552 -0.09206902 45.11695 7.885419 2.807444 45.49549 8.867601 5.163384 43.62073 9.954894 5.228414 44.1482 9.336239 2.994952 46.74737 12.46173 4.871157 45.15709 11.80388 3.113131 47.87514 15.09481 4.393106 46.17108 11.75916 -0.3597116 48.57205 14.66596 2.929008 48.59489 12.29852 -3.416772 47.07583 14.51694 -0.3708819 49.22884 14.72923 -3.335798 47.8086 15.02383 -3.990337 44.91073 18.7332 -0.3945485 49.77555 18.62441 -2.928488 48.7187 18.70034 -3.564536 47.25429 21.85529 -2.402036 48.95806 22.61367 -1.573854 49.3729 22.91492 -0.4650827 49.49258 22.52345 0.6568161 49.337 18.84907 2.17253 49.41989 21.64842 1.787285 49.06069 18.94377 3.293692 47.94037 4.138577 -6.825723 32.52526 4.137076 -7.135816 33.89992 3.440547 -7.036046 32.52652 3.459303 -7.285888 33.87613 3.933276 -7.351184 35.51734 1.677621 -7.617458 33.82748 1.672991 -7.31369 32.52496 3.27049 -7.577942 35.48004 0 -7.815538 33.81682 0 -7.513912 32.52919 2.726401 -7.719176 36.40829 3.234354 -7.633258 36.8107 1.558868 -7.858973 35.47012 0 -7.947889 35.47039 2.15519 -7.929731 36.80403 1.9186 -7.965522 37.59483 1.152861 -8.002425 37.11481 0 -8.040482 37.22087 0.8561581 -8.039488 37.79497 0 -8.072546 37.82705 -8.214113 -2.730724 44.12652 -9.693666 -3.121156 41.43745 -11.43463 -3.56578 42.56892 -10.31546 -3.384811 45.99866 -13.25965 -4.018381 43.91485 -9.443659 -0.3731802 47.52013 -7.828552 -0.09206902 45.11695 -7.885419 2.807444 45.49549 -8.867601 5.163384 43.62073 -9.954894 5.228414 44.1482 -9.336239 2.994952 46.74737 -12.46173 4.871157 45.15709 -11.80388 3.113131 47.87514 -15.09481 4.393106 46.17108 -11.75916 -0.3597116 48.57205 -14.66596 2.929008 48.59489 -12.29852 -3.416772 47.07583 -14.51694 -0.3708819 49.22884 -14.72923 -3.335798 47.8086 -15.02383 -3.990337 44.91073 -18.7332 -0.3945485 49.77555 -18.84907 2.17253 49.41989 -18.94377 3.293692 47.94037 -21.64842 1.787285 49.06069 -22.52345 0.6568161 49.337 -22.91492 -0.4650827 49.49258 -22.61367 -1.573854 49.3729 -18.62441 -2.928488 48.7187 -21.85529 -2.402036 48.95806 -18.70034 -3.564536 47.25429 1.858214 -8.692553 39.08557 4.929613 -7.903918 38.55482 1.861168 -8.653677 40.21888 4.873013 -8.112928 39.94532 7.607916 -6.539737 38.89594 4.700717 -8.033963 41.48012 1.957664 -8.430792 41.12437 3.524776 -7.858476 42.58409 5.027557 -7.15141 43.75825 7.521164 -6.900427 40.40384 5.881829 -7.21982 42.87575 6.734201 -6.66428 43.9133 8.072234 -6.510043 43.06749 6.704689 -7.221621 41.96546 9.272459 -5.92527 41.62162 9.544463 -5.498478 40.21931 20.37414 3.040619 73.04917 24.13916 3.755178 75.0543 20.66845 0.6614447 73.92144 24.32 1.711335 75.88797 20.83879 -1.430825 75.40777 24.5665 1.287152 77.17537 24.23722 4.983009 75.67716 24.12388 5.092074 76.63662 24.41215 1.856512 77.94828 24.33512 -0.07336986 77.1993 20.88994 -3.099991 77.35939 24.28472 -1.236302 80.26817 24.16546 -0.3526664 80.65587 24.17774 -1.466261 78.91397 20.80178 -4.145699 79.71501 23.86417 -2.387156 80.90361 20.56525 -4.591164 82.35688 23.46737 -1.911193 84.12677 23.44991 -0.9435054 84.03392 23.41074 -2.755871 83.03983 20.02689 -4.306763 84.88899 22.85251 -2.566201 85.17464 19.36434 -3.298998 87.03453 22.22452 -1.811945 87.16003 18.70968 -1.875056 88.9081 22.33346 -0.5566874 87.71733 22.45722 0.2423076 87.17729 21.57119 -0.5625367 88.86798 18.07327 -0.1235535 90.33338 20.93692 1.112592 90.17055 17.49591 2.205682 91.10804 21.18683 2.464279 90.07772 21.45339 2.887034 89.24372 20.36356 3.086968 90.99402 17.13872 4.538567 91.42412 20.7074 6.282019 89.67948 19.89296 5.234119 91.26473 16.86437 6.981372 90.98924 20.33471 6.342239 90.5755 20.41912 9.517582 88.36785 19.55319 7.404426 90.98307 16.72661 9.350895 90.37123 20.00543 10.0381 89.07727 19.37235 9.44827 90.14939 16.70118 11.55402 89.17137 20.66581 11.72675 85.66027 19.35722 11.23298 88.83806 16.79806 13.07139 87.24482 20.28721 12.56155 85.9845 19.51461 12.62587 87.12339 17.07246 14.04436 84.8738 21.38137 12.3176 82.28222 19.82817 13.54676 85.13376 17.38822 14.60894 82.58004 21.10456 13.23644 82.12587 20.28161 13.91548 82.99753 17.86612 14.28428 80.05474 22.37406 11.13178 79.13884 20.83984 13.72581 80.86271 18.3983 13.41753 77.7452 22.23847 11.88193 78.53533 21.46783 12.97155 78.87734 18.98241 12.06497 75.8226 23.37788 8.487056 77.0724 22.12116 11.72214 77.16937 19.38776 10.35096 74.45125 23.3851 8.860969 76.17493 24.12388 5.092074 76.63662 24.23722 4.983009 75.67716 22.75543 10.04701 75.86681 19.81934 8.084044 73.39151 23.3288 8.072637 75.04335 23.7994 5.925486 74.77263 24.13916 3.755178 75.0543 20.09806 5.575717 72.88278 20.37414 3.040619 73.04917 -20.37414 3.040619 73.04917 -20.66845 0.6614447 73.92144 -24.13916 3.755178 75.0543 -24.32 1.711335 75.88797 -20.83879 -1.430825 75.40777 -24.5665 1.287152 77.17537 -24.23722 4.983009 75.67716 -24.12388 5.092074 76.63662 -24.41215 1.856512 77.94828 -24.33512 -0.07336986 77.1993 -20.88994 -3.099991 77.35939 -24.28472 -1.236302 80.26817 -24.16546 -0.3526664 80.65587 -24.17774 -1.466261 78.91397 -20.80178 -4.145699 79.71501 -23.46737 -1.911193 84.12677 -23.86417 -2.387156 80.90361 -20.56525 -4.591164 82.35688 -23.44991 -0.9435054 84.03392 -23.41074 -2.755871 83.03983 -20.02689 -4.306763 84.88899 -22.85251 -2.566201 85.17464 -19.36434 -3.298998 87.03453 -22.22452 -1.811945 87.16003 -18.70968 -1.875056 88.9081 -22.33346 -0.5566874 87.71733 -22.45722 0.2423076 87.17729 -21.57119 -0.5625367 88.86798 -18.07327 -0.1235535 90.33338 -20.93692 1.112592 90.17055 -17.49591 2.205682 91.10804 -21.18683 2.464279 90.07772 -21.45339 2.887034 89.24372 -20.7074 6.282019 89.67948 -20.36356 3.086968 90.99402 -17.13872 4.538567 91.42412 -20.33471 6.342239 90.5755 -19.89296 5.234119 91.26473 -16.86437 6.981372 90.98924 -20.41912 9.517582 88.36785 -19.55319 7.404426 90.98307 -16.72661 9.350895 90.37123 -19.37235 9.44827 90.14939 -16.70118 11.55402 89.17137 -20.00543 10.0381 89.07727 -20.66581 11.72675 85.66027 -19.35722 11.23298 88.83806 -16.79806 13.07139 87.24482 -19.51461 12.62587 87.12339 -17.07246 14.04436 84.8738 -20.28721 12.56155 85.9845 -21.38137 12.3176 82.28222 -19.82817 13.54676 85.13376 -17.38822 14.60894 82.58004 -21.10456 13.23644 82.12587 -20.28161 13.91548 82.99753 -17.86612 14.28428 80.05474 -22.37406 11.13178 79.13884 -20.83984 13.72581 80.86271 -18.3983 13.41753 77.7452 -22.23847 11.88193 78.53533 -21.46783 12.97155 78.87734 -18.98241 12.06497 75.8226 -23.37788 8.487056 77.0724 -22.12116 11.72214 77.16937 -19.38776 10.35096 74.45125 -23.3851 8.860969 76.17493 -24.12388 5.092074 76.63662 -24.23722 4.983009 75.67716 -22.75543 10.04701 75.86681 -19.81934 8.084044 73.39151 -23.3288 8.072637 75.04335 -23.7994 5.925486 74.77263 -24.13916 3.755178 75.0543 -20.09806 5.575717 72.88278 -20.37414 3.040619 73.04917 5.685057 3.748773 31.2028 6.545776 3.826498 29.57352 7.177811 -0.6023399 30.98398 7.826775 -0.7116371 29.42743 4.365132 -6.556169 31.15505 5.286306 -6.206241 29.30922 8.804086 -0.8792856 26.77417 7.542896 3.767105 26.69623 6.844857 -5.688529 25.98743 8.486186 3.191096 23.37655 9.590527 -0.7922911 24.07265 8.014002 -4.887124 23.30889 9.250929 2.235269 21.01326 9.081164 -3.687919 20.80532 9.698699 0.9930773 19.64553 9.668686 -2.430712 19.5999 9.942925 -0.6500717 19.10287 -5.685057 3.748773 31.2028 -7.177811 -0.6023399 30.98398 -6.545776 3.826498 29.57352 -7.826775 -0.7116371 29.42743 -4.365132 -6.556169 31.15505 -5.286306 -6.206241 29.30922 -8.804086 -0.8792856 26.77417 -7.542896 3.767105 26.69623 -6.844857 -5.688529 25.98743 -8.486186 3.191096 23.37655 -9.590527 -0.7922911 24.07265 -8.014002 -4.887124 23.30889 -9.250929 2.235269 21.01326 -9.081164 -3.687919 20.80532 -9.698699 0.9930773 19.64553 -9.668686 -2.430712 19.5999 -9.942925 -0.6500717 19.10287 -2.420736 -2.044779 1.65674e-6 -2.499449 -2.518368 1.496022 -3.530794 -4.668155 1.65674e-6 -3.621716 -4.657182 1.00001 -3.133684 -2.974331 2.212799 -4.724241 -5.632931 0.7262083 -4.728633 -5.805025 1.65674e-6 -4.685706 -4.667215 1.741793 -4.613976 -3.408318 2.683431 -5.980267 -4.668534 1.65674e-6 -6.384333 -2.940615 2.256735 -5.857803 -4.644978 0.9976711 -6.946225 -2.492291 1.477326 -7.08792 -2.044379 1.65674e-6 3.530794 -4.668155 1.65674e-6 2.499449 -2.518368 1.496022 2.420736 -2.044779 1.65674e-6 3.621716 -4.657182 1.00001 3.133684 -2.974331 2.212799 4.724241 -5.632931 0.7262083 4.728633 -5.805025 1.65674e-6 4.685706 -4.667215 1.741793 4.613976 -3.408318 2.683431 5.980267 -4.668534 1.65674e-6 6.384333 -2.940615 2.256735 5.857803 -4.644978 0.9976711 6.946225 -2.492291 1.477326 7.08792 -2.044379 1.65674e-6 5.685057 3.748773 31.2028 6.80751 3.234066 31.07303 6.545776 3.826498 29.57352 7.456183 3.232046 29.76449 8.395356 1.583405 29.99656 7.452079 1.401452 31.09535 7.902055 -0.7731209 31.11844 8.011145 3.243204 28.41932 7.542896 3.767105 26.69623 9.068545 1.655795 28.63508 8.638959 -0.8593295 30.00517 7.026562 -4.489372 31.13662 8.536116 3.14776 26.84408 7.826387 -4.355508 29.81091 5.695847 -5.766552 31.14584 9.551405 1.733545 27.12813 9.047985 2.990965 25.17716 8.486186 3.191096 23.37655 9.273672 -0.8806723 28.75809 9.99403 1.679137 25.45508 9.923516 -0.8814003 27.24402 9.454584 2.700531 23.72026 9.764143 2.340243 22.57265 9.250929 2.235269 21.01326 10.22949 1.525522 23.92786 10.39153 -0.880622 25.65201 8.464058 -4.152546 28.40324 9.209207 -3.946445 26.70385 7.21612 -5.573802 28.08227 6.512556 -5.6937 29.53648 4.365132 -6.556169 31.15505 5.286306 -6.206241 29.30922 6.844857 -5.688529 25.98743 7.919725 -5.29121 26.35336 8.596379 -4.877122 24.96104 8.014002 -4.887124 23.30889 9.684953 -3.663218 25.3298 9.201361 -4.425267 23.61982 10.66238 -0.8239722 24.17448 10.06961 -3.408019 23.88363 10.83724 -0.7565063 22.88882 9.61021 -3.975938 22.5403 9.081164 -3.687919 20.80532 10.33389 -3.065439 22.69886 10.05211 -3.241801 21.34593 10.37552 -2.084647 20.31525 9.668686 -2.430712 19.5999 10.52861 -2.58279 21.71379 9.942925 -0.6500717 19.10287 10.40719 1.276682 22.75604 10.5507 0.8320277 21.70538 10.84681 -0.7492923 21.8647 10.66264 -1.598211 20.95573 10.48788 -0.7044348 19.87271 10.71728 -0.7133368 20.64798 10.35851 0.5534973 20.36026 9.698699 0.9930773 19.64553 10.66653 0.2070851 20.9601 10.06855 1.614326 21.357 -6.545776 3.826498 29.57352 -6.80751 3.234066 31.07303 -5.685057 3.748773 31.2028 -7.456183 3.232046 29.76449 -8.395356 1.583405 29.99656 -7.452079 1.401452 31.09535 -7.902055 -0.7731209 31.11844 -8.011145 3.243204 28.41932 -7.542896 3.767105 26.69623 -9.068545 1.655795 28.63508 -8.638959 -0.8593295 30.00517 -7.026562 -4.489372 31.13662 -8.536116 3.14776 26.84408 -7.826387 -4.355508 29.81091 -5.695847 -5.766552 31.14584 -9.047985 2.990965 25.17716 -8.486186 3.191096 23.37655 -9.551405 1.733545 27.12813 -9.273672 -0.8806723 28.75809 -9.99403 1.679137 25.45508 -9.923516 -0.8814003 27.24402 -8.464058 -4.152546 28.40324 -9.454584 2.700531 23.72026 -10.39153 -0.880622 25.65201 -9.764143 2.340243 22.57265 -9.250929 2.235269 21.01326 -10.22949 1.525522 23.92786 -10.06855 1.614326 21.357 -9.698699 0.9930773 19.64553 -10.40719 1.276682 22.75604 -10.35851 0.5534973 20.36026 -9.942925 -0.6500717 19.10287 -10.5507 0.8320277 21.70538 -10.66653 0.2070851 20.9601 -10.48788 -0.7044348 19.87271 -10.71728 -0.7133368 20.64798 -10.84681 -0.7492923 21.8647 -10.83724 -0.7565063 22.88882 -10.66264 -1.598211 20.95573 -10.52861 -2.58279 21.71379 -10.37552 -2.084647 20.31525 -9.668686 -2.430712 19.5999 -9.081164 -3.687919 20.80532 -10.05211 -3.241801 21.34593 -10.33389 -3.065439 22.69886 -9.61021 -3.975938 22.5403 -8.014002 -4.887124 23.30889 -9.201361 -4.425267 23.61982 -10.06961 -3.408019 23.88363 -10.66238 -0.8239722 24.17448 -9.684953 -3.663218 25.3298 -8.596379 -4.877122 24.96104 -6.844857 -5.688529 25.98743 -9.209207 -3.946445 26.70385 -7.919725 -5.29121 26.35336 -7.21612 -5.573802 28.08227 -5.286306 -6.206241 29.30922 -6.512556 -5.6937 29.53648 -4.365132 -6.556169 31.15505 23.37788 8.487056 77.0724 44.26983 9.919853 89.83887 24.12388 5.092074 76.63662 22.37406 11.13178 79.13884 21.38137 12.3176 82.28222 20.66581 11.72675 85.66027 20.41912 9.517582 88.36785 20.7074 6.282019 89.67948 21.45339 2.887034 89.24372 22.45722 0.2423076 87.17729 23.44991 -0.9435054 84.03392 24.16546 -0.3526664 80.65587 24.41215 1.856512 77.94828 24.12388 5.092074 76.63662 -24.12388 5.092074 76.63662 -44.26983 9.919853 89.83887 -23.37788 8.487056 77.0724 -22.37406 11.13178 79.13884 -21.38137 12.3176 82.28222 -20.66581 11.72675 85.66027 -20.41912 9.517582 88.36785 -20.7074 6.282019 89.67948 -21.45339 2.887034 89.24372 -22.45722 0.2423076 87.17729 -23.44991 -0.9435054 84.03392 -24.16546 -0.3526664 80.65587 -24.41215 1.856512 77.94828 -24.12388 5.092074 76.63662 9.544463 -5.498478 40.21931 9.804502 -4.557722 39.84508 11.31518 -4.490179 42.20409 10.57994 -5.24755 43.2625 9.265577 -4.777854 39.19769 9.272459 -5.92527 41.62162 7.607916 -6.539737 38.89594 9.188584 -5.719711 44.40184 7.504304 -5.761476 38.11422 8.072234 -6.510043 43.06749 4.929613 -7.903918 38.55482 6.734201 -6.66428 43.9133 4.97519 -7.173195 37.85031 7.863294 -5.80983 45.26372 1.931513 -8.095499 38.31351 6.760761 -5.694991 45.78947 1.858214 -8.692553 39.08557 5.027557 -7.15141 43.75825 0.3946941 -8.094161 38.55449 5.601773 -5.518059 46.2442 0.4085047 -8.246369 39.3057 3.928039 -6.667698 44.51075 1.861168 -8.653677 40.21888 3.524776 -7.858476 42.58409 0.4668194 -8.256796 40.23919 2.532316 -7.341871 42.97465 0.5481271 -8.10478 40.83868 1.957664 -8.430792 41.12437 -5.980267 -4.668534 1.65674e-6 -4.731534 -4.671771 1.65674e-6 -4.728633 -5.805025 1.65674e-6 -7.08792 -2.044379 1.65674e-6 -3.530794 -4.668155 1.65674e-6 -4.729582 -2.047084 1.65674e-6 -7.693411 0.01901996 1.65674e-6 -2.420736 -2.044779 1.65674e-6 -4.730657 -3.01749e-5 1.65674e-6 -1.817905 0.01007682 1.65674e-6 -4.671164 2.204989 1.65674e-6 -6.996776 2.217941 1.65674e-6 -2.42023 2.243643 1.65674e-6 -4.611673 3.459648 1.65674e-6 4.728633 -5.805025 1.65674e-6 4.731534 -4.671771 1.65674e-6 5.980267 -4.668534 1.65674e-6 3.530794 -4.668155 1.65674e-6 7.08792 -2.044379 1.65674e-6 4.729582 -2.047084 1.65674e-6 2.420736 -2.044779 1.65674e-6 7.693411 0.01901996 1.65674e-6 4.730657 -3.01749e-5 1.65674e-6 1.817905 0.01007682 1.65674e-6 4.671164 2.204989 1.65674e-6 6.996776 2.217941 1.65674e-6 2.42023 2.243643 1.65674e-6 4.611673 3.459648 1.65674e-6 -26.37399 -0.09453988 38.53269 -26.30575 3.589918 39.95478 -25.08053 -0.1708076 39.49552 -25.05238 3.624158 40.94269 -30.45967 0.02512574 38.26914 -25.25935 4.70628 44.34622 -30.17566 3.70988 39.71122 -34.60951 -0.03845214 41.50796 -26.54513 5.108137 44.22592 -25.38244 3.64025 47.91905 -29.30465 5.2784 43.45154 -32.84847 4.155469 41.97229 -32.75151 3.898307 46.11243 -34.3519 -0.03588056 47.00272 -30.48056 3.929878 47.84279 -31.58874 -0.1172927 49.31072 -26.87689 -0.2063149 49.69794 -26.71472 3.864184 48.17839 -25.46167 -0.2314688 49.35963 25.08053 -0.1708076 39.49552 26.30575 3.589918 39.95478 26.37399 -0.09453988 38.53269 25.05238 3.624158 40.94269 30.45967 0.02512574 38.26914 25.25935 4.70628 44.34622 30.17566 3.70988 39.71122 34.60951 -0.03845214 41.50796 26.54513 5.108137 44.22592 25.38244 3.64025 47.91905 29.30465 5.2784 43.45154 32.84847 4.155469 41.97229 32.75151 3.898307 46.11243 34.3519 -0.03588056 47.00272 30.48056 3.929878 47.84279 31.58874 -0.1172927 49.31072 26.87689 -0.2063149 49.69794 26.71472 3.864184 48.17839 25.46167 -0.2314688 49.35963 8.867601 5.163384 43.62073 7.885419 2.807444 45.49549 7.452025 5.974798 43.35337 8.765439 4.730459 41.8524 7.519354 0.5322188 42.34775 7.828552 -0.09206902 45.11695 7.473135 5.402451 41.46672 8.951397 2.101444 40.15852 8.214113 -2.730724 44.12652 7.697214 2.260597 39.41306 9.151259 -0.5231719 39.53781 7.937149 -0.8117963 38.64319 9.063593 -2.184018 39.9705 7.826115 -4.149191 40.78137 9.034457 -3.150275 41.43547 7.830798 -2.768308 39.18481 -9.144376 4.150192 41.91209 -7.452025 5.974798 43.35337 -8.867601 5.163384 43.62073 -7.885419 2.807444 45.49549 -7.473135 5.402451 41.46672 -8.951397 2.101444 40.15852 -7.519354 0.5322188 42.34775 -7.828552 -0.09206902 45.11695 -7.697214 2.260597 39.41306 -9.151259 -0.5231719 39.53781 -8.214113 -2.730724 44.12652 -7.937149 -0.8117963 38.64319 -9.063593 -2.184018 39.9705 -7.826115 -4.149191 40.78137 -9.034457 -3.359299 41.43547 -7.830798 -2.768308 39.18481</float_array>
          <technique_common>
            <accessor source="#Untitled-mesh-positions-array" count="2416" stride="3">
              <param name="X" type="float"/>
              <param name="Y" type="float"/>
              <param name="Z" type="float"/>
            </accessor>
          </technique_common>
        </source>
        <source id="Untitled-mesh-normals">
          <float_array id="Untitled-mesh-normals-array" count="7335">-0.2796308 -0.1604235 -0.9466103 -0.1074925 -0.2799781 -0.9539695 -0.3659903 -0.4686897 -0.8039782 0.9799254 -0.009205758 0.1991518 0.985931 0.00631988 0.1670333 0.8566204 -0.4915031 0.1569274 0.8967936 -0.4103393 0.1654782 0.8566067 -0.491531 0.1569154 0.7297709 -0.6717739 0.1270997 0.4712941 -0.8735373 0.1217153 0.4813178 -0.8452433 0.232157 0.4713041 -0.8735342 0.1216992 0.8968122 -0.4103023 0.1654689 0.158991 -0.9759331 0.1492536 0.1545361 -0.9539744 0.2570046 0.1589667 -0.9759376 0.1492497 0.08413088 -0.966488 0.2425346 -1.32336e-5 -0.9951104 0.09876936 1.6164e-5 -0.963697 0.2669984 9.71928e-6 -0.9951081 0.09879255 0.1545428 -0.9539731 0.2570056 -0.141395 -0.9567081 0.2543954 -3.75509e-6 -0.9951118 0.09875494 -1.61571e-5 -0.963697 0.2669984 -0.1603607 -0.9820077 0.09972709 -0.4813175 -0.8452435 0.2321571 -0.4713039 -0.8735342 0.1216993 -0.7083261 -0.6877334 0.1590507 -0.8771429 -0.4536988 0.1574097 -0.4712941 -0.8735374 0.1217151 -0.7083308 -0.6877281 0.1590522 -0.985931 0.00631982 0.1670333 -0.8771339 -0.4537149 0.1574137 -0.9552009 -0.2597481 0.1418538 -0.9799254 -0.009205758 0.1991519 0.9859297 0.006323695 0.1670409 0.9799295 -0.00921303 0.1991313 0.8146271 0.5460765 0.1954054 0.8390593 0.5043836 0.2039036 0.4218544 0.8801092 0.2178226 0.45265 0.870703 0.1923131 0.09595054 0.9720423 0.2143062 0.1045912 0.9817688 0.1587166 0 0.9774431 0.2111991 -1.38795e-6 0.9889008 0.1485774 -0.1045912 0.9817687 0.1587165 -0.09595054 0.9720423 0.2143062 -0.4526499 0.870703 0.1923131 -0.4218543 0.8801092 0.2178226 -0.8345099 0.5090374 0.2108889 -0.7300047 0.6606376 0.175075 -0.8345108 0.5090304 0.2109031 -0.979933 -0.009206652 0.1991142 -0.9444364 0.2380965 0.2266054 -0.7300047 0.6606273 0.1751133 -0.9799258 -0.00919348 0.1991511 -0.9859298 0.006324172 0.167041 0.7153531 -0.0328235 -0.6979919 0.4320095 0.4079557 -0.8043258 0.6110588 -0.007338345 -0.7915512 0.8026556 0.3506925 -0.4824508 0.802845 0.4243555 -0.4187631 0.8685728 0.4329481 0.2411167 0.4574829 -0.0720697 0.8862931 0.9674347 -0.1373615 -0.2126075 -0.6110582 -0.007338583 -0.7915517 -0.4320092 0.4079558 -0.8043259 -0.7153528 -0.03282338 -0.6979923 -0.8026556 0.3506925 -0.4824511 -0.802845 0.4243558 -0.4187626 -0.8685725 0.4329487 0.2411166 -0.4574834 -0.07206994 0.8862928 -0.9674346 -0.1373614 -0.2126081 -0.1830793 -0.9822687 -0.04037803 -0.2975813 -0.9536404 -0.04489552 -0.2835393 -0.9587401 -0.02057135 -0.4533995 -0.8852835 -0.1034503 -0.4791808 -0.8746945 -0.07276886 -0.3647055 -0.9297447 -0.05064487 -0.6037641 -0.7497416 -0.2708442 -0.5115042 -0.8478155 -0.1399009 -0.4187464 -0.899937 -0.1215112 -0.6472736 -0.7542904 -0.1099233 -0.4650151 -0.882959 -0.06437623 -0.3687816 -0.9285031 -0.04338389 -0.7229298 -0.6560617 -0.2166922 -0.3950939 -0.8998704 -0.1847544 -0.8737905 -0.3993399 -0.2775211 -0.8066913 -0.4373052 -0.3975089 -0.8391285 -0.5438508 0.009477972 -0.6402585 -0.742074 0.1984827 -0.8958749 -0.2365273 -0.3761158 -0.9831271 -0.06081748 -0.1725176 -0.9209473 0.2699728 -0.2810174 -0.9596862 -0.04898965 -0.2767719 -0.9595156 0.05251526 -0.2767163 -0.9816874 0.09023916 -0.1677702 -0.9333623 -0.03437435 -0.357286 -0.9332191 0.266251 -0.241273 -0.9651537 0.2441344 -0.09421634 -0.9324859 0.02489984 -0.3603472 -0.8892835 0.2338233 -0.3930668 -0.9872275 0.1591947 -0.00625199 -0.9949088 -0.08027899 0.06092423 -0.8608373 -0.508718 -0.01285022 -0.3951225 -0.8998535 -0.1847755 -0.9991003 -0.01753783 0.03861498 -0.2884395 -0.9573739 -0.01542556 -0.2423678 -0.9701726 -0.00480014 -0.3659855 -0.4687148 -0.8039659 -0.2796064 -0.1604485 -0.9466132 -0.1075244 -0.2799813 -0.953965 -8.09773e-6 -0.006855845 -0.9999765 -0.1074981 -0.2799798 -0.9539683 -0.279618 -0.1604127 -0.9466159 -0.1478897 -0.9862195 -0.07416087 -0.130761 -0.9862931 0.1006358 5.59672e-6 -0.006832838 -0.9999767 -0.08174437 -0.5010962 -0.8615223 -2.73436e-6 -0.9960989 -0.08824378 -2.42423e-5 -0.997527 0.07028394 -8.76933e-6 -0.5090773 -0.8607208 4.69713e-6 -0.00683391 -0.9999766 -0.603297 -0.007496476 -0.7974815 6.62287e-6 -0.006839692 -0.9999766 -6.36856e-6 -0.006840229 -0.9999766 -0.6223384 0.1629792 -0.765593 -0.8201578 0.5705837 0.04213643 9.85304e-6 -0.006839275 -0.9999767 -0.5037502 0.3714212 -0.7799245 -0.8141139 0.580116 -0.0261572 -0.5036574 0.8589001 -0.09284353 -0.2629035 0.562621 -0.7837981 6.08713e-6 -0.006850481 -0.9999766 -0.707427 0.5765399 -0.4088384 -0.06059658 0.5479618 -0.8343056 3.14065e-6 -0.006842315 -0.9999767 -0.02161538 0.5182045 -0.8549836 2.51736e-6 -0.006863176 -0.9999765 -0.01688027 0.9998131 0.009423732 -0.1194991 0.9926701 -0.01806318 -0.4752421 0.8704229 -0.1284872 -0.2403533 0.8752027 0.4198222 -0.3935285 0.8171604 -0.4211704 -0.1247036 0.9920511 0.01684731 -0.1383318 0.8998704 -0.4136395 -0.0117886 0.9999254 0.003186762 -0.1605057 0.9244933 -0.3457604 -0.04094201 0.9053874 -0.4226081 1.50204e-5 0.9048824 -0.4256616 0 0.9999925 -0.003883779 -7.49901e-6 0.9292428 -0.3694698 0.0117886 0.9999254 0.003186762 -1.50241e-5 0.9048819 -0.4256628 -0.05338019 0.927347 -0.3703758 -0.063717 0.9076465 -0.4148709 -6.00517e-6 0.90916 -0.4164471 -0.2067071 0.8933389 -0.3990211 -0.434511 0.847592 -0.3046113 -0.4810888 0.7969179 -0.3653431 -0.7578148 0.5926759 -0.2728592 -0.7895405 0.559112 -0.2530214 -0.6635414 0.6448742 -0.3792757 -0.8952777 0.4278384 -0.1242257 -0.8573574 -0.3546621 -0.3730323 0.04094201 0.9053874 -0.4226081 7.49528e-6 0.9292433 -0.3694686 6.03823e-6 0.90916 -0.4164471 0.06371706 0.9076465 -0.4148709 0.05338019 0.927347 -0.3703758 0.1605057 0.9244933 -0.3457604 0.2067071 0.8933389 -0.3990211 0.1383318 0.8998704 -0.4136395 0.434511 0.8475919 -0.3046113 0.4810888 0.7969179 -0.3653432 0.3935285 0.8171604 -0.4211704 0.1247036 0.9920511 0.01684737 0.436614 0.8996245 -0.00664705 0.1426907 0.9840094 0.1066071 0.8141138 0.5801161 -0.02615708 0.08627068 0.6455518 -0.7588282 -0.02159762 0.5182148 -0.8549778 3.62902e-6 -0.006836116 -0.9999767 0.2667573 0.561083 -0.7835986 -5.69713e-6 -0.006857037 -0.9999765 0.4487665 0.8925548 0.04421138 0.5037502 0.371421 -0.7799245 0 -0.006851971 -0.9999766 0.8191486 0.5720287 0.04217505 -9.85339e-6 -0.006839275 -0.9999766 0.6003562 0.1667051 -0.7821648 1.012e-5 -0.006841301 -0.9999766 0.6045926 -0.006055176 -0.7965119 0.9989815 0.02409684 0.03814786 0.5209382 -0.3275319 -0.7882552 2.8814e-5 -0.006841003 -0.9999766 0.9874228 0.1553962 0.02912503 0.8534494 -0.5203637 -0.02908557 0.9950756 -0.09044075 0.04055857 0.3283823 -0.4169284 -0.8475469 1.25873e-5 -0.006852984 -0.9999765 0.2391666 -0.518599 -0.8208864 0.4733685 -0.8714228 -0.1286256 0.8335996 -0.5521271 0.01634931 1.57859e-7 -0.006831645 -0.9999766 0.08174419 -0.5010961 -0.8615223 1.38278e-6 -0.006833493 -0.9999768 8.77306e-6 -0.5090773 -0.8607208 2.86102e-6 -0.9960989 -0.08824372 0.1478897 -0.9862195 -0.07416087 0.1307599 -0.9862933 0.1006359 2.41324e-5 -0.9975271 0.070284 0.2423677 -0.9701726 -0.00480014 0.2884395 -0.9573739 -0.01542556 0.5195887 -0.8543772 0.008212089 0.3687816 -0.9285031 -0.04338389 0.4187464 -0.899937 -0.1215112 0.5115042 -0.8478155 -0.1399009 0.3647055 -0.9297446 -0.05064487 0.7229298 -0.6560617 -0.2166922 0.4791808 -0.8746945 -0.07276886 0.2835394 -0.95874 -0.02057135 0.1830792 -0.9822686 -0.04037797 0.2975814 -0.9536404 -0.04489558 0.4533996 -0.8852835 -0.1034503 0.603764 -0.7497416 -0.2708442 0.6472736 -0.7542904 -0.1099233 0.8737904 -0.3993399 -0.2775211 0.8066914 -0.4373053 -0.3975088 0.888293 -0.2615347 -0.3775383 0.9831271 -0.06081742 -0.1725176 0.9209474 0.2699729 -0.2810175 0.962781 -0.04682141 -0.2661964 0.9341152 -0.02317315 -0.3562188 0.9305829 -0.06610149 -0.3600639 0.9595156 0.05251532 -0.2767164 0.9816874 0.09023916 -0.1677702 0.9324859 0.02490001 -0.3603473 0.8892835 0.2338234 -0.3930668 0.9332191 0.266251 -0.241273 0.9651538 0.2441344 -0.09421634 0.707427 0.5765399 -0.4088384 0.7578148 0.5926759 -0.2728592 0.7895405 0.559112 -0.2530214 0.8952777 0.4278385 -0.1242257 0.6635414 0.6448742 -0.3792758 0.8189307 -0.4257957 -0.3847734 0.1929025 0.981213 -0.003144025 0.9209535 0.2699748 -0.2809954 0.2898149 0.9570579 0.006901562 0.4093755 0.8627045 -0.2969056 0.7784522 0.1493511 -0.6096774 0.7215107 -0.2483926 -0.6463153 0.8066994 -0.4372956 -0.3975031 0.6467285 -0.6560088 -0.3890948 0.4632114 -0.8033137 -0.3743293 0.6568135 -0.6311434 -0.4126186 0.5613132 -0.7083604 -0.427964 0.6037568 -0.7497494 -0.2708387 0.4207963 -0.8837538 -0.2047193 0.4533978 -0.885286 -0.1034367 0.2975916 -0.953639 -0.04485404 0.1189639 -0.9814675 -0.1502307 0.1830835 -0.9822688 -0.04035514 0.02854788 -0.9976476 -0.06232488 0.02501446 -0.9933905 -0.1120256 -1.69551e-6 -0.998932 -0.04620552 -1.07232e-5 -0.994454 -0.1051729 0.05643409 -0.9925376 -0.1080948 -1.93417e-5 -0.9937105 -0.1119806 0.09051221 -0.9882985 0.1227746 4.03076e-6 -0.9903868 0.1383259 -7.0557e-6 -0.9581975 0.2861077 0.04444611 -0.957337 0.2855354 1.4022e-5 -0.9071125 0.4208883 -0.120656 -0.8416092 0.5264373 3.18885e-6 -0.8010782 0.5985598 0.03867882 -0.9423401 0.3324141 -0.2062702 -0.7617512 0.6141562 0.01924222 -0.8616772 0.5070921 -0.1559408 -0.7504636 0.6422513 0.0450468 -0.8187572 0.5723701 -0.3242667 -0.6195048 0.7148882 -0.1558611 -0.7122023 0.6844525 -0.3744184 -0.5640298 0.7359901 7.0557e-6 -0.9581972 0.2861087 -0.09051233 -0.9882985 0.1227747 -4.15742e-6 -0.9903869 0.1383261 1.85594e-5 -0.9937098 -0.1119863 -0.04444611 -0.957337 0.2855354 -0.05643463 -0.9925375 -0.1080946 -1.40294e-5 -0.9071125 0.4208884 1.05836e-5 -0.994454 -0.1051731 -0.02501446 -0.9933905 -0.1120258 1.58884e-6 -0.998932 -0.04620552 -0.02854794 -0.9976476 -0.06232482 -0.1189641 -0.9814675 -0.1502307 -0.1830838 -0.9822688 -0.04035502 -0.2975918 -0.953639 -0.0448541 -0.4207966 -0.8837536 -0.2047193 -0.4533985 -0.8852856 -0.1034366 -0.6037566 -0.7497496 -0.2708388 -0.5613127 -0.7083606 -0.4279642 -0.8066999 -0.437295 -0.3975028 -0.6568143 -0.6311426 -0.4126185 -0.7784524 0.1493518 -0.6096769 -0.64673 -0.6560074 -0.3890947 -0.9209534 0.2699748 -0.2809956 -0.4632111 -0.8033142 -0.3743289 -0.7215107 -0.2483928 -0.6463152 -0.4093756 0.8627043 -0.2969055 -0.1929025 0.981213 -0.003144025 -0.1877565 0.982092 -0.0155875 0.1206554 -0.8416095 0.5264369 -0.03867882 -0.9423402 0.3324139 -3.11434e-6 -0.8010783 0.5985598 0.2062689 -0.7617518 0.6141559 0.007955551 -0.8626889 0.5056725 0.1559413 -0.7504639 0.6422511 0.3242672 -0.6195049 0.7148879 0.3744205 -0.564027 0.7359911 0.155861 -0.7122016 0.6844533 -0.0593028 -0.8208254 0.5680923 -0.1045185 -0.8926215 0.4385234 -0.1222392 -0.8639658 0.4884881 0.1815183 -0.8104128 0.5570299 -0.240487 -0.9044098 0.352433 -0.2109177 -0.8960647 0.3906173 -0.3672112 -0.8998784 0.2353184 0.01864171 -0.8859478 0.4634103 -0.3750542 -0.9133144 0.1587174 -0.5256915 -0.8502718 -0.02619862 -0.2678584 -0.9192956 0.2883535 -0.2337549 -0.9528825 0.1933223 0.1242662 -0.9184958 0.3753977 0.2787064 -0.8910446 0.358277 0.2722305 -0.9529595 0.1332615 0.05343359 -0.9918333 0.1158086 0.2981262 -0.9513046 -0.07836097 -0.3677016 -0.919458 0.139257 -0.2996973 -0.9530249 -0.04387569 0.02072417 -0.96596 -0.2578599 0.2465339 -0.9066947 -0.3422365 -0.01819562 -0.7829117 -0.6218668 -0.2980903 -0.8506136 -0.4331266 -0.3030428 -0.6711642 -0.6765381 -0.5387491 -0.5686066 -0.6216398 -0.5375887 -0.71974 -0.4392866 -0.4797484 -0.8739189 -0.07814913 -0.5190341 -0.852178 -0.06630527 -0.675487 -0.6466915 -0.3542706 -0.6836715 -0.4952843 -0.5359914 -0.6516559 -0.7284918 -0.211292 -0.7696604 -0.4080716 -0.4910197 0.3787447 -0.7906005 -0.4811481 0.8186872 -0.4249752 -0.3861963 0.2254311 -0.7895452 -0.5707883 0.6071799 -0.07219821 -0.7912774 0.2539394 -0.6049389 -0.7546945 0.08954322 -0.8582959 -0.5052821 0.2379467 -0.5413523 -0.8064236 0.0403409 -0.8286855 -0.5582591 -0.1428664 -0.8629297 -0.4847078 0.4765204 0.4611023 -0.7485406 0.1829166 -0.4616949 -0.8679744 0.4737491 0.4950991 -0.7283123 0.2792309 0.005675137 -0.9602073 -0.2515702 -0.6023975 -0.7575155 -0.1751725 -0.300145 -0.9376713 0.5060267 0.6644241 -0.5499798 0.3583583 0.03931021 -0.9327563 -0.1560842 -0.01173079 -0.9876742 0.6556248 0.7421786 -0.1390224 0.2561092 0.9664044 0.021694 0.4461729 0.02421063 -0.8946192 0.3895674 0.9093974 0.1457173 0.2635893 0.9621176 -0.06964546 0.1455158 0.8909652 0.4301234 0.2894111 0.933094 -0.2134874 0.379013 0.8907871 -0.2506944 0.4651132 0.8557706 -0.2265531 0.1588775 0.9458113 0.2831945 0.1272611 0.9323078 0.3385362 0.2899253 0.94586 0.145918 0.3331198 0.9364763 0.1097428 0.1560627 0.952354 0.2620429 0.01927953 0.7802968 0.6251123 0.02437841 0.7850504 0.6189522 0.1862383 0.8034312 0.5655207 0.3485918 0.8779759 0.3280887 0.3009505 0.9190564 0.2544879 -0.09517538 0.4815813 0.8712183 0.3044876 0.785409 0.5389066 0.2233811 0.843252 0.4889038 0.0844115 0.6065975 0.7905151 0.3058811 0.6333289 0.7108666 -0.1778597 0.2212122 0.9588697 0.01774132 0.4603143 0.8875787 0.02852594 0.3932566 0.9189862 -0.08928722 0.1173939 0.9890635 -0.3927242 0.06316035 0.9174849 -0.08899194 -0.268934 0.9590386 0.1776744 0.2442034 0.9533082 0.008998394 0.4136543 0.9103896 0.04030185 0.02102708 0.9989663 -0.1988526 0.1119543 0.9736139 -0.1990358 0.1841972 0.962526 -0.09684288 -0.2208312 0.9704922 -0.2777819 -0.1661871 0.9461601 -0.0973168 -0.2370102 0.9666208 -0.2194588 -0.5404855 0.8122275 -0.6169658 -0.2652534 0.7409412 -0.3744217 -0.5640581 0.7359666 -0.155821 -0.7121917 0.6844727 -0.1157795 -0.5015683 0.8573357 -0.2226772 -0.5330314 0.8162674 0.0338996 -0.6879251 0.7249897 0.07201403 -0.7804936 0.6210023 0.04506403 -0.8187502 0.5723786 0.1023431 -0.8445065 0.5256753 -0.05751699 -0.7341265 0.6765724 0.06670075 -0.8344232 0.5470732 0.1490774 -0.9138813 0.3776201 0.1165487 -0.9092873 0.399516 0.2602193 -0.9536514 0.1511127 0.06451004 -0.8616742 0.503345 0.2774092 -0.9456045 0.1699308 0.2435891 -0.8932528 0.377841 0.267427 -0.9619246 0.05642682 0.3700582 -0.9239616 -0.09670525 0.1585198 -0.9509451 0.2656594 -0.06288301 -0.8307197 0.5531281 0.322439 -0.9415495 -0.09755897 -0.1859014 -0.5944277 0.7823659 0.3035812 -0.8685648 -0.3917062 0.4631875 -0.803321 -0.3743433 0.7215452 -0.2483808 -0.6462814 0.1513633 -0.9880179 -0.03016185 0.5450876 -0.2794219 -0.7904449 -0.03301995 -0.9434871 0.3297605 0.1448842 -0.9491062 -0.2796538 3.0226e-4 -0.9968734 0.07901471 0.3811143 0.8609611 -0.3368943 0.409394 0.8626868 -0.2969315 0.5166327 -0.3707382 -0.7717797 0.1928949 0.9812145 -0.003136277 0.1069543 0.9941144 -0.01724886 0.3360279 0.7637766 -0.5511176 0.07901173 0.9644888 -0.2520289 0.04528868 0.8987318 -0.4361536 0.1680706 -0.9740058 -0.151872 0.3327394 0.5412073 -0.7722558 -0.05089986 0.6547011 -0.7541723 0.4851651 -0.6041593 -0.6321444 0.4310325 -0.02676796 -0.9019394 -0.1494044 0.3420531 -0.9277274 0.380252 0.002060949 -0.9248808 0.6115368 -0.7791962 -0.1373907 0.1818645 -0.9783846 0.09843176 0.8707845 -0.4908152 -0.02889269 0.3794261 -0.8324273 0.4038574 0.1061654 -0.9319855 0.3466008 0.2018851 -0.7189359 0.6651118 0.07323235 -0.9826759 0.1702505 0.02342003 -0.7430503 0.6688257 -0.01824122 -0.8476031 0.5303172 -0.09721976 -0.8484317 0.5203 -0.1371087 -0.5934928 0.7930748 0.02405333 -0.3935094 0.919006 -0.04801976 -0.5455064 0.83673 -0.1455293 -0.1435318 0.978887 -0.242722 -0.1506905 0.9583207 -0.03951865 -0.1079064 0.9933754 -0.1228798 0.2430427 0.962201 -0.06767958 0.5468196 0.8345106 -0.00448215 0.2583479 0.9660416 0.06774532 0.6079462 0.7910829 0.06678617 -0.01149713 0.9977011 0.09377318 0.2928364 0.9515532 0.1339432 0.5371162 0.8328058 0.2227988 0.7779486 0.5875003 0.2920389 0.6423447 0.7085949 0.4710628 0.7760346 0.4193687 0.3425722 0.4092532 0.845669 0.558332 0.5225874 0.6443352 0.3608186 0.01124906 0.9325682 0.3049222 -0.4132746 0.8580365 0.5921051 -0.4906167 0.6393018 0.6841528 0.04511356 0.7279421 0.9989732 0.02538436 0.03752702 0.8347002 0.5506656 0.006549537 0.6635373 0.644868 -0.3792937 0.6071979 -0.07215338 -0.7912676 0.8189548 -0.4258127 -0.3847033 0.4651144 0.8557708 -0.2265505 0.487231 0.8348191 -0.2562869 0.4810941 0.7969214 -0.3653283 0.3204062 0.9469633 0.0245071 0.3331369 0.9364685 0.1097567 0.3009541 0.9190531 0.254496 0.3894411 0.8760364 -0.2844222 0.2057003 0.9144167 -0.3486109 0.2067017 0.8933561 -0.3989853 0.1578905 0.9824776 -0.0990374 0.1909858 0.9578236 0.2147054 0.2233833 0.8432521 0.4889027 0.1681967 0.9857115 0.009107291 0.06746965 0.9911714 -0.1141366 0.05406928 0.9347286 -0.3512251 0.06372183 0.9076398 -0.4148851 -4.69387e-7 0.9349467 -0.3547881 -8.74326e-6 0.9091651 -0.4164361 1.07288e-5 0.9928999 -0.1189532 0.08075815 0.9967256 -0.004023253 -1.22562e-5 0.9999815 -0.006077289 3.241e-6 0.9818104 0.1898643 0.08757799 0.9773432 0.1926928 -1.36346e-5 0.9022449 0.431224 0.07820701 0.8960765 0.4369561 -0.02463066 0.7266002 0.686619 0.1593493 0.8538579 0.4955146 0.06923532 0.7177483 0.692852 5.78864e-6 0.5891638 0.8080136 0.05064064 0.6025746 0.7964544 -0.001782059 0.6068657 0.7948025 0.01744687 0.6127215 0.7901065 0.08444041 0.6065843 0.7905222 0.01773786 0.4602936 0.8875895 -1.22935e-5 -0.8489842 0.5284183 1.07866e-5 -0.8010614 0.5985824 -0.2062923 -0.7617354 0.6141684 1.76802e-5 -0.7687162 0.6395902 -0.07854264 -0.7214838 0.6879624 -0.05736333 -0.8034166 0.5926476 4.37846e-5 -0.7842879 0.6203972 -0.1134204 -0.6559447 0.7462389 0.03030425 -0.7625969 0.6461639 1.51992e-5 -0.9620296 0.2729451 0.02263897 -0.6917226 0.7218084 -0.2264809 -0.5024753 0.8344011 -0.08901745 -0.2689311 0.9590371 0.1834846 -0.9380072 0.2940681 -6.25849e-6 -0.9987565 0.0498566 0.1388744 -0.5934709 0.7927838 0.103433 -0.2947282 0.9499669 0.6706641 -0.2507584 0.6980902 0.4565162 -0.7913873 0.4065698 0.510156 -0.8571391 0.07108789 0.9739972 -0.2118465 0.08031493 -2.51085e-5 -0.8683468 0.4959576 0.4432648 -0.7457381 0.4973843 0.7747799 -0.2065798 0.5975291 0 -0.1664611 0.986048 -9.38401e-6 0.6059673 0.7954896 1.05426e-5 0.7334476 0.679746 0.05064147 0.6025807 0.7964497 -0.001790285 0.6068555 0.7948102 0.09082078 0.7640516 0.6387306 2.0057e-5 0.9074747 0.420107 0.01776289 0.4603052 0.887583 0.2567101 0.6105019 0.749258 0.5100066 0.6122087 0.6042299 0.2427129 0.3031785 0.9215061 -0.1778811 0.2212052 0.9588673 -0.3927153 0.06316077 0.9174886 0.1034204 -0.2947381 0.9499651 -0.08899611 -0.2689151 0.9590435 0.6706622 -0.2507618 0.6980908 0.974002 -0.211822 0.08032101 0.7052357 0.6928729 0.1502325 0.7747809 -0.206606 0.5975188 -2.06828e-5 0.9843263 0.1763576 0.551411 0.5424177 0.6338211 3.99299e-6 -0.1664361 0.9860522 -6.4522e-6 0.7313188 0.6820358 -0.4087004 -0.7996673 -0.4398822 -0.2254311 -0.7895452 -0.5707883 -0.8573786 -0.3546276 -0.3730167 -0.6071798 -0.07219809 -0.7912775 -0.253939 -0.6049389 -0.7546947 -0.08954077 -0.8582953 -0.505284 -0.2379475 -0.5413527 -0.8064231 -0.04034256 -0.8286857 -0.5582585 0.1428661 -0.8629297 -0.4847077 -0.4765201 0.4611023 -0.7485408 -0.1829166 -0.4616946 -0.8679744 -0.4737492 0.4950987 -0.7283125 -0.5060267 0.6644241 -0.5499797 -0.2792312 0.005674004 -0.9602072 0.2515715 -0.602397 -0.7575155 0.1751839 -0.3001361 -0.9376721 -0.3583576 0.03931051 -0.9327565 0.1560842 -0.01173073 -0.9876741 -0.6556255 0.7421779 -0.1390223 -0.256109 0.9664044 0.02169406 -0.4461731 0.02421045 -0.8946192 -0.2635892 0.9621177 -0.0696454 -0.3895673 0.9093975 0.1457173 -0.2894113 0.933094 -0.2134874 -0.1455157 0.8909652 0.4301235 -0.3790134 0.890787 -0.2506945 -0.4651138 0.8557704 -0.226553 -0.1588771 0.9458113 0.2831945 -0.2899255 0.94586 0.145918 -0.3331199 0.9364762 0.1097428 -0.1560626 0.952354 0.2620429 -0.1272609 0.9323078 0.3385363 -0.02437913 0.7850503 0.6189522 -0.01927942 0.7802969 0.6251122 -0.1862385 0.8034311 0.5655206 0.09517556 0.4815814 0.8712182 -0.3485914 0.8779761 0.3280887 -0.3009525 0.9190561 0.254487 -0.3044876 0.7854089 0.5389065 -0.2233811 0.843252 0.4889039 -0.08441984 0.606597 0.7905146 -0.3058805 0.633329 0.7108668 -0.0177263 0.4602797 0.887597 0.1778688 0.2212119 0.9588682 -0.02852082 0.393257 0.9189862 0.08928871 0.117394 0.9890633 0.3927273 0.06316047 0.9174836 0.08899569 -0.2689336 0.9590384 -0.1776739 0.2442035 0.9533083 -0.008997619 0.4136543 0.9103896 -0.04030209 0.02102708 0.9989663 0.1988524 0.1119543 0.9736139 0.1990355 0.1841972 0.962526 0.09684455 -0.220831 0.9704921 0.2777813 -0.1661872 0.9461604 0.09731608 -0.2370103 0.9666208 0.2194588 -0.5404853 0.8122275 0.6169658 -0.265253 0.7409415 0.3744217 -0.5640581 0.7359667 0.1558211 -0.7121917 0.6844727 0.1157793 -0.5015684 0.8573357 0.2226771 -0.5330314 0.8162675 -0.0338996 -0.687925 0.7249897 -0.07201403 -0.7804936 0.6210023 -0.05928933 -0.8208345 0.5680807 -0.1023432 -0.8445068 0.5256751 0.05751711 -0.7341265 0.6765723 -0.06670099 -0.8344233 0.5470731 -0.1490767 -0.9138814 0.37762 -0.1457864 -0.9069734 0.3951525 -0.2602192 -0.9536514 0.1511132 -0.08792203 -0.8681502 0.4884517 -0.2732402 -0.9406844 0.2011288 -0.267427 -0.9619246 0.05642682 -0.3700582 -0.9239616 -0.09670525 -0.1585195 -0.9509452 0.2656594 0.06288325 -0.8307197 0.5531281 -0.322439 -0.9415495 -0.09755897 0.1859013 -0.5944277 0.782366 -0.3035812 -0.8685648 -0.3917062 -0.4631874 -0.8033209 -0.3743433 -0.7215453 -0.2483802 -0.6462814 -0.1513633 -0.9880179 -0.03016185 -0.5450883 -0.2794223 -0.7904442 0.03301995 -0.9434871 0.3297605 -0.1448842 -0.9491062 -0.2796538 -3.02267e-4 -0.9968734 0.07901471 -0.3811156 0.8609608 -0.3368939 -0.4093946 0.8626869 -0.2969301 -0.516633 -0.3707385 -0.7717794 -0.1069551 0.9941143 -0.01724851 -0.1928949 0.9812144 -0.003136277 -0.3360283 0.7637763 -0.5511178 -0.07901197 0.9644887 -0.2520291 -0.04528743 0.8987323 -0.4361528 -0.3327403 0.5412071 -0.7722557 0.0508989 0.6547013 -0.7541721 -0.4851651 -0.6041594 -0.6321443 -0.4310325 -0.02676856 -0.9019393 0.1494031 0.3420537 -0.9277274 -0.1680706 -0.9740058 -0.1518719 -0.3802524 0.002060949 -0.9248805 -0.6115365 -0.7791964 -0.1373906 -0.8707841 -0.4908161 -0.02889311 -0.1818641 -0.9783847 0.09843188 -0.3794263 -0.8324273 0.4038571 -0.07323235 -0.9826759 0.1702505 -0.1061646 -0.9319854 0.3466009 -0.2018853 -0.718936 0.6651116 -0.02342045 -0.7430503 0.6688256 0.01824116 -0.8476031 0.5303172 0.09722036 -0.8484316 0.5203002 0.1371089 -0.5934927 0.7930748 -0.02405363 -0.3935094 0.919006 0.04801964 -0.5455063 0.83673 0.1455295 -0.1435318 0.978887 0.2427223 -0.1506905 0.9583206 0.03951835 -0.1079064 0.9933754 0.1228798 0.2430427 0.962201 0.06767976 0.5468197 0.8345105 0.00448209 0.2583479 0.9660416 -0.06774532 0.6079462 0.7910828 -0.06678622 -0.01149713 0.9977011 -0.09377318 0.2928365 0.9515532 -0.1339432 0.5371162 0.8328058 -0.2227984 0.7779487 0.5875005 -0.2920387 0.6423445 0.708595 -0.4710632 0.7760343 0.4193691 -0.3425725 0.4092528 0.8456691 -0.5583324 0.5225868 0.6443353 -0.3608188 0.01124888 0.9325681 -0.3049225 -0.4132748 0.8580363 -0.5921049 -0.4906176 0.6393013 -0.6841531 0.04511284 0.727942 -0.9989732 0.025384 0.03752702 -0.8347002 0.5506657 0.006549656 -0.6635373 0.6448678 -0.3792939 -0.8573729 -0.3546798 -0.3729799 -0.6071977 -0.07215303 -0.7912679 -0.4651142 0.8557708 -0.2265505 -0.4872311 0.8348191 -0.256287 -0.4810936 0.7969217 -0.3653285 -0.3204062 0.9469633 0.0245071 -0.3331369 0.9364685 0.1097568 -0.3009542 0.9190531 0.2544959 -0.3894408 0.8760365 -0.2844223 -0.2057002 0.9144167 -0.3486108 -0.2067016 0.8933562 -0.3989853 -0.1578905 0.9824777 -0.0990374 -0.1909859 0.9578236 0.2147054 -0.223383 0.8432523 0.4889027 -0.1681967 0.9857114 0.009107232 -0.06746959 0.9911714 -0.1141366 -0.05406934 0.9347286 -0.351225 -0.06372195 0.9076398 -0.4148851 8.07107e-6 0.909165 -0.4164361 0 0.9349468 -0.3547878 -1.07363e-5 0.9928999 -0.1189533 -0.08075815 0.9967256 -0.004023253 1.22637e-5 0.9999817 -0.006076216 -3.23355e-6 0.9818104 0.1898645 -0.08757805 0.9773431 0.1926929 1.41337e-5 0.902245 0.4312238 -0.07820677 0.8960765 0.4369562 -0.02466052 0.7266044 0.6866134 -0.1593492 0.8538579 0.4955146 -0.06987237 0.7243121 0.6859227 -0.05650568 0.5868938 0.8076898 7.74488e-6 0.5891613 0.8080155 -0.02464342 0.7266013 0.6866174 -0.05064052 0.6025745 0.7964544 -8.4163e-6 0.5891613 0.8080154 0.001785874 0.6068652 0.7948027 -0.01744467 0.6127214 0.7901065 -0.08444005 0.6065849 0.7905218 -0.01773756 0.4602948 0.887589 1.22786e-5 -0.8489843 0.5284181 0.2062923 -0.7617353 0.6141685 -1.07437e-5 -0.8010613 0.5985824 -1.82465e-5 -0.7687165 0.6395898 0.07854247 -0.7214838 0.6879624 0.05736333 -0.8034166 0.5926476 -4.41597e-5 -0.7842879 0.6203972 0.11342 -0.6559447 0.746239 -0.03030437 -0.7625968 0.6461639 -1.51619e-5 -0.9620296 0.272945 -0.02263921 -0.6917226 0.7218084 0.2264809 -0.5024753 0.8344011 -0.1834846 -0.9380072 0.2940682 6.4224e-6 -0.9987564 0.0498566 0.08901757 -0.2689312 0.959037 -0.5101557 -0.8571392 0.07108789 2.50786e-5 -0.8683468 0.4959575 -0.4565162 -0.7913875 0.4065698 -0.1388744 -0.593471 0.7927838 -0.103433 -0.2947282 0.9499669 -0.6706641 -0.2507585 0.6980902 -0.9739971 -0.2118472 0.08031499 -0.4432645 -0.7457383 0.4973841 -0.7747796 -0.2065804 0.5975292 0 -0.1664611 0.9860481 9.3868e-6 0.6059673 0.7954896 -0.05064147 0.6025807 0.7964497 -1.05426e-5 0.7334477 0.6797459 0.001791 0.6068555 0.7948102 -0.09082007 0.7640517 0.6387307 -2.00719e-5 0.9074747 0.420107 -0.01776272 0.4603051 0.8875831 -0.2567101 0.6105019 0.749258 -0.5100072 0.6122088 0.6042295 -0.2427132 0.3031786 0.9215059 0.1778811 0.2212052 0.9588673 0.3927153 0.06316077 0.9174886 0.08899611 -0.2689151 0.9590435 -0.1034392 -0.29474 0.9499626 -0.6706609 -0.2507615 0.6980922 -0.9740021 -0.211822 0.08032083 -0.7052357 0.692873 0.1502325 -0.774781 -0.2066061 0.5975186 2.08169e-5 0.9843263 0.1763574 -0.551411 0.5424177 0.633821 -4.05312e-6 -0.1664362 0.9860522 6.70552e-6 0.7313189 0.6820357 0.9328612 -0.1187986 -0.3400837 0.87643 -0.3009562 -0.3758932 0.936351 -0.300479 -0.181547 0.9357753 -0.3342227 -0.1123388 0.9592661 -0.1327751 -0.249358 0.9674368 -0.1373846 -0.212583 0.9518402 -0.2065631 -0.2265656 0.7833581 -0.6131254 0.1021143 0.9411206 -0.1452438 -0.3052808 0.8948135 -0.3554468 -0.2701229 0.8847413 -0.3926059 -0.2511839 0.810696 -0.5852922 0.01432502 0.4319611 -0.896682 0.09680408 0.9371592 -0.152665 -0.3137292 0.7153634 -0.03280949 -0.697982 0.7531304 -0.3681878 -0.5451903 0.5187528 -0.4969866 -0.6956292 0.3387224 -0.9383804 0.06862664 0.3811555 -0.7616119 -0.5240877 0.3140327 -0.9468682 0.06945681 0.3727412 -0.9268742 -0.0443663 0.2887721 -0.95482 0.07021033 0.4279593 -0.8150683 -0.3905311 0.277097 -0.9601905 -0.03537565 0.4609926 -0.70951 -0.5329929 0.4176993 -0.8322656 -0.3645017 0.4688512 -0.7694096 -0.4338058 0.482989 -0.87217 -0.07772481 0.7443356 -0.6345721 -0.208045 0.7955083 -0.6058456 0.01084738 0.3980361 -0.9162176 -0.04596543 0.9226085 -0.104691 -0.3712593 0.7945174 0.2641079 -0.5467991 0.4457079 -0.8801909 0.1631216 0.8639855 -0.4713943 0.1769653 0.9000717 -0.1024841 -0.4235185 0.5591973 0.2806533 -0.7800848 0.839829 -0.4594711 -0.2890909 0.7102045 -0.06679743 -0.7008193 0.2009479 0.2584802 -0.9448853 0.7535223 -0.3464063 -0.5587547 0.7547839 -0.526733 -0.3909652 0.3450658 -0.01785057 -0.9384087 0.09124422 0.2417137 -0.9660482 0.6773819 -0.4095531 -0.6110811 0.7275897 -0.5497435 -0.41036 0.1703798 -0.06902831 -0.9829577 -6.15045e-6 0.2594739 -0.9657502 0.4134382 -0.2963234 -0.8609654 0.5622238 -0.6640029 -0.492955 0.5700623 -0.7168427 -0.4014543 0.3590596 -0.7395272 -0.5693643 0.4762141 -0.8708914 -0.1215254 0.3914205 -0.9173537 -0.07247233 0.3609632 -0.8975816 -0.2530865 0.4087936 -0.8764412 -0.254438 0.3949828 -0.8899698 -0.2279088 0.3350841 -0.8545547 -0.396806 0.2485737 -0.8654091 -0.4350611 0.4539427 -0.8905815 -0.02829736 -1.80336e-7 -0.8850128 -0.4655668 0.4341917 -0.8999949 -0.03855836 0 -0.8608999 -0.5087743 0.4878708 -0.7901983 -0.3709027 0 -0.8491995 -0.5280722 0.2342186 -0.8948844 -0.3798996 -0.3350844 -0.8545546 -0.396806 0.07104557 -0.9973597 -0.01503884 0.4566761 -0.8365118 -0.3028118 0.28833 -0.9566357 -0.04140132 0.5560278 -0.8019664 0.2183646 0.2625253 -0.9649137 -0.004703521 0 -0.9940142 -0.1092512 -3.26021e-7 -0.8647906 0.5021328 -3.22427e-7 -0.9946109 0.1036789 -0.5560272 -0.8019667 0.2183646 -0.4539424 -0.8905817 -0.02829736 -4.76068e-7 -0.9285354 -0.371244 -0.4566753 -0.8365122 -0.302812 0 -0.9786331 -0.2056144 -0.2342184 -0.8948845 -0.3798997 -0.4341916 -0.8999951 -0.03855818 0 -0.9991945 -0.04013061 -0.07104581 -0.9973598 -0.01503843 -0.4878705 -0.7901985 -0.3709027 -0.4176995 -0.8322655 -0.3645015 -0.28833 -0.9566357 -0.04140132 -0.3980358 -0.9162177 -0.04596555 0 -0.9982836 -0.05856567 -0.2770971 -0.9601905 -0.03537571 -0.4688508 -0.7694098 -0.4338058 -0.4279591 -0.8150684 -0.3905312 -0.3140329 -0.9468682 0.06945663 -0.2887722 -0.95482 0.07021009 -0.4609925 -0.7095101 -0.5329929 -0.3811553 -0.7616119 -0.5240879 -0.4829891 -0.8721699 -0.07772481 -0.7531301 -0.3681877 -0.5451909 -0.3387221 -0.9383804 0.06862664 -0.5187519 -0.4969866 -0.6956298 -0.4319606 -0.8966822 0.09680432 -0.810696 -0.5852921 0.01432502 -0.9762911 -0.1573258 -0.1486749 -0.8096971 -0.5802997 0.08742421 -0.3727412 -0.9268742 -0.04436624 -0.9604805 -0.1650193 -0.2241564 -0.9300001 -0.3439804 -0.1295273 -0.2625252 -0.9649137 -0.004703521 -0.9328612 -0.1187986 -0.3400835 -0.9363512 -0.3004787 -0.1815466 -0.8764303 -0.300956 -0.3758929 -0.9674369 -0.1373841 -0.2125828 -0.9411206 -0.1452438 -0.3052808 -0.8948135 -0.3554468 -0.270123 -0.8847413 -0.3926058 -0.2511839 -0.9371592 -0.152665 -0.3137291 -0.7153635 -0.03280967 -0.6979818 -0.744336 -0.6345718 -0.2080447 -0.9226085 -0.1046909 -0.3712592 -0.7945174 0.264108 -0.5467991 -0.7955086 -0.6058453 0.01084738 -0.4457079 -0.8801909 0.1631215 -0.8639854 -0.4713942 0.1769652 -0.9000718 -0.102484 -0.4235185 -0.5591973 0.2806533 -0.7800849 -0.8398291 -0.4594709 -0.2890909 -0.7102045 -0.06679749 -0.7008194 -0.2009479 0.2584802 -0.9448851 -0.7535223 -0.3464062 -0.5587548 -0.7547836 -0.5267329 -0.3909657 -0.3450659 -0.01785057 -0.9384087 -0.09124422 0.2417137 -0.9660482 -0.6773818 -0.4095531 -0.6110811 -0.7275896 -0.5497436 -0.4103601 -0.1703798 -0.06902831 -0.9829577 -0.4134385 -0.2963234 -0.8609653 -0.562224 -0.6640028 -0.4929549 -0.5700621 -0.7168429 -0.4014542 -0.3590597 -0.7395271 -0.5693644 -0.4762142 -0.8708913 -0.1215254 -0.3914204 -0.9173537 -0.07247239 -0.3949834 -0.8899696 -0.2279087 -0.4087934 -0.8764413 -0.2544379 -0.3609631 -0.8975817 -0.2530864 -0.2485733 -0.8654092 -0.4350612 -0.1883407 -0.8430626 -0.5037589 0 -0.8252224 -0.5648078 -0.2063164 -0.5124058 -0.833591 0 -0.5622141 -0.8269917 0.188341 -0.8430626 -0.5037589 1.32381e-7 -0.1464527 -0.9892177 0.2063162 -0.5124058 -0.833591 0.9328609 -0.1188068 -0.3400816 0.7734585 -0.227836 -0.5914834 0.8764346 -0.3009575 -0.3758817 0.6813249 -0.09663516 -0.7255743 0.9395864 0.1188808 -0.3210063 0.7880073 0.1273409 -0.6023527 0.8447648 0.2589435 -0.4683169 0.9674366 -0.1374005 -0.2125737 0.802872 0.4243762 -0.4186902 0.8948081 -0.3554613 -0.2701218 0.4575135 -0.07202172 0.8862813 0.9674352 -0.1374238 -0.2125653 0.8685742 0.4329702 0.2410724 0.8026911 0.3506658 -0.4824113 0.8847413 -0.392611 -0.251176 0.7153637 -0.03279197 -0.6979825 0.6110034 -0.007369339 -0.7915937 -0.8764348 -0.3009573 -0.3758813 -0.7734587 -0.2278357 -0.5914834 -0.932861 -0.1188068 -0.3400815 -0.6813247 -0.09663534 -0.7255746 -0.9395863 0.1188807 -0.3210064 -0.9674366 -0.1374005 -0.2125738 -0.8028718 0.4243762 -0.4186905 -0.7880074 0.1273407 -0.6023527 -0.8447649 0.2589436 -0.4683168 -0.9674353 -0.1374235 -0.2125652 -0.4575135 -0.07202154 0.8862813 -0.8948079 -0.3554614 -0.2701224 -0.8685742 0.4329699 0.2410728 -0.8026912 0.3506656 -0.4824113 -0.8847416 -0.392611 -0.2511755 -0.7153638 -0.03279191 -0.6979824 -0.6110035 -0.007369279 -0.7915937 0.8972307 -0.005411088 -0.4415292 0.9935722 -0.001686692 0.113188 0.8308215 -0.2849646 -0.4780489 0.9054414 -0.3971701 0.1497725 0.8273366 -0.538054 -0.1612831 0.6135507 -0.583598 0.5319482 0.9207289 -0.0542491 -0.3864136 0.03111928 -0.6032176 0.7969694 0.6928938 -0.6040117 -0.393787 0.8659695 -0.08106893 -0.4934823 0.9868345 -0.08110272 -0.1399288 0.03814619 -0.9985276 0.03856843 0.6997941 -0.7032814 -0.1252343 0.9452169 -0.07253813 0.3182818 0.04962033 -0.8786859 -0.4748148 0.02705729 -0.9880515 -0.1517308 0.6472696 -0.6842878 0.3358458 0.2814482 -0.3059831 0.9094841 0.4298631 -0.04841995 0.9015948 0 0 1 0.01411354 -0.94574 0.3246179 -0.002800405 -0.4347817 0.9005317 -0.2806931 -0.3180519 0.9055687 -0.4481158 -0.04161971 0.8930062 -0.6319973 -0.702164 0.3279407 -0.6785782 -0.719853 -0.1460938 -0.9498272 -0.05964821 0.307035 -0.6211743 -0.5972224 -0.5074132 -0.9821966 -0.0363835 -0.1842988 -0.6756178 0.6671559 0.3137575 -0.7707046 -0.5685023 -0.2877842 -0.6193943 -0.5691199 0.5407896 -0.9065277 -0.3951262 0.1486028 -0.8442885 0.003752827 -0.5358759 -0.9010144 0.01858621 -0.4333909 -0.8383138 -0.2988371 -0.4559894 -0.7194918 0.01133334 -0.6944085 -0.992353 0.04362636 0.1154658 -0.5576097 0.4773937 -0.6790926 -0.7451977 0.6437981 0.1737946 0.006924331 0.7319383 -0.6813359 -0.7054029 0.5934225 -0.3876293 -0.6346381 0.572353 -0.5192751 0.004191219 0.9863334 0.1647088 0.5706167 0.4507077 -0.6864833 0.005844354 0.9091997 -0.4163196 0.7736983 0.6189423 0.1352831 0.8972412 -0.005402147 -0.4415078 0.9935731 -0.001684725 0.1131799 0.9207254 -0.05422598 -0.3864252 0.7429896 0.5164315 -0.4257524 0.8659747 -0.08106929 -0.493473 0.6912112 0.5338996 -0.4870098 0.9868333 -0.08111333 -0.1399306 0.007930457 0.8734508 -0.486848 0.7415563 0.6626232 -0.1049988 -0.01967716 0.9932845 -0.1140119 -0.7155838 0.6774125 -0.1704474 -0.02136129 0.9372764 0.3479319 0.6755943 0.6533515 0.34162 0.9452196 -0.07254153 0.3182734 -0.307106 0.2992408 0.9034053 0 0 1 -0.01489418 0.4077228 0.9129843 0.2843916 0.2944269 0.9123783 0.4298719 -0.04839599 0.901592 -0.8308216 -0.2849644 -0.4780489 -0.9935721 -0.001686751 0.1131882 -0.8972307 -0.005410909 -0.4415291 -0.9054415 -0.3971701 0.1497725 -0.8273366 -0.5380539 -0.1612831 -0.6135506 -0.5835981 0.5319484 -0.9207288 -0.05424916 -0.3864136 -0.03111922 -0.6032175 0.7969694 -0.6928938 -0.6040117 -0.393787 -0.8659695 -0.08106899 -0.4934823 -0.9868343 -0.0811026 -0.1399301 -0.03814619 -0.9985276 0.03856843 -0.6997941 -0.7032814 -0.1252343 -0.9452168 -0.07253819 0.3182819 -0.04962033 -0.8786858 -0.4748148 -0.02705729 -0.9880515 -0.1517308 -0.6472696 -0.6842878 0.3358458 -0.2814482 -0.3059831 0.909484 -0.429863 -0.04842001 0.901595 0 0 1 -0.01411348 -0.94574 0.324618 0.002800345 -0.4347817 0.9005317 0.280693 -0.3180519 0.9055685 0.4481158 -0.04161965 0.8930062 0.6319974 -0.702164 0.3279407 0.6785783 -0.7198529 -0.1460938 0.9498272 -0.05964821 0.3070349 0.6211743 -0.5972224 -0.5074131 0.9821967 -0.03638356 -0.1842988 0.6756178 0.6671558 0.3137574 0.7707046 -0.5685023 -0.2877842 0.6193944 -0.5691198 0.5407896 0.9065278 -0.3951264 0.1486028 0.8442885 0.003752768 -0.5358759 0.9010144 0.01858609 -0.4333907 0.7194919 0.01133424 -0.6944084 0.8383138 -0.2988372 -0.4559894 0.7155838 0.6774125 -0.1704474 0.992353 0.04362636 0.1154658 0.5576092 0.4773944 -0.6790926 0.6346381 0.572353 -0.519275 0.7054029 0.5934225 -0.3876293 0.7451977 0.6437981 0.1737946 -0.006924211 0.7319383 -0.6813358 -0.007930397 0.8734508 -0.4868481 -0.004191279 0.9863333 0.1647089 -0.5706166 0.4507077 -0.6864833 -0.005844235 0.9091996 -0.4163195 -0.7736983 0.6189423 0.1352831 -0.8972412 -0.005402147 -0.4415078 -0.9935731 -0.001684784 0.1131798 -0.9207254 -0.05422604 -0.3864252 -0.7429896 0.5164315 -0.4257524 -0.8659748 -0.08106935 -0.493473 -0.6912112 0.5338995 -0.4870097 -0.9868336 -0.08111339 -0.139929 -0.7415562 0.6626233 -0.1049988 0.01967716 0.9932845 -0.1140119 -0.6755943 0.6533515 0.34162 -0.9452196 -0.07254153 0.3182731 0.02136117 0.9372764 0.3479319 -0.2843916 0.2944269 0.9123783 -0.4298718 -0.04839599 0.9015921 0 0 1 0.01489412 0.4077228 0.9129843 0.307106 0.2992408 0.9034053 0.5484165 0.7982302 -0.2491344 0.2898309 0.9570531 0.006897449 -0.3423386 0.9335234 0.1064817 0.8492473 0.2565147 0.461497 -0.2222949 0.5777245 0.7853786 0.9209468 0.2699525 -0.2810387 -0.2787814 -0.02605378 0.9600012 0.9831338 -0.06081706 -0.17248 0.8332304 -0.01168566 0.5528025 0.9816913 0.09025728 -0.1677376 -0.2093583 -0.3860284 0.8984161 0.9651532 0.2441356 -0.09421873 0.8082111 -0.1062069 0.5792365 0.00242716 -0.7590256 0.6510562 0.8952807 0.4278306 -0.1242317 0.9484159 -0.106565 0.298582 0.8189516 -0.4257986 -0.3847257 0.3787194 -0.7906384 -0.4811056 -0.4771825 0.816726 -0.3244312 0.4247655 0.9038748 0.05084031 -0.1877565 0.982092 -0.01558583 -0.8406077 0.2501701 0.48041 -0.9209468 0.2699527 -0.2810385 0.2218328 0.5367794 0.8140382 -0.9831337 -0.06081712 -0.17248 0.2787817 -0.02608424 0.9600002 -0.8332304 -0.01168566 0.5528026 -0.9816913 0.09025722 -0.1677376 0.208465 -0.420276 0.8831255 -0.9651532 0.2441356 -0.09421867 -0.8359172 -0.1370998 0.5314567 -0.3884648 -0.5898787 0.7079113 -0.8952806 0.4278307 -0.1242317 -0.9780941 0.2080379 0.007223427 -0.4085932 -0.7998786 -0.4395974 -0.8573859 -0.3546488 -0.3729796 -0.9558676 -0.05535215 -0.2885367 -0.8896958 -0.3855068 -0.2445936 -0.9566741 -0.04267627 -0.2880163 -0.7759451 -0.5185913 -0.3591275 -0.7816091 -0.02705514 -0.6231817 -0.8194418 -0.5607285 -0.1187384 -0.2688621 -0.02737957 -0.9627895 -0.3615491 -0.9323461 -0.003620386 -0.4330286 -0.8726449 0.2257812 -0.01312494 -0.8506447 0.5255773 -0.3145502 -0.6484009 -0.6932781 0.0462144 -0.01686996 -0.9987891 -0.02165716 -0.8449721 0.5343718 -0.03983676 -0.1926596 0.9804567 -0.07529205 -0.1677023 0.9829583 -0.1579026 -0.9694718 -0.1875932 0.01710128 -0.6391722 -0.7688736 0.09837919 -0.005433857 -0.9951342 -0.1647029 -0.8043268 0.5709041 -0.1687107 -0.1400917 0.9756593 -0.04062485 -0.980876 -0.1903467 -0.2621232 -0.7556112 0.6002861 -0.3264816 -0.1073731 0.9390852 0.08353257 -0.6641668 -0.7429031 0.007514536 -0.9939596 -0.1094894 -0.1835125 -0.7993763 0.5721195 -0.1921325 -0.0591948 0.9795821 0.008939385 -0.041655 0.9990921 0.003825843 -0.7226014 0.6912543 0.1176068 -0.06987226 0.9905991 0.02283978 -0.9987137 -0.04527002 0.1770979 -0.7370398 0.6522337 0.5300197 -0.03707969 0.8471744 0.02429521 -0.6808483 -0.7320215 0.005599021 -0.004188537 -0.9999756 0.1943431 -0.9804551 -0.03063648 0.5273059 -0.6115412 0.5898864 0.3754841 -0.02884739 0.9263799 0.2579216 -0.7060436 -0.6595295 0.2059815 -0.04418718 -0.9775577 0.4865423 -0.8735923 -0.01064425 0.3538963 -0.6710131 0.6515359 -0.1667153 -0.02684068 0.9856397 0.5806663 -0.589465 -0.5615672 0.5715221 -0.02102619 -0.8203174 0.32034 -0.9473025 5.37616e-4 -0.1587956 -0.7170146 0.6787298 -0.3957173 -0.02421307 0.9180532 -0.3820448 -0.6840296 0.621406 0.3793783 -0.6577697 -0.6507004 0.392957 -0.01165127 -0.9194831 -0.1640836 -0.9864361 0.004516899 -0.3683476 -0.9296796 -0.003986001 -0.1384221 -0.7177626 -0.6823901 -0.1373679 -0.01099538 -0.9904592 -0.3510788 -0.6782372 -0.6455525 -0.3437113 -0.01055151 -0.9390162 1.847e-5 -0.4540173 -0.8909928 0.8382823 0.03371989 -0.544193 -7.56979e-6 0.06470972 -0.9979042 0.3390251 -0.7091062 -0.6182479 0.9968743 -0.07088422 -0.03488749 1.2435e-5 -0.8558834 -0.5171689 0.6317182 -0.7595959 -0.1547457 0.9729997 -0.07556426 -0.2180867 -0.1360506 -0.8507094 -0.5077241 0.1474223 -0.9311285 -0.3335664 -0.120794 -0.9621855 -0.2441472 3.2112e-6 -0.9691228 -0.2465783 -0.3452652 -0.9369205 -0.05451655 -0.1273574 -0.9907978 -0.04582434 -0.1460753 -0.9827567 -0.1133633 7.6592e-6 -0.9933266 -0.1153364 -3.83193e-6 -0.9951099 0.09877437 -0.1603555 -0.9820101 0.09971141 -0.4713087 -0.8735326 0.1216925 -0.4639411 -0.8858445 0.006182432 -0.8771291 -0.4537155 0.1574382 -0.8288549 -0.5354861 0.1620319 -0.7820361 -0.6212792 0.04931259 -0.9764407 -0.002776145 0.2157685 -0.9799255 -0.009193897 0.1991525 -0.8345185 0.5090187 0.2109006 -0.1066282 -0.9857951 -0.1297634 -0.8244559 0.5341659 0.186921 -0.4526472 0.8707004 0.1923322 0.6776935 -0.7037146 -0.213348 -0.4550365 0.8810227 0.1293869 -0.1045945 0.9817633 0.158748 0.6703947 -0.6283249 -0.3946882 0.982765 -0.08622074 -0.1635213 -0.09160387 0.9925405 0.08044928 -1.02131e-6 0.9889041 0.148556 0.6764679 -0.7318994 -0.0819419 0.9859189 -0.1181905 0.1183006 0.6624161 -0.6623253 -0.3500433 0.02667522 -0.9839597 -0.1763849 -0.01567739 -0.915264 -0.4025494 -0.6580789 -0.7418172 -0.1289945 -0.01623928 -0.976948 -0.2128587 0.01729488 -0.9096424 -0.4150321 -0.640426 -0.6927996 -0.3314864 -0.9978492 -0.03256332 0.05689144 -0.6846832 -0.706846 -0.1777013 -0.9865152 -0.02313971 -0.1620261 -0.6564717 0.7208688 0.2222455 -0.6640332 -0.6541786 -0.3620914 -0.7096208 0.7037142 -0.03499609 -0.0247572 0.9611505 0.2749125 -0.9756248 -0.02183359 -0.2183566 -0.686446 0.6982154 -0.2031925 -0.001516938 0.9999077 0.01349824 0.6475905 0.7313824 0.2137907 0.002617418 0.9819826 -0.1889539 0.7675538 0.6400974 -0.03371208 0.9859223 -0.1181503 0.118313 0.9827705 -0.0862078 -0.1634947 0.7363357 0.6463833 -0.1999959 0.9729987 -0.07555425 -0.2180942 0.996873 -0.07089489 -0.03490382 0.7648913 0.6423673 -0.0480175 0.8382882 0.03373193 -0.5441829 -0.01003861 0.9981356 -0.06020385 -0.710753 0.701788 -0.04820561 -0.1096473 0.9417135 -0.318046 0.5681843 0.6029988 -0.5599636 2.03429e-5 0.06471574 -0.9979037 1.59144e-5 0.3534887 -0.9354388 0.02684104 0.8346202 -0.5501715 1.4782e-5 0.7410084 -0.6714959 -2.91318e-6 0.9962204 -0.0868619 -0.09504854 0.9929158 -0.07130396 1.75405e-5 0.9965978 0.08241945 -0.4114612 0.9113414 -0.01251113 -0.3126213 0.919624 -0.2378228 -0.7882313 0.5936123 0.1622215 -0.7420142 0.6694753 0.03490006 -0.99165 -0.02926272 0.1255953 -0.9985913 -0.04901522 -0.0203244 -0.733226 -0.6766384 -0.06738042 -1.75154e-5 0.9965978 0.08241963 9.98676e-7 0.9889041 0.148556 0.09160387 0.9925405 0.08044928 0.1045943 0.9817633 0.158748 0.09504854 0.9929157 -0.0713039 2.95974e-6 0.9962204 -0.0868619 0.4550363 0.8810228 0.1293869 0.452647 0.8707004 0.1923322 0.4114614 0.9113414 -0.01251107 -0.02684116 0.8346202 -0.5501714 -1.46106e-5 0.7410082 -0.671496 -1.57356e-5 0.3534884 -0.9354389 0.8244558 0.5341661 0.1869211 0.8390526 0.5043798 0.2039405 -0.5681843 0.6029987 -0.5599635 -2.02954e-5 0.06471604 -0.9979038 -0.8382882 0.03373187 -0.5441829 0.9764407 -0.002776086 0.2157685 0.9799255 -0.009193837 0.1991525 0.856618 -0.491511 0.1569161 -0.7648582 0.6423988 -0.04812353 -0.9968729 -0.07089459 -0.03490555 0.1096396 0.9417297 -0.3180004 -0.7363357 0.6463834 -0.199996 -0.9729988 -0.07555419 -0.218094 -0.9827706 -0.08620786 -0.1634939 0.01003861 0.9981356 -0.06020385 -0.7675538 0.6400974 -0.03371208 -0.9859222 -0.1181502 0.1183128 -0.6475906 0.7313823 0.2137907 -0.002617418 0.9819826 -0.1889538 0.001516878 0.9999077 0.01349824 0.02475726 0.9611505 0.2749126 0.7096208 0.7037142 -0.03499609 0.6564719 0.7208686 0.2222455 0.7107531 0.701788 -0.04820561 0.6864461 0.6982154 -0.2031924 0.9865152 -0.02313965 -0.1620261 0.9978492 -0.0325632 0.05689144 0.9985913 -0.04901528 -0.02032434 0.6404261 -0.6927996 -0.3314863 0.6580789 -0.7418172 -0.1289945 0.9756248 -0.02183359 -0.2183566 0.6640334 -0.6541786 -0.3620914 0.01567721 -0.915264 -0.4025493 -0.02667528 -0.9839597 -0.1763849 -0.01729506 -0.9096423 -0.4150322 0.6846833 -0.7068459 -0.1777013 -0.6624162 -0.6623252 -0.3500431 -0.6764679 -0.7318994 -0.0819419 -0.6703948 -0.6283249 -0.3946881 -0.9827648 -0.08622062 -0.1635212 -0.9859101 -0.1181999 0.1183642 -0.9729996 -0.0755642 -0.2180867 0.01623928 -0.976948 -0.2128589 -0.6776935 -0.7037146 -0.213348 -0.6317182 -0.7595959 -0.1547458 -0.9968743 -0.07088422 -0.03488725 0.1066283 -0.9857951 -0.1297635 0.733226 -0.6766384 -0.06738048 0.1273574 -0.9907978 -0.0458244 0.7820361 -0.6212792 0.04931259 0.99165 -0.02926278 0.1255953 -0.1474227 -0.9311283 -0.3335664 0.7420142 0.6694753 0.03490006 0.3126214 0.9196239 -0.2378229 0.7882314 0.5936124 0.1622216 0.8288549 -0.5354861 0.1620318 0.3452652 -0.9369205 -0.05451655 0.4639411 -0.8858445 0.006182432 0.4713088 -0.8735326 0.1216925 0.13605 -0.8507094 -0.5077242 0.1460754 -0.9827567 -0.1133633 0.1589803 -0.975935 0.1492518 0.1207939 -0.9621856 -0.2441473 -7.6592e-6 -0.9933264 -0.115337 3.82215e-6 -0.9951099 0.09877437 -3.20375e-6 -0.9691228 -0.2465786 -1.28895e-5 -0.8558835 -0.5171689 -0.3390562 -0.7091192 -0.6182159 -1.83582e-5 -0.4540174 -0.8909929 -0.8382817 0.03371983 -0.5441936 9.32769e-6 0.06470978 -0.9979042 -0.9566754 -0.04266405 -0.2880144 -0.9035383 0.3256847 -0.2784744 -0.955867 -0.0553646 -0.2885361 -0.7009853 0.5946411 -0.393728 -0.7259628 0.6565004 -0.2049033 -0.7816075 -0.02704751 -0.6231838 -0.5500036 0.8349792 -0.01748675 -0.4724614 0.8780304 0.07643866 -0.3438134 0.6561138 -0.6717939 -0.2688765 -0.02738499 -0.9627854 -0.4715844 0.8781268 -0.08063185 -0.3382992 0.6516278 0.6789218 -0.2649675 0.6222537 0.7366089 -0.07528644 -0.1676741 0.9829636 -0.03985464 -0.1926535 0.9804571 -0.1687141 -0.1400908 0.9756588 -0.4232825 0.6466662 0.6345508 -0.3264837 -0.1073585 0.9390861 -0.4575994 0.6598965 0.5959358 -0.1921453 -0.05921834 0.9795781 -0.3044897 0.9498398 -0.0713464 -0.2574045 0.7633376 0.5925021 -0.1872571 0.6569117 -0.7303436 0.04622954 -0.0168662 -0.9987885 -0.1218827 0.9898459 -0.07314181 -0.02818191 0.6710264 -0.7408977 0.09838169 -0.005418479 -0.995134 0.005630552 -0.004179596 -0.9999755 0.1081912 0.6936643 -0.7121267 0.2060003 -0.04418838 -0.9775537 0.2230797 0.9740847 -0.03734326 0.2692409 0.6752426 -0.6866999 0.5715113 -0.02106159 -0.820324 0.1293676 0.7120144 0.6901446 0.008914113 -0.04164421 0.9990928 0.2942535 0.9555486 -0.01848936 0.1972223 0.704389 0.6818647 0.1176096 -0.06985479 0.9906 0.5048069 0.6157287 -0.6050192 0.4028635 0.9152283 -0.007636129 0.4758878 0.637668 0.6057312 0.5300103 -0.03709512 0.8471795 0.3612718 0.6697391 -0.6487929 0.392953 -0.01168644 -0.9194843 -0.1373654 -0.01096975 -0.9904598 0.2979382 0.9545099 -0.01199424 0.3486571 0.6751153 0.6501213 0.3754713 -0.02885496 0.9263849 -0.1667211 -0.02686506 0.985638 -0.3957164 -0.02419519 0.918054 -0.4169652 0.6654533 0.619122 -0.183242 0.7159246 0.673702 -0.4046024 0.9142174 -0.02243936 -0.1924263 0.9812001 -0.01478493 -0.3834616 0.6552509 -0.6508484 -0.1591767 0.7155876 -0.6801451 -0.3437446 -0.01056414 -0.9390038 -0.2329581 -0.02511143 0.9721626 -0.463311 -0.5779799 0.6717754 -0.07859784 -0.002880394 0.9969023 -0.2206003 -0.6895732 0.6898003 -0.5694218 -0.8210486 0.04047238 0.3752492 0.04874664 0.9256413 -0.3035567 -0.9520492 0.03815376 -0.6738866 -0.6039956 -0.4255189 0.2583655 -0.6772197 0.6889274 -0.4069016 -0.6129944 -0.6772511 -0.6242446 0.04209303 -0.7800942 -0.3339405 0.06530737 -0.940329 0.7137648 -0.5977935 0.3649424 0.8835254 0.09901714 0.4577974 0.2172357 -0.618614 -0.7550665 0.289193 0.08927392 -0.953099 0.1411262 -0.9896272 -0.02685964 0.7564163 -0.5704157 -0.3200946 0.906113 0.09838688 -0.4114358 0.3437113 -0.01055145 -0.9390162 0.3510788 -0.6782372 -0.6455525 0.1373679 -0.01099514 -0.9904591 0.1384221 -0.7177625 -0.6823901 0.3683476 -0.9296796 -0.003986001 -0.3929571 -0.01165044 -0.919483 0.1640836 -0.9864361 0.004516839 0.3820448 -0.6840296 0.6214059 -0.3793792 -0.6577692 -0.6507006 -0.5715222 -0.02102541 -0.8203172 -0.3203401 -0.9473025 5.37616e-4 0.1587956 -0.7170146 0.6787298 0.3957173 -0.02421313 0.9180532 0.1667153 -0.02684068 0.9856397 -0.5806675 -0.589464 -0.5615671 -0.2059816 -0.04418712 -0.9775578 -0.3538962 -0.6710131 0.6515359 -0.3754838 -0.02884739 0.9263799 -0.4865425 -0.8735921 -0.01064413 -0.2579219 -0.7060435 -0.6595293 -0.005599617 -0.004188537 -0.9999756 -0.5273059 -0.6115412 0.5898864 -0.5300199 -0.03707969 0.8471742 -0.1943432 -0.9804552 -0.03063637 -0.02429515 -0.6808483 -0.7320215 -0.09837889 -0.005433976 -0.9951343 -0.1770979 -0.7370398 0.6522337 -0.1176068 -0.06987243 0.9905991 -0.02283978 -0.9987137 -0.04527008 -0.003825068 -0.7226016 0.6912542 -0.008937895 -0.04165506 0.9990921 -0.08353239 -0.6641668 -0.742903 -0.007514715 -0.9939596 -0.1094894 0.1835131 -0.7993763 0.5721194 0.1921336 -0.05919438 0.979582 0.3264818 -0.1073728 0.9390851 0.2621231 -0.7556112 0.6002861 0.1687095 -0.1400915 0.9756596 0.04062533 -0.980876 -0.1903466 0.1647027 -0.8043268 0.5709041 0.07528996 -0.1677021 0.9829586 -0.01710069 -0.6391723 -0.7688736 -0.04621434 -0.0168702 -0.9987891 0.1579034 -0.9694717 -0.1875932 0.02165728 -0.844972 0.5343719 0.03983682 -0.1926596 0.9804567 0.01312506 -0.8506446 0.5255774 0.3145504 -0.6484008 -0.6932781 0.2688618 -0.02737987 -0.9627896 0.3615492 -0.932346 -0.003620386 0.4330283 -0.872645 0.2257813 0.819442 -0.5607281 -0.1187382 0.775945 -0.5185912 -0.3591274 0.7816091 -0.02705514 -0.6231817 0.889696 -0.3855064 -0.2445934 0.9566741 -0.04267615 -0.2880165 0.9558675 -0.05535203 -0.2885367 0.955867 -0.05536478 -0.2885361 0.9035384 0.3256846 -0.2784745 0.9566752 -0.04266411 -0.2880147 0.7009852 0.594641 -0.3937281 0.7816069 -0.02704715 -0.6231848 0.7259627 0.6565004 -0.2049034 0.343813 0.6561138 -0.6717941 0.2688748 -0.02738487 -0.9627858 0.5500039 0.8349791 -0.01748681 0.4724618 0.8780302 0.0764386 0.4715846 0.8781268 -0.08063191 0.1872565 0.6569119 -0.7303436 -0.04622948 -0.01686614 -0.9987885 0.3044901 0.9498397 -0.07134652 0.02818167 0.6710264 -0.7408977 -0.09838134 -0.005418479 -0.9951341 -0.00562483 -0.004179716 -0.9999755 0.1218828 0.9898459 -0.07314193 -0.1081912 0.6936644 -0.7121267 -0.2060014 -0.04418849 -0.9775536 0.2574042 0.7633375 0.5925022 -0.2692409 0.6752426 -0.6867 -0.5715113 -0.02106159 -0.820324 -0.2230797 0.9740847 -0.03734326 -0.5048067 0.6157286 -0.6050195 -0.2942532 0.9555487 -0.01848936 -0.1293672 0.7120145 0.6901446 0.4575993 0.6598965 0.595936 0.1921452 -0.0592184 0.9795783 -0.008915007 -0.04164427 0.9990927 0.3264834 -0.1073585 0.9390861 -0.1972218 0.7043892 0.6818648 -0.1176089 -0.06985473 0.9906002 0.4232822 0.6466664 0.6345509 0.1687132 -0.1400907 0.9756591 0.3382987 0.6516282 0.6789218 0.07528734 -0.1676741 0.9829635 0.2649669 0.622254 0.7366089 0.03985548 -0.1926534 0.9804572 -0.4758878 0.6376681 0.6057312 -0.5300102 -0.03709512 0.8471795 -0.4028629 0.9152286 -0.007636308 -0.3486571 0.6751152 0.6501212 -0.3754714 -0.02885502 0.9263848 0.1667207 -0.026865 0.9856381 -0.2979375 0.95451 -0.01199436 -0.3612715 0.6697392 -0.648793 -0.392953 -0.01168668 -0.9194843 0.1373655 -0.01096981 -0.9904597 0.1832418 0.7159246 0.673702 0.3957164 -0.02419519 0.9180541 0.4169652 0.6654532 0.619122 0.4046024 0.9142174 -0.02243942 0.1924264 0.9812001 -0.01478493 0.3834615 0.6552508 -0.6508484 0.1591767 0.7155876 -0.6801451 0.3437446 -0.01056414 -0.9390038 0.2329581 -0.02511143 0.9721625 0.07859826 -0.002880454 0.9969022 0.4632669 -0.5779753 0.6718097 0.2206003 -0.6895731 0.6898003 0.5694222 -0.8210484 0.04047232 -0.3752493 0.04874664 0.9256414 0.3035567 -0.9520492 0.03815376 0.6738865 -0.6039956 -0.4255189 -0.2583655 -0.6772196 0.6889273 0.4069015 -0.6129946 -0.6772511 0.6242439 0.04209291 -0.7800949 0.33394 0.06530737 -0.9403293 -0.1411263 -0.9896272 -0.02685964 -0.2172358 -0.6186141 -0.7550664 -0.2891931 0.08927392 -0.9530989 -0.7137648 -0.5977934 0.3649424 -0.8835254 0.09901708 0.4577974 -0.7564163 -0.5704157 -0.3200946 -0.906113 0.09838676 -0.4114357 -6.672e-6 0.3485991 -0.937272 0.09123295 0.2417237 -0.9660467 -5.6196e-6 0.2594866 -0.9657468 0.06366163 0.353601 -0.9332274 0.2009382 0.258482 -0.9448868 -1.48118e-5 0.3379316 -0.9411708 0.1796631 0.3758527 -0.9090962 0.5591982 0.2806458 -0.7800869 -4.67896e-6 0.3766394 -0.92636 0.1830298 0.3618108 -0.9141078 0.3932626 0.330954 -0.8577961 0.4960106 0.4427388 -0.7469645 0.7945135 0.2641221 -0.5467978 0.4320377 0.4079567 -0.8043101 0.7153602 -0.03279137 -0.6979861 0.2462944 0.8114395 -0.5300048 3.76254e-6 0.604022 -0.7969678 -1.14804e-5 0.8064225 -0.5913398 0.2007735 0.5725403 -0.7949137 1.40443e-5 0.3766409 -0.9263594 0.5318509 0.675466 -0.5107644 0.1830275 0.3618115 -0.9141079 0.410419 0.4753313 -0.7782136 0.7764207 0.3807875 -0.5021671 0.3932636 0.3309515 -0.8577966 0.6013145 0.3012791 -0.740035 0.8028635 0.4243629 -0.41872 0.4320349 0.4079602 -0.80431 5.20237e-6 0.2594866 -0.9657468 -0.09123313 0.2417237 -0.9660466 6.85453e-6 0.3485947 -0.9372736 -0.06366193 0.353601 -0.9332274 -0.2009382 0.2584821 -0.9448867 1.49533e-5 0.3379283 -0.9411719 -0.1796633 0.3758527 -0.9090962 -0.5591979 0.2806459 -0.7800871 -0.1830297 0.3618109 -0.9141079 5.1856e-6 0.3766394 -0.92636 -0.3932631 0.330954 -0.8577959 -0.4960107 0.4427388 -0.7469643 -0.7945135 0.2641222 -0.5467979 -0.4320375 0.4079567 -0.8043103 -0.7153599 -0.03279143 -0.6979864 1.14739e-5 0.8064225 -0.5913398 -3.06964e-6 0.604022 -0.7969677 -0.2462947 0.8114394 -0.5300049 -0.2007734 0.5725402 -0.7949137 -1.34837e-5 0.3766409 -0.9263594 -0.5318511 0.675466 -0.5107643 -0.1830271 0.3618115 -0.914108 -0.4104189 0.4753314 -0.7782137 -0.7764208 0.3807875 -0.502167 -0.3932632 0.3309515 -0.8577967 -0.6013144 0.3012791 -0.7400351 -0.8028637 0.4243629 -0.4187199 -0.4320348 0.4079602 -0.80431 0.8764227 -0.3009553 -0.3759112 0.7985643 -0.5100272 -0.3196363 0.9363542 -0.300479 -0.1815307 0.7424323 -0.6588237 -0.1214322 0.8652266 -0.4394112 0.2414559 0.7286434 -0.6818916 0.0640521 0.6961794 -0.620354 0.3612412 0.8622829 -0.4884008 0.1339146 0.9357741 -0.3342269 -0.1123355 0.8111793 -0.3631948 0.4583424 0.6449072 -0.5461357 0.5346313 0.5935996 -0.450612 0.6667746 0.7620577 -0.6467602 0.03113335 0.7833561 -0.61313 0.1021029 0.7430937 -0.2918644 0.6021851 0.5366087 -0.2815554 0.7954732 0.7063051 -0.4701451 0.5292418 0.7059922 -0.5927395 0.3876015 0.5536575 -0.4514755 0.6997381 0.6074913 -0.7630228 0.2207955 0.5634059 -0.6695322 0.4840461 0.5073258 -0.8601603 0.05239182 0.4319531 -0.896685 0.09681206 0.3843269 -0.8835637 0.267597 0.3669968 -0.926603 0.08197706 0.2511715 -0.9620672 0.1064884 0.2234562 -0.9215303 0.3175678 0.37625 -0.717418 0.5862997 -0.1495304 -0.9791802 0.1372845 -0.166854 -0.9263598 0.3376646 2.47854e-7 -0.9904657 0.1377606 0.1495304 -0.9791801 0.1372844 0 -0.9847039 0.1742362 -2.70332e-7 -0.93709 0.3490878 -0.2511715 -0.9620672 0.1064883 0.1668537 -0.9263599 0.3376646 0 -0.7368945 0.6760078 -0.07602256 -0.7315163 0.6775726 0.07602334 -0.7315163 0.6775725 0.1698203 -0.7345417 0.65697 0 -0.4462919 0.8948875 -0.2373328 -0.430425 0.870866 0.1301695 -0.443323 0.88686 0.3549585 -0.4416394 0.8239898 -0.301854 -0.1753214 0.9370948 0.5157921 -0.2246031 0.8267478 0.08117616 -0.189195 0.9785785 0.3207654 -0.2021244 0.9253406 0.6951019 -0.1736478 0.6976245 0.6590051 -0.02598142 0.7516897 0.4777603 -0.1091071 0.8716886 0.3050681 0.04705435 0.9511674 0.67733 0.1026117 0.7284881 0.4033883 0.06647604 0.912611 0.5138875 0.06963723 0.8550266 0.4194074 0.2061272 0.8840865 0.7142758 0.1663098 0.6798171 0.5582362 0.2799342 0.781031 0.7481173 0.2538506 0.6130908 0.4670099 0.3513774 0.8114405 0.5644216 0.4827903 0.6695834 0.7594402 0.3890119 0.5214599 0.5178017 0.560277 0.6465069 0.561423 0.6874957 0.4606018 0.3036088 0.3653728 0.8799571 0.7905471 0.4782413 0.382519 0.572901 0.7514684 0.3272307 0.5974528 0.6356381 0.4888911 0.7941939 0.5406239 0.2774564 0.8091408 0.5693279 0.1454553 0.6143009 0.7758362 0.143919 0.6093271 0.7338835 0.3002258 0.3298857 0.7139142 0.6176585 0.38568 0.8651928 0.3204566 0.6327149 0.7623463 0.1360146 0.8518867 0.5217717 0.04520368 0.647388 0.7607286 -0.04670125 0.6754457 0.7112414 -0.1947019 0.1193901 0.7328053 0.6698824 0.8660917 0.4972185 -0.05156451 0.6938688 0.6176105 -0.3702749 0.08418196 0.3866436 0.9183792 0.924827 0.3290575 -0.1908305 0.7527779 0.4556581 -0.4750801 0.8447636 0.2589362 -0.4683231 0.9395868 0.1188781 -0.3210057 0.7764211 0.3807861 -0.5021678 0.802864 0.4243583 -0.4187238 0.8332366 0.4690798 -0.2927129 0.5318501 0.6754685 -0.510762 0.7437905 0.6439026 -0.1793466 0.5757369 0.7778687 -0.2518877 0.7018323 0.7117841 -0.02819252 0.4616025 0.8870022 0.01226949 0.2766684 0.9379403 -0.2090996 0.246288 0.811452 -0.5299885 -1.13212e-5 0.8064354 -0.5913222 0.2101366 0.9737918 0.08701902 0.157936 0.9193853 0.3602597 -0.243171 0.9609246 0.1322569 -0.1864107 0.7225834 0.6656759 -0.2074081 0.9043857 0.3729188 -2.72186e-7 0.9169144 0.3990839 0 0.9816432 -0.1907265 0 0.9856572 0.1687597 -0.2766683 0.9379403 -0.2090996 -0.2462875 0.8114523 -0.5299884 0.243171 0.9609246 0.1322569 -0.5318501 0.6754686 -0.5107619 0.207408 0.9043858 0.3729187 -0.2101367 0.9737917 0.08701902 -0.5757367 0.7778688 -0.2518879 -0.4616023 0.8870022 0.01226943 -0.1579363 0.9193851 0.3602597 -0.8332366 0.4690798 -0.292713 -0.776421 0.3807861 -0.5021677 -0.8028639 0.4243583 -0.418724 -0.9395867 0.1188783 -0.3210059 0.18641 0.7225835 0.6656759 -0.9248269 0.3290575 -0.1908306 -0.8447633 0.2589367 -0.4683237 -0.7527781 0.4556582 -0.4750801 -0.6938685 0.6176107 -0.370275 -0.8660916 0.4972188 -0.05156451 -0.675445 0.711242 -0.194702 -0.7437904 0.6439027 -0.1793467 -0.8518866 0.5217721 0.0452035 -0.6473876 0.7607288 -0.04670143 -0.7018321 0.7117844 -0.02819263 -0.6143012 0.7758359 0.1439189 -0.6327151 0.7623462 0.1360148 -0.8091408 0.5693275 0.1454553 -0.5729016 0.7514677 0.3272309 -0.3856802 0.8651928 0.3204566 -0.6093272 0.7338834 0.300226 -0.7941944 0.5406234 0.2774562 -0.7905471 0.4782413 0.382519 -0.561423 0.6874957 0.4606019 -0.5974528 0.6356381 0.488891 -0.7594401 0.3890121 0.5214598 -0.5178016 0.5602772 0.6465068 -0.46701 0.3513776 0.8114404 -0.3298857 0.7139143 0.6176584 -0.7481173 0.2538506 0.6130909 -0.4194078 0.2061271 0.8840864 -0.5644218 0.4827903 0.6695833 -0.7142758 0.1663099 0.679817 -0.1193903 0.7328053 0.6698825 -0.3036087 0.3653728 0.8799571 -0.5582364 0.2799341 0.7810308 -0.08418196 0.3866436 0.9183791 -0.305068 0.0470544 0.9511674 -0.5138874 0.06963723 0.8550266 -0.6773302 0.1026116 0.728488 -0.4033896 0.06647592 0.9126104 -0.4777601 -0.1091075 0.8716885 -0.6590049 -0.0259816 0.7516897 -0.5366094 -0.2815554 0.7954729 -0.5157923 -0.2246031 0.8267477 -0.6951025 -0.1736475 0.6976239 -0.7430939 -0.2918645 0.6021848 -0.5935995 -0.4506121 0.6667746 -0.3207654 -0.2021244 0.9253407 -0.8111794 -0.3631946 0.4583423 -0.6449075 -0.5461355 0.5346312 -0.6961796 -0.6203539 0.361241 -0.07323914 0.05402934 0.9958499 -0.8652267 -0.4394108 0.2414558 -0.7286443 -0.6818906 0.06405246 -0.7424325 -0.6588234 -0.1214322 -0.7063052 -0.4701449 0.5292418 -0.5536575 -0.4514755 0.6997381 -0.7059925 -0.5927394 0.3876014 -0.9363542 -0.3004787 -0.1815305 -0.7985645 -0.5100271 -0.3196359 -0.8764231 -0.3009551 -0.3759108 -0.8622829 -0.4884006 0.1339147 -0.9300014 -0.3439723 -0.1295398 -0.7620579 -0.6467601 0.03113341 -0.8096997 -0.580296 0.08742403 -0.6074914 -0.7630228 0.2207955 -0.5073257 -0.8601603 0.05239182 -0.431953 -0.896685 0.09681212 -0.563406 -0.6695321 0.484046 -0.3843269 -0.8835636 0.267597 -0.3669968 -0.926603 0.08197706 -0.3762501 -0.717418 0.5862997 -0.223456 -0.9215304 0.3175678 -0.1698193 -0.7345418 0.6569701 -0.3549585 -0.4416395 0.8239898 -0.1301688 -0.4433231 0.8868601 0.2373335 -0.4304249 0.8708658 -0.0811761 -0.189195 0.9785785 0.301854 -0.1753214 0.9370949 0 -0.1823236 0.9832386 0.2599466 0.0398764 0.9647993 -0.2599462 0.0398764 0.9647995 4.22681e-7 0.03254497 0.9994703 0.257576 0.3581079 0.8974483 0 0.3753432 0.926886 -0.2575759 0.3581079 0.8974483 0.07323908 0.05402934 0.9958499 -8.04967e-7 0.7191141 0.6948921 -0.1307488 -0.9862937 0.100646 2.46316e-5 -0.9975271 0.07028454 -1.80155e-5 -0.9857102 -0.1684504 -0.143385 -0.9734404 -0.178479 -0.2423517 -0.9701765 -0.004839241 -0.2884317 -0.9573757 -0.0154621 -0.2290489 -0.9621083 -0.1479337 -0.2098755 -0.9652311 -0.155824 -0.2959525 -0.9520016 -0.07813519 -0.2577992 -0.9640149 -0.06492286 -0.1147086 -0.9882058 -0.1014466 -1.25133e-5 -0.997373 -0.07243776 -0.2340008 -0.967277 -0.09807598 -0.2835217 -0.9587447 -0.02059817 -0.1795734 -0.9820035 -0.05850487 -0.1831054 -0.9822637 -0.04037886 -0.04951161 -0.9976192 -0.04800778 -6.77072e-6 -0.9986039 -0.05282199 -0.0285452 -0.9976475 -0.06232666 -6.51204e-6 -0.9989318 -0.04620909 0.5484256 0.7982304 -0.2491138 0.1929016 0.9812131 -0.003155708 0.2898324 0.9570526 0.006895303 0.4101269 0.812235 -0.4148134 0.1069548 0.9941145 -0.01723521 0.5971074 0.1808285 -0.7815138 0.9364173 0.1396571 -0.3218985 0.8430659 -0.2467904 -0.4778437 0.3787308 -0.790606 -0.4811497 0.2254418 -0.7895329 -0.5708011 0.4793727 -0.4969792 -0.723335 0.08952248 -0.8583101 -0.5052619 0.26279 -0.5667852 -0.7808304 0.04034322 -0.8286854 -0.5582591 0.3255148 0.1469824 -0.9340429 0.1045994 -0.5787869 -0.8087427 0.2245678 0.7909166 -0.5692278 0.1832008 0.1301901 -0.9744168 0.1070845 0.7835166 -0.6120741 0.07900977 0.9644899 -0.2520254 0.05934894 0.1107853 -0.9920707 0.03951728 0.7080841 -0.7050216 0.04528224 0.8987202 -0.4361785 -0.05090433 0.6547201 -0.7541554 -0.1494034 0.3420549 -0.9277269 -0.156081 -0.01173043 -0.9876746 -0.1751881 -0.3001552 -0.9376652 -0.02116537 -0.5002446 -0.8656255 -0.2515802 -0.6024167 -0.757497 -0.1428618 -0.8629286 -0.4847111 0.2884317 -0.9573757 -0.0154621 0.2290489 -0.9621083 -0.1479337 0.2423511 -0.9701766 -0.004839122 0.2098755 -0.9652311 -0.155824 0.2959523 -0.9520016 -0.07813537 0.143385 -0.9734404 -0.178479 0.1307502 -0.9862934 0.1006461 0.2577987 -0.964015 -0.06492328 1.8023e-5 -0.98571 -0.1684514 -2.45813e-5 -0.9975271 0.0702846 0.2340009 -0.9672771 -0.09807592 0.2835222 -0.9587445 -0.02059763 0.1147086 -0.9882058 -0.1014466 1.25244e-5 -0.9973728 -0.07244008 0.1795734 -0.9820035 -0.05850481 0.1831054 -0.9822637 -0.04037886 0.04951161 -0.9976192 -0.04800778 6.77072e-6 -0.9986039 -0.05282199 0.0285452 -0.9976475 -0.06232666 6.51367e-6 -0.9989318 -0.04620903 -0.4772028 0.8166908 -0.3244901 -0.187744 0.9820944 -0.01558721 -0.1929017 0.981213 -0.003155887 -0.4101269 0.8122351 -0.4148135 -0.1069547 0.9941145 -0.01723527 -0.5971074 0.1808285 -0.7815138 -0.9364174 0.139657 -0.3218985 -0.8430659 -0.2467903 -0.4778438 -0.4085782 -0.7998649 -0.4396365 -0.2254419 -0.7895328 -0.5708011 -0.4793729 -0.4969791 -0.723335 -0.08952307 -0.8583102 -0.5052618 -0.2627899 -0.5667852 -0.7808304 -0.04034298 -0.8286852 -0.5582592 -0.3255145 0.1469825 -0.9340432 -0.1045988 -0.5787869 -0.8087428 -0.2245677 0.7909165 -0.569228 -0.1832005 0.1301902 -0.9744168 -0.1070843 0.7835166 -0.6120743 -0.07900965 0.9644899 -0.2520254 -0.05934894 0.1107853 -0.9920707 0.02116543 -0.5002446 -0.8656255 0.1428625 -0.8629285 -0.4847111 0.2515802 -0.6024167 -0.7574968 0.1751881 -0.3001552 -0.9376652 0.156081 -0.01173043 -0.9876746 0.1494033 0.342055 -0.9277268 -0.03951728 0.7080841 -0.7050216 0.05090433 0.6547201 -0.7541554 -0.04528182 0.8987203 -0.4361782 0.0601347 -0.9824937 -0.1763238 0.3008129 -0.8569282 -0.4185519 -0.04793924 -0.992096 0.1159641 0.2996972 -0.9530249 -0.04387569 0.5314319 -0.7408199 -0.4108116 0.2337549 -0.9528825 0.1933224 -0.085105 -0.9318824 0.3526365 -0.01551377 -0.903034 0.4292889 0.1389676 -0.8957948 0.4221845 0.4797484 -0.8739189 -0.07814937 0.267858 -0.9192956 0.2883536 0.2446587 -0.9081864 0.339617 0.392871 -0.9061467 0.1566864 0.3677013 -0.9194581 0.1392571 0.5177336 -0.8540112 -0.05115479 0.6442626 -0.7060443 -0.293985 0.6813333 -0.09661853 -0.7255687 0.7653645 -0.05886483 -0.6408994 0.7734586 -0.2278496 -0.5914782 0.8126209 -0.2369106 -0.5324664 0.8764231 -0.3009827 -0.3758882 0.9981592 -0.03062063 -0.05235046 0.9874436 0.1257465 -0.09561854 0.9020762 0.08478993 -0.4231657 0.9238802 -0.2207027 -0.3126271 0.8213596 -0.4182451 -0.3878654 0.7985849 -0.5100135 -0.3196067 0.9853723 -0.1456834 0.0884183 0.8972655 -0.4368767 -0.06366586 0.8184144 -0.5206248 -0.2432034 0.7424258 -0.6588306 -0.1214345 0.7954164 -0.6051794 -0.03272294 0.7286471 -0.6818882 0.06404703 0.9481533 -0.1765926 0.2642359 0.8231232 -0.5064138 0.256931 0.7695983 -0.6230015 0.1399563 0.696164 -0.6203613 0.3612585 0.7103455 -0.602473 0.363917 0.6448863 -0.5461559 0.5346359 0.6540177 -0.5571433 0.5117149 0.5936086 -0.4506183 0.6667624 0.8965376 -0.1150694 0.427761 0.7189883 -0.4028342 0.5663748 0.5889757 -0.4282874 0.6853303 0.536588 -0.2815547 0.7954875 0.5321059 -0.2915637 0.7948925 0.4777687 -0.1090999 0.8716848 0.8442983 0.02243447 0.5354038 0.6128624 -0.1466897 0.7764548 0.4559928 -0.1032012 0.8839796 0.4033837 0.06647193 0.9126134 0.5357002 0.1923958 0.8221978 0.4092382 0.07344961 0.9094665 0.4193762 0.2061561 0.8840945 0.8054485 0.1990498 0.55824 0.5105913 0.5153017 0.6883029 0.3734279 0.278262 0.8849418 0.4670162 0.3513666 0.8114416 0.7904039 0.3674526 0.4901432 0.4111322 0.4330983 0.8021199 0.5178037 0.5602802 0.6465024 0.5440911 0.7284049 0.4164025 0.4466657 0.6199945 0.6450556 0.5614241 0.6874973 0.460598 0.8031902 0.4825233 0.3493665 0.4417241 0.7316999 0.5191291 0.572924 0.7514494 0.3272337 0.6245618 0.7760088 0.08793777 0.4584531 0.8238255 0.3333654 0.6142832 0.7758477 0.1439322 0.8403847 0.5134282 0.1736236 0.4974153 0.8530729 0.1576227 0.6474072 0.7607122 -0.04670214 0.7281717 0.6535431 -0.2065128 0.532239 0.8444156 -0.0606963 0.6754357 0.7112525 -0.1946963 0.892022 0.4518811 0.01001226 0.5715483 0.7916318 -0.21599 0.6938573 0.6176201 -0.3702804 0.8274473 0.4004815 -0.3936313 0.6334923 0.6611747 -0.401915 0.7527999 0.4556496 -0.4750534 0.9442634 0.3143793 -0.097633 0.9020825 0.08475828 -0.4231588 0.9874393 0.1257615 -0.09564334 0.6700274 0.5334057 -0.5162768 0.8447519 0.2589527 -0.4683351 0.7207683 0.3233709 -0.6131268 0.7547165 0.1574606 -0.6368745 0.7653475 -0.05885493 -0.6409206 0.7879921 0.1273491 -0.6023709 0.6813256 -0.09661597 -0.7255762 -0.6813333 -0.09661847 -0.7255687 -0.7734586 -0.2278499 -0.5914781 -0.7653643 -0.05886507 -0.6408997 -0.8126211 -0.2369106 -0.5324664 -0.8764231 -0.3009826 -0.3758884 -0.9981593 -0.03062033 -0.05235022 -0.9874365 0.1257683 -0.09566384 -0.9020763 0.08479022 -0.4231657 -0.9238802 -0.2207027 -0.3126271 -0.8213598 -0.4182448 -0.3878653 -0.7985849 -0.5100134 -0.3196068 -0.9853723 -0.145683 0.08841854 -0.8972657 -0.4368765 -0.06366515 -0.8184144 -0.5206248 -0.2432033 -0.7424258 -0.6588305 -0.1214348 -0.9481531 -0.1765924 0.2642362 -0.7954162 -0.6051796 -0.032723 -0.728647 -0.6818883 0.06404739 -0.823123 -0.5064136 0.2569313 -0.7695981 -0.6230018 0.1399562 -0.6961641 -0.6203612 0.3612583 -0.7103464 -0.6024719 0.3639171 -0.6448863 -0.5461561 0.5346356 -0.6540179 -0.5571431 0.5117151 -0.5936086 -0.4506186 0.6667621 -0.8965375 -0.1150689 0.4277613 -0.7189884 -0.4028342 0.5663747 -0.5889754 -0.4282873 0.6853305 -0.5365877 -0.2815548 0.7954876 -0.5321038 -0.291564 0.7948938 -0.4777687 -0.1091 0.8716848 -0.8442971 0.02243411 0.5354056 -0.6128621 -0.1466892 0.7764549 -0.5357011 0.1923955 0.8221973 -0.4559923 -0.1032013 0.88398 -0.4033837 0.06647169 0.9126135 -0.8054503 0.1990491 0.5582378 -0.4092401 0.07344919 0.9094656 -0.4193763 0.2061555 0.8840948 -0.51059 0.5153025 0.6883031 -0.3734285 0.278262 0.8849416 -0.4670162 0.3513661 0.8114418 -0.4111328 0.4330981 0.8021196 -0.5178037 0.5602805 0.6465023 -0.7904047 0.3674522 0.4901421 -0.5440914 0.7284047 0.4164029 -0.4466663 0.6199942 0.6450554 -0.5614241 0.6874973 0.460598 -0.4417244 0.7316998 0.5191291 -0.5729241 0.7514495 0.3272337 -0.8031907 0.4825226 0.3493664 -0.6245612 0.7760092 0.08793801 -0.4584533 0.8238254 0.3333653 -0.6142832 0.7758477 0.1439325 -0.840384 0.5134291 0.1736238 -0.4974147 0.8530731 0.1576229 -0.6474071 0.7607123 -0.04670184 -0.7281712 0.6535437 -0.2065125 -0.5322389 0.8444157 -0.06069618 -0.6754357 0.7112525 -0.1946963 -0.8920218 0.4518815 0.01001238 -0.5715482 0.7916319 -0.21599 -0.6938573 0.6176196 -0.3702809 -0.8274475 0.4004811 -0.3936314 -0.6334922 0.6611747 -0.4019149 -0.7527999 0.45565 -0.4750532 -0.9442639 0.3143781 -0.09763234 -0.9020824 0.08475822 -0.4231588 -0.9874392 0.1257622 -0.09564459 -0.6700277 0.5334056 -0.5162765 -0.844752 0.2589531 -0.468335 -0.7207686 0.3233706 -0.6131266 -0.7547162 0.1574609 -0.6368747 -0.7653471 -0.05885428 -0.6409213 -0.7879921 0.1273487 -0.6023709 -0.6813256 -0.09661602 -0.7255763 -0.5561437 0.7906697 -0.2560189 -0.5563689 0.8018901 -0.217775 -0.9140663 0.06301903 -0.4006389 -0.9273595 0.07929724 -0.3656726 -0.5940142 -0.7308053 -0.33626 -0.6178923 -0.6776378 -0.3987684 -0.9487025 0.07984787 -0.3059218 -0.5650711 0.7898377 -0.2384348 -0.6252874 -0.6508871 -0.4305366 -0.572184 0.7241159 -0.3850477 -0.974792 0.04247111 -0.2190362 -0.6060229 -0.6211967 -0.4968411 -0.4660202 0.6467834 -0.6037353 -0.4968882 -0.5341312 -0.6839635 -0.3344319 0.4458047 -0.8303093 -0.3596538 -0.4089722 -0.838684 -0.2737711 0.04133021 -0.9609065 0.5561434 0.7906697 -0.2560193 0.9140664 0.06301873 -0.4006389 0.5563684 0.8018902 -0.2177765 0.9273595 0.07929718 -0.3656726 0.5940144 -0.7308053 -0.3362597 0.6178933 -0.6776381 -0.3987663 0.9487025 0.07984781 -0.3059217 0.5650709 0.7898376 -0.2384352 0.6252875 -0.6508871 -0.4305363 0.5721841 0.7241157 -0.3850478 0.974792 0.04247099 -0.2190363 0.6060227 -0.6211964 -0.4968416 0.4660202 0.6467835 -0.6037353 0.4968881 -0.5341312 -0.6839635 0.334432 0.4458044 -0.8303094 0.3596538 -0.4089722 -0.838684 0.2737711 0.04132974 -0.9609066 0.8308182 -0.2850029 -0.4780318 0.9054376 -0.3971813 0.1497657 0.5805833 -0.4409788 -0.6844419 0.6824756 -0.644029 0.3456208 0.6135742 -0.5835741 0.5319474 0.00728172 -0.9193135 0.3934586 0.006115555 -0.7843601 -0.6202757 0.01746159 -0.6773606 0.7354439 0.03111374 -0.6032195 0.7969682 -0.5876845 -0.4494975 -0.6727399 -0.6193929 -0.5691207 0.5407902 -0.6724759 -0.6446983 0.3635111 -0.9065269 -0.3951265 0.1486067 -0.8383077 -0.2988395 -0.4559991 -0.5805827 -0.4409794 -0.684442 -0.9054377 -0.3971813 0.1497657 -0.8308182 -0.2850029 -0.4780318 -0.6824756 -0.6440292 0.3456207 -0.6135742 -0.5835741 0.5319474 -0.00728172 -0.9193136 0.3934584 -0.006115615 -0.78436 -0.6202758 -0.01746153 -0.6773607 0.7354439 -0.03111368 -0.6032193 0.7969683 0.5876848 -0.4494972 -0.6727399 0.619393 -0.5691207 0.5407902 0.6724761 -0.6446982 0.3635111 0.9065269 -0.3951265 0.1486067 0.8383077 -0.2988395 -0.4559991 -0.556137 0.7906477 -0.2561013 0.6045153 0.7021405 0.3762448 -0.5563905 0.8018684 -0.2177994 0.6551547 0.6895054 0.3087957 0.8122514 0.2778188 0.5128981 0.7242896 0.2103769 0.6566173 0.8170518 -0.03516662 0.575491 0.6419544 0.733105 0.2246146 -0.5650815 0.7898319 -0.2384293 0.87536 0.3221469 0.3605083 0.8645032 -0.06426018 0.4985027 0.7546682 -0.5106845 0.4119191 0.6575748 0.7377398 0.1527597 0.7970163 -0.4775168 0.3697876 0.5604956 -0.7886609 0.2527029 0.8889001 0.3745002 0.26383 0.6364207 0.7685462 0.06561577 -0.5722025 0.7241028 -0.3850449 0.9085831 -0.07035917 0.411736 0.9060363 0.3865805 0.1722028 0.9405461 -0.05608916 0.3350032 0.6649312 0.746782 -0.01353406 0.6927025 0.7117389 -0.1165806 -0.4660055 0.6467696 -0.6037616 0.9197427 0.3811333 0.0938667 0.9727463 -0.04672181 0.2271166 0.8227677 -0.4795057 0.3051683 0.8331701 -0.4974417 0.2416184 0.5254675 -0.8417575 0.1238072 0.5345188 -0.8224352 0.1946536 -0.5940365 -0.7307959 -0.336241 -0.6179253 -0.6776156 -0.398755 -0.6252626 -0.6508994 -0.4305539 0.5362741 -0.8428408 0.04505097 0.5589866 -0.8291705 -0.003232061 -0.606009 -0.6212093 -0.4968424 0.8613953 -0.477612 0.1728728 0.5928336 -0.8028101 -0.06359601 0.9866222 -0.02632331 0.1608843 0.8802577 -0.4627019 0.1051356 0.9965955 -0.003625869 0.08236712 0.6173955 -0.7737614 -0.1418317 -0.4968806 -0.5341462 -0.6839573 0.8996117 -0.4353476 0.03422707 0.7048028 -0.641901 -0.3020203 0.8291261 -0.3848337 -0.405528 -0.3596715 -0.4089058 -0.8387088 0.9293828 -0.3583202 -0.08862584 -0.2737687 0.0413528 -0.9609062 0.9270215 0.3747496 0.0139302 0.934145 0.3475998 -0.08091819 0.9996339 0.003041744 -0.02688986 0.9679947 -0.1845254 -0.1701079 0.887365 0.01764285 -0.4607301 0.9750799 0.01002764 -0.2216272 0.8477119 0.3744246 -0.3757537 -0.3344477 0.4457773 -0.8303176 0.9513788 0.242994 -0.1892939 0.7771622 0.5814057 -0.2408038 0.5563903 0.8018684 -0.2178 -0.6045149 0.7021408 0.3762449 0.5561379 0.7906469 -0.2561019 -0.6551547 0.6895053 0.3087958 -0.8122514 0.2778188 0.5128982 -0.7242894 0.2103768 0.6566175 -0.8170517 -0.03516674 0.5754912 -0.6419544 0.733105 0.2246145 0.5650827 0.7898321 -0.2384258 -0.8753599 0.3221471 0.3605086 -0.8645029 -0.06426012 0.4985031 -0.7546684 -0.5106844 0.4119191 -0.6575748 0.7377398 0.1527597 -0.7970163 -0.4775168 0.3697876 -0.5604959 -0.7886607 0.2527028 -0.6364207 0.7685462 0.06561577 0.5722028 0.7241026 -0.3850448 -0.8889001 0.3745003 0.2638301 -0.9085828 -0.07035905 0.4117367 -0.9060363 0.3865805 0.1722028 -0.940546 -0.05608904 0.3350034 -0.8227676 -0.4795059 0.3051684 -0.6649311 0.7467821 -0.01353406 -0.9727463 -0.04672175 0.2271166 -0.6927025 0.7117389 -0.1165806 0.4660056 0.6467695 -0.6037616 -0.9197427 0.3811332 0.0938667 -0.7771621 0.5814058 -0.2408037 0.3344472 0.4457777 -0.8303177 -0.9270216 0.3747492 0.01393026 -0.847712 0.3744244 -0.3757536 0.2737689 0.0413531 -0.9609062 -0.934145 0.3475996 -0.08091801 -0.9513789 0.2429941 -0.1892939 -0.887365 0.01764285 -0.4607301 -0.97508 0.01002764 -0.2216272 -0.9996339 0.003041863 -0.02688986 -0.9965955 -0.003625869 0.08236718 -0.9679946 -0.1845257 -0.170108 -0.9293826 -0.3583204 -0.08862584 -0.829126 -0.384834 -0.4055282 0.3596722 -0.4089055 -0.8387087 0.4968802 -0.5341468 -0.6839571 -0.7048031 -0.6419006 -0.3020201 -0.8996116 -0.4353476 0.03422707 -0.6173954 -0.7737615 -0.1418319 0.6060088 -0.6212089 -0.496843 -0.5928336 -0.8028101 -0.06359612 -0.8802578 -0.4627017 0.1051356 -0.9866223 -0.02632337 0.1608843 -0.8613952 -0.477612 0.1728728 -0.5589864 -0.8291706 -0.003232061 0.6252627 -0.6508992 -0.430554 -0.8331701 -0.4974418 0.2416185 -0.536274 -0.8428408 0.04505103 -0.5254673 -0.8417577 0.1238072 0.6179233 -0.6776146 -0.3987597 -0.5345188 -0.8224352 0.1946536 0.5940365 -0.730796 -0.3362408 0.8274401 0.4004891 -0.3936389 0.941554 0.1819808 0.283477 0.9020925 0.0847581 -0.4231373 0.7281847 0.6535437 -0.2064651 0.6245291 0.7760354 0.08793485 0.5440934 0.7284085 0.4163935 0.5105891 0.5153238 0.688288 0.5357077 0.1924023 0.8221915 0.6128493 -0.1466654 0.7764696 0.7190101 -0.4027966 0.5663738 0.8231329 -0.5064122 0.2569026 0.8972666 -0.4368779 -0.06364268 0.9238709 -0.2207109 -0.3126488 0.9020933 0.08475458 -0.4231364 -0.9020926 0.0847581 -0.4231374 -0.941554 0.1819808 0.283477 -0.8274399 0.4004893 -0.3936388 -0.7281846 0.6535438 -0.206465 -0.6245291 0.7760354 0.08793479 -0.5440934 0.7284086 0.4163933 -0.510589 0.5153235 0.6882882 -0.5357074 0.1924027 0.8221915 -0.6128495 -0.1466654 0.7764694 -0.7190106 -0.4027966 0.5663733 -0.823133 -0.5064122 0.2569026 -0.8972666 -0.4368779 -0.06364274 -0.9238709 -0.220711 -0.3126488 -0.9020934 0.08475422 -0.4231362 0.6442674 -0.7060293 -0.2940106 0.7696604 -0.4080716 -0.4910197 0.6516559 -0.7284918 -0.211292 0.4947631 -0.8685321 -0.02935129 0.6910602 -0.4824387 -0.5382274 0.5177625 -0.8539946 -0.0511406 0.5314275 -0.740821 -0.4108154 0.372967 -0.9079406 0.1911531 0.5318365 -0.56694 -0.62907 0.39286 -0.9061574 0.1566519 0.3008227 -0.8569218 -0.4185581 0.2446453 -0.9081776 0.3396502 0.3030442 -0.6711637 -0.6765379 0.2109177 -0.8960647 0.3906173 0.0181961 -0.7829116 -0.621867 0.1222392 -0.8639658 0.4884881 0.06013983 -0.9824915 -0.1763345 0.1389565 -0.8957976 0.4221822 -0.2465335 -0.9066947 -0.3422366 0.06173509 -0.8406383 0.5380669 -0.2981265 -0.9513044 -0.07836097 -0.03575694 -0.8393471 0.5424187 -0.04794585 -0.9920969 0.115952 -0.01550763 -0.9030264 0.4293053 -0.2694057 -0.9534336 0.1355915 -0.2215486 -0.8081588 0.5457065 -0.274322 -0.8937711 0.3548529 -0.08507561 -0.9318915 0.3526195 -0.5877054 -0.4494597 -0.6727469 0 0 -1 0.006157279 -0.7843711 -0.6202613 -0.8383302 -0.2987868 -0.4559926 0.5805568 -0.4410219 -0.6844367 0 0 -1 -0.7194976 0.01133859 -0.6944024 0.8308182 -0.2849993 -0.478034 0 0 -1 0.8972384 -0.005455315 -0.4415128 0 0 -1 -0.5576078 0.4774268 -0.6790708 0.5706192 0.4507382 -0.6864612 0.006918489 0.7319205 -0.6813549 -0.0061571 -0.7843711 -0.6202612 0 0 -1 0.5877056 -0.4494595 -0.672747 -0.5805568 -0.4410219 -0.6844367 0.8383301 -0.2987867 -0.4559925 0 0 -1 -0.8308187 -0.2849981 -0.478034 0.7194976 0.01133871 -0.6944024 0 0 -1 -0.8972384 -0.005455315 -0.4415128 0 0 -1 0.5576077 0.4774269 -0.6790708 -0.5706192 0.4507381 -0.6864612 -0.006918132 0.7319205 -0.6813549 0.3339473 0.06531357 -0.9403263 0.2940592 0.6510912 -0.699721 0.6242306 0.04207891 -0.7801063 0.385972 0.7645789 -0.5161829 -0.2891826 0.08923405 -0.9531059 0.2884497 0.9574943 -0.001172065 -0.2027205 0.6524159 -0.7302451 -0.9061115 0.0983808 -0.4114405 0.1729298 0.9849112 0.006729364 0.2529017 0.7076979 0.6597003 -0.06920397 0.9954918 -0.06486177 -0.6345118 0.7046332 -0.3176269 -0.6344714 0.6939517 0.3404074 -0.8835273 0.0990442 0.4577879 -0.2415633 0.710914 0.6604911 -0.3752438 0.04876005 0.9256428 0.07861149 -0.002910912 0.9969012 0.09614807 0.71064 0.696955 0.2329396 -0.02510023 0.9721673 -0.6242306 0.04207897 -0.7801061 -0.2940593 0.6510913 -0.6997209 -0.3339473 0.06531351 -0.9403263 -0.3859722 0.7645789 -0.5161827 0.2891827 0.08923405 -0.9531059 -0.2884492 0.9574945 -0.001172065 0.2027205 0.652416 -0.7302451 0.9061115 0.09838068 -0.4114403 -0.1729295 0.9849112 0.006729364 -0.2529011 0.7076981 0.6597003 0.06920391 0.9954918 -0.06486177 0.6345119 0.7046332 -0.3176269 0.6344714 0.6939517 0.3404074 0.8835273 0.09904402 0.457788 0.2415634 0.710914 0.6604911 0.3752441 0.04875981 0.9256427 -0.07861137 -0.002910912 0.9969011 -0.09614771 0.7106401 0.696955 -0.2329396 -0.02510029 0.9721673 0.3787366 -0.7906039 -0.4811488 0.8430826 -0.2467845 -0.4778171 0.4361659 -0.8686424 -0.2349888 0.002400636 -0.7590276 0.6510541 0.9980074 0.05635446 -0.02837967 0.9364277 0.1396554 -0.3218691 0.4332385 -0.7230246 0.5380892 -0.2093595 -0.3860148 0.8984216 0.5484237 0.7982326 -0.2491108 0.4352815 -0.3272407 0.8387156 -0.2787902 -0.0260564 0.9599985 0.3301687 0.03161793 0.9433923 -0.2222687 0.5777549 0.7853637 0.3093459 0.9292885 0.2018119 -0.3423262 0.933528 0.106482 0.3505963 0.527347 0.7739429 -0.3885021 -0.5898798 0.7078898 -0.4176117 -0.8850125 -0.2057992 -0.4085807 -0.7998491 -0.4396626 -0.8430826 -0.2467845 -0.4778171 -0.3885228 -0.757648 0.5244231 0.2084698 -0.4202853 0.8831198 -0.9980075 0.05635446 -0.02837967 -0.9364277 0.1396555 -0.3218691 -0.4352813 -0.3272409 0.8387156 0.2787905 -0.02605634 0.9599984 -0.4771731 0.8166992 -0.3245125 -0.3301687 0.03161793 0.9433923 0.2218419 0.5367822 0.8140338 -0.3456159 0.9148632 0.2087463 0.4247518 0.9038816 0.05083382 -0.3574268 0.5111318 0.7816589</float_array>
          <technique_common>
            <accessor source="#Untitled-mesh-normals-array" count="2445" stride="3">
              <param name="X" type="float"/>
              <param name="Y" type="float"/>
              <param name="Z" type="float"/>
            </accessor>
          </technique_common>
        </source>
        <source id="Untitled-mesh-map-0">
          <float_array id="Untitled-mesh-map-0-array" count="20844">0.6940649 0.5252403 0.6412524 0.5252403 0.6660687 0.5252402 0.06737345 0.1752157 0.06818652 0.190687 0.04771417 0.1752157 0.04869264 0.190687 0.04771417 0.1752157 0.06818652 0.190687 0.04771417 0.1752157 0.04869264 0.190687 0.0320096 0.1752157 0.03274005 0.190687 0.0320096 0.1752157 0.04869264 0.190687 0.0320096 0.1752157 0.03274005 0.190687 0.01665365 0.1752157 0.01665365 0.190687 0.01665365 0.1752157 0.03274005 0.190687 0.01665365 0.1752157 0.01665365 0.190687 0.007266163 0.1752157 0.007266163 0.190687 0.007266163 0.1752157 0.01665365 0.190687 0.01665365 0.190687 0.007266163 0.1752157 0.007266163 0.190687 0.01665365 0.1752157 0.007266163 0.1752157 0.01665365 0.190687 0.03274005 0.190687 0.01665365 0.1752157 0.01665365 0.190687 0.0320096 0.1752157 0.01665365 0.1752157 0.03274005 0.190687 0.04869264 0.190687 0.0320096 0.1752157 0.03274005 0.190687 0.04771417 0.1752157 0.0320096 0.1752157 0.04869264 0.190687 0.06818652 0.190687 0.04771417 0.1752157 0.04869264 0.190687 0.06737345 0.1752157 0.04771417 0.1752157 0.06818652 0.190687 0.2333974 0.02750277 0.2337002 0.01108992 0.2478004 0.02750277 0.2478004 0.01108992 0.2478004 0.02750277 0.2337002 0.01108992 0.2478004 0.02750277 0.2478004 0.01108992 0.2634016 0.02750277 0.2634016 0.01108992 0.2634016 0.02750277 0.2478004 0.01108992 0.2634016 0.02750277 0.2634016 0.01108992 0.2805449 0.02750277 0.2805449 0.01108992 0.2805449 0.02750277 0.2634016 0.01108992 0.2805449 0.02750277 0.2805449 0.01108992 0.2956594 0.02750277 0.2956594 0.01108992 0.2956594 0.02750277 0.2805449 0.01108992 0.2956594 0.01108992 0.2805449 0.01108992 0.2956594 0.02750277 0.2956594 0.02750277 0.2805449 0.01108992 0.2805449 0.02750277 0.2805449 0.01108992 0.2634016 0.01108992 0.2805449 0.02750277 0.2805449 0.02750277 0.2634016 0.01108992 0.2634016 0.02750277 0.2634016 0.01108992 0.2478004 0.01108992 0.2634016 0.02750277 0.2634016 0.02750277 0.2478004 0.01108992 0.2478004 0.02750277 0.2478004 0.01108992 0.2337002 0.01108992 0.2478004 0.02750277 0.2478004 0.02750277 0.2337002 0.01108992 0.2333974 0.02750277 0.48116 0.406026 0.487058 0.41189 0.473677 0.42298 0.487058 0.41189 0.469412 0.438893 0.473677 0.42298 0.487819 0.43646 0.469412 0.438893 0.487058 0.41189 0.469762 0.444302 0.469412 0.438893 0.487819 0.43646 0.487819 0.43646 0.479487 0.453967 0.469762 0.444302 0.487819 0.43646 0.48827 0.452637 0.479487 0.453967 0.473677 0.42298 0.487058 0.41189 0.48116 0.406026 0.473677 0.42298 0.469412 0.438893 0.487058 0.41189 0.487819 0.43646 0.487058 0.41189 0.469412 0.438893 0.487819 0.43646 0.469412 0.438893 0.469762 0.444302 0.469762 0.444302 0.479487 0.453967 0.487819 0.43646 0.479487 0.453967 0.48827 0.452637 0.487819 0.43646 0.5795679 0.6377145 0.6126081 0.6296441 0.60912 0.6235768 0.6375492 0.623552 0.60912 0.6235768 0.6126081 0.6296441 0.639119 0.6038253 0.60912 0.6235768 0.6375492 0.623552 0.639119 0.6038253 0.6218847 0.6023859 0.60912 0.6235768 0.6836223 0.6269046 0.639119 0.6038253 0.6375492 0.623552 0.6218847 0.6023859 0.639119 0.6038253 0.6407319 0.5749014 0.6218847 0.6023859 0.6407319 0.5749014 0.6259852 0.5738795 0.639119 0.6038253 0.6836223 0.6269046 0.6862397 0.6117085 0.6259852 0.5738795 0.6407319 0.5749014 0.6412524 0.5505402 0.6259852 0.5738795 0.6412524 0.5505402 0.623161 0.5499437 0.6898623 0.5818143 0.6407319 0.5749014 0.639119 0.6038253 0.639119 0.6038253 0.6862397 0.6117085 0.6898623 0.5818143 0.6412524 0.5505402 0.6407319 0.5749014 0.6898623 0.5818143 0.6412524 0.5505402 0.6279521 0.5376968 0.623161 0.5499437 0.7229322 0.628733 0.6862397 0.6117085 0.6836223 0.6269046 0.6898623 0.5818143 0.6862397 0.6117085 0.7229322 0.628733 0.7229322 0.628733 0.6836223 0.6269046 0.7222222 0.6500847 0.6934093 0.5505402 0.6412524 0.5505402 0.6898623 0.5818143 0.6412524 0.5505402 0.6934093 0.5505402 0.6279521 0.5376968 0.7256826 0.5866661 0.6898623 0.5818143 0.7229322 0.628733 0.6898623 0.5818143 0.7256826 0.5866661 0.6934093 0.5505402 0.7229322 0.628733 0.7222222 0.6500847 0.7624273 0.6638116 0.7222222 0.6500847 0.722413 0.6709942 0.7624273 0.6638116 0.7624273 0.6311525 0.7229322 0.628733 0.7624273 0.6638116 0.7256826 0.5866661 0.7229322 0.628733 0.7624273 0.6311525 0.7624273 0.6638116 0.772513 0.6311525 0.7624273 0.6311525 0.772513 0.6642062 0.772513 0.6311525 0.7624273 0.6638116 0.7624273 0.5896118 0.7256826 0.5866661 0.7624273 0.6311525 0.80888 0.6311525 0.772513 0.6311525 0.772513 0.6642062 0.8104232 0.6731985 0.80888 0.6311525 0.772513 0.6642062 0.772513 0.5896118 0.7624273 0.6311525 0.772513 0.6311525 0.7624273 0.5896118 0.7624273 0.6311525 0.772513 0.5896118 0.772513 0.6311525 0.8090714 0.5896118 0.772513 0.5896118 0.772513 0.6311525 0.80888 0.6311525 0.8090714 0.5896118 0.772513 0.5505725 0.7624273 0.5896118 0.772513 0.5896118 0.772513 0.5896118 0.8090714 0.5896118 0.772513 0.5505725 0.7624273 0.5896118 0.7624273 0.5504255 0.7256826 0.5866661 0.7624273 0.5504255 0.7624273 0.5896118 0.772513 0.5505725 0.6934093 0.5505402 0.7256826 0.5866661 0.7624273 0.5504255 0.7624273 0.5504255 0.6940649 0.5376968 0.6934093 0.5505402 0.6279521 0.5376968 0.6934093 0.5505402 0.6940649 0.5376968 0.7624273 0.5504255 0.772513 0.5505725 0.7672488 0.5375077 0.7672488 0.5375077 0.6940649 0.5376968 0.7624273 0.5504255 0.623161 0.5499437 0.6279521 0.5376968 0.5918433 0.5505402 0.6940649 0.5376968 0.6660687 0.5252402 0.6279521 0.5376968 0.6940649 0.5252403 0.6660687 0.5252402 0.6940649 0.5376968 0.7672488 0.5375077 0.6940649 0.5252403 0.6940649 0.5376968 0.6412524 0.5252403 0.6279521 0.5376968 0.6660687 0.5252402 0.668622 0.5207571 0.6412524 0.5252403 0.6940649 0.5252403 0.5918433 0.5505402 0.6279521 0.5376968 0.5768102 0.5376968 0.6412524 0.5252403 0.5768102 0.5376968 0.6279521 0.5376968 0.5768102 0.5376968 0.5618612 0.5505402 0.5918433 0.5505402 0.611179 0.5207571 0.5768102 0.5252403 0.6412524 0.5252403 0.5768102 0.5252403 0.5768102 0.5376968 0.6412524 0.5252403 0.5768102 0.5376968 0.539789 0.5376968 0.5618612 0.5505402 0.5768102 0.5252403 0.539789 0.5376968 0.5768102 0.5376968 0.539789 0.5376968 0.5397887 0.5505402 0.5618612 0.5505402 0.539789 0.5252403 0.539789 0.5376968 0.5768102 0.5252403 0.5597503 0.5207571 0.539789 0.5252403 0.5768102 0.5252403 0.7672487 0.5251327 0.7297989 0.5207571 0.6940649 0.5252403 0.7672487 0.5251327 0.6940649 0.5252403 0.7672488 0.5375077 0.7852082 0.5207571 0.7672487 0.5251327 0.805472 0.5250251 0.7672487 0.5251327 0.7672488 0.5375077 0.805472 0.5250251 0.7672488 0.5375077 0.8481008 0.5373187 0.805472 0.5250251 0.7672488 0.5375077 0.772513 0.5505725 0.8481008 0.5373187 0.8264927 0.5207571 0.805472 0.5250251 0.848101 0.5250251 0.8481008 0.5373187 0.848101 0.5250251 0.805472 0.5250251 0.8481008 0.5373187 0.772513 0.5505725 0.8481008 0.5501363 0.8481008 0.5501363 0.772513 0.5505725 0.8090714 0.5896118 0.9090822 0.5373187 0.848101 0.5250251 0.8481008 0.5373187 0.8481008 0.5501363 0.9090822 0.5373187 0.8481008 0.5373187 0.9090822 0.5250251 0.8740579 0.5207571 0.848101 0.5250251 0.9090822 0.5250251 0.848101 0.5250251 0.9090822 0.5373187 0.8477857 0.5896118 0.8481008 0.5501363 0.8090714 0.5896118 0.8477857 0.5896118 0.8090714 0.5896118 0.80888 0.6311525 0.95411 0.5250251 0.9332048 0.5207571 0.9090822 0.5250251 0.9880223 0.5250251 0.973588 0.5207571 0.95411 0.5250251 0.9880223 0.5250251 0.95411 0.5250251 0.9880224 0.5373187 0.95411 0.5250251 0.9090822 0.5250251 0.95411 0.5373187 0.95411 0.5373187 0.9090822 0.5250251 0.9090822 0.5373187 0.9880224 0.5373187 0.95411 0.5250251 0.95411 0.5373187 0.9090825 0.5501363 0.9090822 0.5373187 0.8481008 0.5501363 0.9090825 0.5501363 0.95411 0.5373187 0.9090822 0.5373187 0.9055681 0.5896118 0.9090825 0.5501363 0.8481008 0.5501363 0.8481008 0.5501363 0.8477857 0.5896118 0.9055681 0.5896118 0.95411 0.5501363 0.95411 0.5373187 0.9090825 0.5501363 0.95411 0.5501363 0.9090825 0.5501363 0.9507239 0.5896118 0.9090825 0.5501363 0.9055681 0.5896118 0.9507239 0.5896118 0.95411 0.5373187 0.95411 0.5501363 0.9807248 0.5501363 0.9807248 0.5501363 0.95411 0.5501363 0.9507239 0.5896118 0.9880224 0.5373187 0.95411 0.5373187 0.9807248 0.5501363 0.9502816 0.6311525 0.9507239 0.5896118 0.9055681 0.5896118 0.9807248 0.5501363 0.9507239 0.5896118 0.9807248 0.5896118 0.9502816 0.6311525 0.9807248 0.5896118 0.9507239 0.5896118 0.9880223 0.5896118 0.9807248 0.5501363 0.9807248 0.5896118 0.9880223 0.5896118 0.9880223 0.5501363 0.9807248 0.5501363 0.9880223 0.5501363 0.9880224 0.5373187 0.9807248 0.5501363 0.9880223 0.6311525 0.9880223 0.5896118 0.9807248 0.5896118 0.9880223 0.5501363 0.9807248 0.5501363 0.9880224 0.5373187 0.9880223 0.5896118 0.9807248 0.5501363 0.9880223 0.5501363 0.9880223 0.6311525 0.9807248 0.5896118 0.9807248 0.6311525 0.9502816 0.6311525 0.9807248 0.6311525 0.9807248 0.5896118 0.9880223 0.6311525 0.9807248 0.6311525 0.9807248 0.6480737 0.9880224 0.6480737 0.9880223 0.6311525 0.9807248 0.6480737 0.9807248 0.6480737 0.9807248 0.6311525 0.9502816 0.6311525 0.9504271 0.6514902 0.9807248 0.6480737 0.9502816 0.6311525 0.9070669 0.6311525 0.9504271 0.6514902 0.9502816 0.6311525 0.9502816 0.6311525 0.9055681 0.5896118 0.9070669 0.6311525 0.9070669 0.6311525 0.9055681 0.5896118 0.8477857 0.5896118 0.9070669 0.6311525 0.9180304 0.6731985 0.9504271 0.6514902 0.8477857 0.5896118 0.8499141 0.6311525 0.9070669 0.6311525 0.9180304 0.6731985 0.9070669 0.6311525 0.8499141 0.6311525 0.8499141 0.6311525 0.8477857 0.5896118 0.80888 0.6311525 0.8499141 0.6311525 0.80888 0.6311525 0.8104232 0.6731985 0.8499141 0.6311525 0.854565 0.6731985 0.9180304 0.6731985 0.854565 0.6731985 0.8499141 0.6311525 0.8104232 0.6731985 0.854565 0.6731985 0.8843165 0.7023584 0.9180304 0.6731985 0.8559169 0.7023584 0.854565 0.6731985 0.8104232 0.6731985 0.854565 0.6731985 0.8559169 0.7023584 0.8843165 0.7023584 0.8652384 0.7386829 0.8843165 0.7023584 0.8559169 0.7023584 0.9880223 0.5896118 0.9807248 0.5896118 0.9807248 0.5501363 0.9880223 0.6311525 0.9807248 0.5896118 0.9880223 0.5896118 0.9880224 0.6480737 0.9807248 0.6480737 0.9880223 0.6311525 0.9880223 0.6311525 0.9807248 0.6311525 0.9807248 0.5896118 0.9880223 0.6311525 0.9807248 0.6480737 0.9807248 0.6311525 0.9807248 0.6480737 0.9502816 0.6311525 0.9807248 0.6311525 0.9502816 0.6311525 0.9807248 0.5896118 0.9807248 0.6311525 0.9504271 0.6514902 0.9502816 0.6311525 0.9807248 0.6480737 0.9807248 0.5501363 0.9807248 0.5896118 0.9507239 0.5896118 0.9502816 0.6311525 0.9507239 0.5896118 0.9807248 0.5896118 0.9070669 0.6311525 0.9502816 0.6311525 0.9504271 0.6514902 0.9070669 0.6311525 0.9504271 0.6514902 0.9180304 0.6731985 0.9502816 0.6311525 0.9055681 0.5896118 0.9507239 0.5896118 0.9502816 0.6311525 0.9070669 0.6311525 0.9055681 0.5896118 0.9807248 0.5501363 0.9507239 0.5896118 0.95411 0.5501363 0.95411 0.5501363 0.9507239 0.5896118 0.9090825 0.5501363 0.9090825 0.5501363 0.9507239 0.5896118 0.9055681 0.5896118 0.95411 0.5373187 0.9807248 0.5501363 0.95411 0.5501363 0.9090825 0.5501363 0.95411 0.5373187 0.95411 0.5501363 0.9880224 0.5373187 0.9807248 0.5501363 0.95411 0.5373187 0.9055681 0.5896118 0.8481008 0.5501363 0.9090825 0.5501363 0.95411 0.5373187 0.95411 0.5250251 0.9880224 0.5373187 0.9880224 0.5373187 0.95411 0.5250251 0.9880223 0.5250251 0.9880223 0.5250251 0.95411 0.5250251 0.973588 0.5207571 0.95411 0.5373187 0.9090822 0.5250251 0.95411 0.5250251 0.95411 0.5250251 0.9090822 0.5250251 0.9332048 0.5207571 0.9090822 0.5373187 0.95411 0.5373187 0.9090825 0.5501363 0.9090822 0.5373187 0.9090822 0.5250251 0.95411 0.5373187 0.8481008 0.5501363 0.9090822 0.5373187 0.9090825 0.5501363 0.9090822 0.5250251 0.848101 0.5250251 0.8740579 0.5207571 0.9090822 0.5373187 0.848101 0.5250251 0.9090822 0.5250251 0.8481008 0.5373187 0.848101 0.5250251 0.9090822 0.5373187 0.8481008 0.5373187 0.9090822 0.5373187 0.8481008 0.5501363 0.8264927 0.5207571 0.848101 0.5250251 0.805472 0.5250251 0.8481008 0.5373187 0.805472 0.5250251 0.848101 0.5250251 0.7852082 0.5207571 0.805472 0.5250251 0.7672487 0.5251327 0.7672488 0.5375077 0.805472 0.5250251 0.8481008 0.5373187 0.7672487 0.5251327 0.805472 0.5250251 0.7672488 0.5375077 0.7672487 0.5251327 0.6940649 0.5252403 0.7297989 0.5207571 0.7672488 0.5375077 0.6940649 0.5252403 0.7672487 0.5251327 0.8481008 0.5373187 0.772513 0.5505725 0.7672488 0.5375077 0.8481008 0.5501363 0.772513 0.5505725 0.8481008 0.5373187 0.6940649 0.5376968 0.6940649 0.5252403 0.7672488 0.5375077 0.7624273 0.5504255 0.7672488 0.5375077 0.772513 0.5505725 0.7624273 0.5504255 0.6940649 0.5376968 0.7672488 0.5375077 0.6940649 0.5252403 0.6940649 0.5376968 0.6676587 0.5252403 0.6940649 0.5252403 0.6676587 0.5252403 0.668622 0.5207571 0.6412524 0.5252403 0.668622 0.5207571 0.6676587 0.5252403 0.6279521 0.5376968 0.6676587 0.5252403 0.6940649 0.5376968 0.6412524 0.5252403 0.6676587 0.5252403 0.6279521 0.5376968 0.6934093 0.5505402 0.6940649 0.5376968 0.7624273 0.5504255 0.6940649 0.5376968 0.6934093 0.5505402 0.6279521 0.5376968 0.611179 0.5207571 0.6412524 0.5252403 0.5768102 0.5252403 0.5597503 0.5207571 0.5768102 0.5252403 0.539789 0.5252403 0.5768102 0.5252403 0.539789 0.5376968 0.539789 0.5252403 0.6412524 0.5252403 0.5768102 0.5376968 0.5768102 0.5252403 0.5768102 0.5376968 0.539789 0.5376968 0.5768102 0.5252403 0.6279521 0.5376968 0.5768102 0.5376968 0.6412524 0.5252403 0.539789 0.5376968 0.5618612 0.5505402 0.5397887 0.5505402 0.5768102 0.5376968 0.5618612 0.5505402 0.539789 0.5376968 0.5768102 0.5376968 0.5918433 0.5505402 0.5618612 0.5505402 0.5918433 0.5505402 0.5768102 0.5376968 0.6279521 0.5376968 0.623161 0.5499437 0.5918433 0.5505402 0.6279521 0.5376968 0.6279521 0.5376968 0.6934093 0.5505402 0.6412524 0.5505402 0.6412524 0.5505402 0.623161 0.5499437 0.6279521 0.5376968 0.6259852 0.5738795 0.623161 0.5499437 0.6412524 0.5505402 0.6259852 0.5738795 0.6412524 0.5505402 0.6407319 0.5749014 0.6218847 0.6023859 0.6259852 0.5738795 0.6407319 0.5749014 0.6934093 0.5505402 0.6898623 0.5818143 0.6412524 0.5505402 0.6412524 0.5505402 0.6898623 0.5818143 0.6407319 0.5749014 0.6218847 0.6023859 0.6407319 0.5749014 0.639119 0.6038253 0.6898623 0.5818143 0.639119 0.6038253 0.6407319 0.5749014 0.639119 0.6038253 0.60912 0.6235768 0.6218847 0.6023859 0.5795679 0.6377145 0.60912 0.6235768 0.6126081 0.6296441 0.6375492 0.623552 0.6126081 0.6296441 0.60912 0.6235768 0.639119 0.6038253 0.6375492 0.623552 0.60912 0.6235768 0.6836223 0.6269046 0.6375492 0.623552 0.639119 0.6038253 0.639119 0.6038253 0.6862397 0.6117085 0.6836223 0.6269046 0.639119 0.6038253 0.6898623 0.5818143 0.6862397 0.6117085 0.6862397 0.6117085 0.7229322 0.628733 0.6836223 0.6269046 0.6898623 0.5818143 0.7229322 0.628733 0.6862397 0.6117085 0.7229322 0.628733 0.7222222 0.6500847 0.6836223 0.6269046 0.6898623 0.5818143 0.6934093 0.5505402 0.7256826 0.5866661 0.7256826 0.5866661 0.7229322 0.628733 0.6898623 0.5818143 0.6934093 0.5505402 0.7624273 0.5504255 0.7256826 0.5866661 0.7229322 0.628733 0.7624273 0.6638116 0.7222222 0.6500847 0.7222222 0.6500847 0.7624273 0.6638116 0.722413 0.6709942 0.7256826 0.5866661 0.7624273 0.6311525 0.7229322 0.628733 0.7624273 0.6311525 0.7624273 0.6638116 0.7229322 0.628733 0.7624273 0.5896118 0.7256826 0.5866661 0.7624273 0.5504255 0.7624273 0.5896118 0.7624273 0.6311525 0.7256826 0.5866661 0.772513 0.5505725 0.7624273 0.5896118 0.7624273 0.5504255 0.7624273 0.6311525 0.772513 0.6311525 0.7624273 0.6638116 0.7624273 0.6638116 0.772513 0.6311525 0.772513 0.6642062 0.772513 0.5896118 0.7624273 0.6311525 0.7624273 0.5896118 0.772513 0.5896118 0.7624273 0.5896118 0.772513 0.5505725 0.772513 0.6311525 0.7624273 0.6311525 0.772513 0.5896118 0.772513 0.5896118 0.772513 0.5505725 0.8090714 0.5896118 0.772513 0.6311525 0.772513 0.5896118 0.8090714 0.5896118 0.8481008 0.5501363 0.8090714 0.5896118 0.772513 0.5505725 0.80888 0.6311525 0.772513 0.6642062 0.772513 0.6311525 0.772513 0.6311525 0.8090714 0.5896118 0.80888 0.6311525 0.8104232 0.6731985 0.772513 0.6642062 0.80888 0.6311525 0.8477857 0.5896118 0.8090714 0.5896118 0.8481008 0.5501363 0.8477857 0.5896118 0.80888 0.6311525 0.8090714 0.5896118 0.8481008 0.5501363 0.9055681 0.5896118 0.8477857 0.5896118 0.9070669 0.6311525 0.8477857 0.5896118 0.9055681 0.5896118 0.8499141 0.6311525 0.80888 0.6311525 0.8477857 0.5896118 0.8477857 0.5896118 0.9070669 0.6311525 0.8499141 0.6311525 0.8499141 0.6311525 0.8104232 0.6731985 0.80888 0.6311525 0.9180304 0.6731985 0.8499141 0.6311525 0.9070669 0.6311525 0.854565 0.6731985 0.8104232 0.6731985 0.8499141 0.6311525 0.8499141 0.6311525 0.9180304 0.6731985 0.854565 0.6731985 0.8559169 0.7023584 0.8104232 0.6731985 0.854565 0.6731985 0.854565 0.6731985 0.9180304 0.6731985 0.8843165 0.7023584 0.854565 0.6731985 0.8843165 0.7023584 0.8559169 0.7023584 0.8652384 0.7386829 0.8559169 0.7023584 0.8843165 0.7023584 0.7929852 0.7837843 0.7695353 0.7099896 0.8054944 0.7240482 0.7829881 0.7867341 0.7695353 0.7099896 0.7929852 0.7837843 0.7829881 0.7867341 0.7626714 0.7167099 0.7695353 0.7099896 0.7794626 0.788755 0.7626714 0.7167099 0.7829881 0.7867341 0.7626714 0.7167099 0.7455909 0.7010539 0.7695353 0.7099896 0.745076 0.7315274 0.7794626 0.788755 0.7698105 0.790356 0.7626714 0.7167099 0.7794626 0.788755 0.745076 0.7315274 0.7372131 0.7188147 0.7626714 0.7167099 0.745076 0.7315274 0.7455909 0.7010539 0.7626714 0.7167099 0.7372131 0.7188147 0.7372131 0.7188147 0.6885833 0.7005026 0.7455909 0.7010539 0.7455909 0.7010539 0.6885833 0.7005026 0.6872131 0.6850801 0.6885833 0.7005026 0.6250143 0.6957961 0.6872131 0.6850801 0.6872131 0.6850801 0.6250143 0.6957961 0.6271988 0.6806843 0.6271988 0.6806843 0.6250143 0.6957961 0.5995107 0.6869329 0.5739165 0.7061449 0.5995107 0.6869329 0.6250143 0.6957961 0.5628312 0.6952108 0.5995107 0.6869329 0.5739165 0.7061449 0.5628312 0.6952108 0.5739165 0.7061449 0.5402705 0.6975255 0.5402705 0.6975255 0.5739165 0.7061449 0.5313456 0.7121653 0.5402705 0.6975255 0.5313456 0.7121653 0.5152415 0.6982308 0.5152415 0.6982308 0.5313456 0.7121653 0.5152414 0.7116171 0.5313456 0.7121653 0.5308486 0.7318071 0.5152414 0.7116171 0.5152414 0.7116171 0.5308486 0.7318071 0.5152414 0.7329007 0.5308486 0.7318071 0.5312535 0.7522234 0.5152414 0.7329007 0.5152414 0.7329007 0.5312535 0.7522234 0.5152414 0.7527943 0.5152414 0.7527943 0.5312535 0.7522234 0.5152414 0.7723877 0.5152414 0.7723877 0.5312535 0.7522234 0.5332836 0.7732471 0.5152414 0.8011091 0.5152414 0.7723877 0.5332836 0.7732471 0.5332836 0.7732471 0.556874 0.8379742 0.5152414 0.8011091 0.5152414 0.8011091 0.556874 0.8379742 0.5152414 0.8059034 0.5332836 0.7732471 0.574402 0.8182377 0.556874 0.8379742 0.5152414 0.8059034 0.556874 0.8379742 0.5542629 0.8405554 0.6019805 0.8442815 0.556874 0.8379742 0.574402 0.8182377 0.5887088 0.8660569 0.5542629 0.8405554 0.556874 0.8379742 0.5887088 0.8660569 0.556874 0.8379742 0.6019805 0.8442815 0.6391641 0.8774576 0.5887088 0.8660569 0.6019805 0.8442815 0.5870609 0.8693901 0.5542629 0.8405554 0.5887088 0.8660569 0.6288272 0.9019671 0.5887088 0.8660569 0.6391641 0.8774576 0.5887088 0.8660569 0.6288272 0.9019671 0.5870609 0.8693901 0.5870609 0.8693901 0.6288272 0.9019671 0.6262156 0.9047624 0.5152414 0.7723877 0.5312535 0.7522234 0.5152414 0.7527943 0.5152414 0.7527943 0.5312535 0.7522234 0.5152414 0.7329007 0.5332836 0.7732471 0.5312535 0.7522234 0.5152414 0.7723877 0.5152414 0.7329007 0.5312535 0.7522234 0.5308486 0.7318071 0.5152414 0.8011091 0.5332836 0.7732471 0.5152414 0.7723877 0.5152414 0.7329007 0.5308486 0.7318071 0.5152414 0.7116171 0.5152414 0.7116171 0.5308486 0.7318071 0.5313456 0.7121653 0.5152414 0.7116171 0.5313456 0.7121653 0.5152415 0.6982308 0.5152415 0.6982308 0.5313456 0.7121653 0.5402705 0.6975255 0.5313456 0.7121653 0.5739165 0.7061449 0.5402705 0.6975255 0.5402705 0.6975255 0.5739165 0.7061449 0.5628312 0.6952108 0.5628312 0.6952108 0.5739165 0.7061449 0.5995107 0.6869329 0.5739165 0.7061449 0.6250143 0.6957961 0.5995107 0.6869329 0.6271988 0.6806843 0.5995107 0.6869329 0.6250143 0.6957961 0.6271988 0.6806843 0.6250143 0.6957961 0.6872131 0.6850801 0.6872131 0.6850801 0.6250143 0.6957961 0.6885833 0.7005026 0.6872131 0.6850801 0.6885833 0.7005026 0.7455909 0.7010539 0.7455909 0.7010539 0.6885833 0.7005026 0.7372131 0.7188147 0.7372131 0.7188147 0.7626714 0.7167099 0.7455909 0.7010539 0.745076 0.7315274 0.7626714 0.7167099 0.7372131 0.7188147 0.7626714 0.7167099 0.7695353 0.7099896 0.7455909 0.7010539 0.7698105 0.790356 0.7794626 0.788755 0.745076 0.7315274 0.745076 0.7315274 0.7794626 0.788755 0.7626714 0.7167099 0.7794626 0.788755 0.7829881 0.7867341 0.7626714 0.7167099 0.7829881 0.7867341 0.7695353 0.7099896 0.7626714 0.7167099 0.7829881 0.7867341 0.7929852 0.7837843 0.7695353 0.7099896 0.7929852 0.7837843 0.8054944 0.7240482 0.7695353 0.7099896 0.5332836 0.7732471 0.5152414 0.8011091 0.556874 0.8379742 0.5332836 0.7732471 0.556874 0.8379742 0.574402 0.8182377 0.5152414 0.8011091 0.5152414 0.8059034 0.556874 0.8379742 0.5152414 0.8059034 0.5542629 0.8405554 0.556874 0.8379742 0.574402 0.8182377 0.556874 0.8379742 0.6019805 0.8442816 0.556874 0.8379742 0.5542629 0.8405554 0.5887088 0.8660569 0.6019805 0.8442816 0.556874 0.8379742 0.5887088 0.8660569 0.5887088 0.8660569 0.5542629 0.8405554 0.5870609 0.8693901 0.6262156 0.9047624 0.6288272 0.9019671 0.5870609 0.8693901 0.5870609 0.8693901 0.6288272 0.9019671 0.5887088 0.8660569 0.6391641 0.8774576 0.5887088 0.8660569 0.6288272 0.9019671 0.6019805 0.8442816 0.5887088 0.8660569 0.6391641 0.8774576 0.6391641 0.8774576 0.6218637 0.8219314 0.6019805 0.8442816 0.6605837 0.8659143 0.6218637 0.8219314 0.6391641 0.8774576 0.6218637 0.8219314 0.574402 0.8182379 0.6019805 0.8442816 0.6218637 0.8219314 0.6605837 0.8659143 0.6561124 0.8255324 0.6810348 0.8537372 0.6561124 0.8255324 0.6605837 0.8659143 0.6810348 0.8537372 0.7063846 0.8362835 0.6561124 0.8255324 0.574402 0.8182379 0.6218637 0.8219314 0.5911169 0.7976837 0.6561124 0.8255324 0.7063846 0.8362835 0.6818233 0.8094532 0.7063846 0.8362835 0.7404693 0.8133491 0.6818233 0.8094532 0.6561124 0.8255324 0.6378849 0.8044903 0.6218637 0.8219314 0.6818233 0.8094532 0.6378849 0.8044903 0.6561124 0.8255324 0.6218637 0.8219314 0.6132575 0.7736021 0.5911169 0.7976837 0.6218637 0.8219314 0.6378849 0.8044903 0.6132575 0.7736021 0.574402 0.8182379 0.5911169 0.7976837 0.561163 0.7723984 0.6132575 0.7736021 0.561163 0.7723984 0.5911169 0.7976837 0.561163 0.7723984 0.5332834 0.7732473 0.574402 0.8182379 0.561163 0.7723984 0.5312535 0.7522234 0.5332834 0.7732473 0.5579748 0.7506939 0.5312535 0.7522234 0.561163 0.7723984 0.561163 0.7723984 0.6132575 0.7736021 0.5579748 0.7506939 0.5312535 0.7522234 0.5579748 0.7506939 0.5308486 0.7318071 0.6132575 0.7736021 0.6378849 0.8044903 0.6538332 0.7859088 0.6538332 0.7859088 0.6378849 0.8044903 0.6818233 0.8094532 0.5579748 0.7506939 0.6132575 0.7736021 0.6162084 0.7471179 0.6132575 0.7736021 0.6538332 0.7859088 0.6162084 0.7471179 0.5308486 0.7318071 0.5579748 0.7506939 0.5586804 0.7298657 0.5308486 0.7318071 0.5586804 0.7298657 0.5313456 0.7121653 0.5313456 0.7121653 0.5586804 0.7298657 0.5739164 0.7061449 0.5586804 0.7298657 0.5579748 0.7506939 0.6192515 0.7206612 0.5586804 0.7298657 0.6192515 0.7206612 0.5739164 0.7061449 0.6192515 0.7206612 0.5579748 0.7506939 0.6162084 0.7471179 0.5739164 0.7061449 0.6192515 0.7206612 0.6250143 0.6957963 0.6250143 0.6957963 0.6192515 0.7206612 0.6885833 0.7005026 0.6192515 0.7206612 0.6162084 0.7471179 0.6790378 0.7278096 0.6885833 0.7005026 0.6192515 0.7206612 0.6790378 0.7278096 0.6162084 0.7471179 0.6538332 0.7859088 0.6717154 0.7574211 0.6790378 0.7278096 0.6162084 0.7471179 0.6717154 0.7574211 0.6717154 0.7574211 0.6538332 0.7859088 0.7092757 0.7821036 0.6717154 0.7574211 0.7092757 0.7821036 0.6790378 0.7278096 0.7092757 0.7821036 0.6538332 0.7859088 0.6818233 0.8094532 0.6818233 0.8094532 0.7404693 0.8133491 0.7092757 0.7821036 0.6790378 0.7278096 0.7265374 0.7477113 0.6885833 0.7005026 0.6790378 0.7278096 0.7092757 0.7821036 0.7265374 0.7477113 0.7265374 0.7477113 0.7092757 0.7821036 0.7404693 0.8133491 0.6885833 0.7005026 0.7265374 0.7477113 0.7372134 0.7188148 0.7265374 0.7477113 0.7404693 0.8133491 0.7698105 0.790356 0.7372134 0.7188148 0.7265374 0.7477113 0.745076 0.7315274 0.7265374 0.7477113 0.7698105 0.790356 0.745076 0.7315274 0.9913271 0.4173444 0.98103 0.4250643 0.9836083 0.3933959 0.9775973 0.4042068 0.9836083 0.3933959 0.98103 0.4250643 0.9775973 0.4042068 0.9581055 0.3664054 0.9836083 0.3933959 0.9836083 0.3933959 0.9581055 0.3664054 0.9642295 0.3608869 0.9432364 0.3387731 0.9642295 0.3608869 0.9581055 0.3664054 0.9461456 0.3334104 0.9642295 0.3608869 0.9432364 0.3387731 0.9461456 0.3334104 0.9432364 0.3387731 0.9103644 0.2872833 0.9775973 0.4042068 0.9551221 0.3715507 0.9581055 0.3664054 0.9103644 0.2872833 0.9432364 0.3387731 0.908422 0.2945227 0.9395537 0.3431401 0.9581055 0.3664054 0.9551221 0.3715507 0.9432364 0.3387731 0.9581055 0.3664054 0.9395537 0.3431401 0.908422 0.2945227 0.867077 0.2546701 0.9103644 0.2872833 0.9103644 0.2872833 0.867077 0.2546701 0.8746174 0.2513548 0.8746174 0.2513548 0.867077 0.2546701 0.8521986 0.2388926 0.908422 0.2945227 0.9432364 0.3387731 0.9048898 0.2971374 0.908422 0.2945227 0.9048898 0.2971374 0.867077 0.2546701 0.9048898 0.2971374 0.9432364 0.3387731 0.9395537 0.3431401 0.8521986 0.2388926 0.867077 0.2546701 0.8473379 0.244118 0.8521986 0.2388926 0.8473379 0.244118 0.8302056 0.2353678 0.867077 0.2546701 0.9048898 0.2971374 0.8629963 0.2570419 0.867077 0.2546701 0.8629963 0.2570419 0.8473379 0.244118 0.9303156 0.3447145 0.9048898 0.2971374 0.9395537 0.3431401 0.8302056 0.2353678 0.8473379 0.244118 0.8304728 0.2408275 0.9048898 0.2971374 0.9303156 0.3447145 0.89578 0.2987276 0.89578 0.2987276 0.8629963 0.2570419 0.9048898 0.2971374 0.9395537 0.3431401 0.9469116 0.3732315 0.9303156 0.3447145 0.9469116 0.3732315 0.9395537 0.3431401 0.9551221 0.3715507 0.9303156 0.3447145 0.902777 0.348185 0.89578 0.2987276 0.9303156 0.3447145 0.9469116 0.3732315 0.902777 0.348185 0.9551221 0.3715507 0.9600793 0.394981 0.9469116 0.3732315 0.9551221 0.3715507 0.9775973 0.4042068 0.9600793 0.394981 0.9600793 0.394981 0.9775973 0.4042068 0.966102 0.4058151 0.966102 0.4058151 0.9775973 0.4042068 0.9717215 0.4117985 0.9600793 0.394981 0.930577 0.3980247 0.9469116 0.3732315 0.9600793 0.394981 0.966102 0.4058151 0.930577 0.3980247 0.9469116 0.3732315 0.930577 0.3980247 0.9183835 0.3752592 0.902777 0.348185 0.9469116 0.3732315 0.9183835 0.3752592 0.966102 0.4058151 0.9717215 0.4117985 0.9508841 0.427016 0.9508841 0.427016 0.9717215 0.4117985 0.9569694 0.4307456 0.930577 0.3980247 0.966102 0.4058151 0.9391379 0.4123526 0.966102 0.4058151 0.9508841 0.427016 0.9391379 0.4123526 0.930577 0.3980247 0.8930974 0.3753984 0.9183835 0.3752592 0.8930974 0.3753984 0.902777 0.348185 0.9183835 0.3752592 0.930577 0.3980247 0.9391379 0.4123526 0.9043093 0.4010053 0.8930974 0.3753984 0.930577 0.3980247 0.9043093 0.4010053 0.9508841 0.427016 0.9118161 0.4185808 0.9391379 0.4123526 0.9043093 0.4010053 0.9391379 0.4123526 0.9118161 0.4185808 0.9508841 0.427016 0.9569694 0.4307456 0.9358439 0.4455596 0.9118161 0.4185808 0.9508841 0.427016 0.9358439 0.4455596 0.9358439 0.4455596 0.9569694 0.4307456 0.9405044 0.4512969 0.9043093 0.4010053 0.9118161 0.4185808 0.8826328 0.4029365 0.9043093 0.4010053 0.8826328 0.4029365 0.8930974 0.3753984 0.9358439 0.4455596 0.9405044 0.4512969 0.9204018 0.4585543 0.9204018 0.4585543 0.9405044 0.4512969 0.9251189 0.4653242 0.9251189 0.4653242 0.9114574 0.4704149 0.9204018 0.4585543 0.9358439 0.4455596 0.9051949 0.4399834 0.9118161 0.4185808 0.9051949 0.4399834 0.9358439 0.4455596 0.9204018 0.4585543 0.8942223 0.4566866 0.9114574 0.4704149 0.9101006 0.4717279 0.8957805 0.4546178 0.9204018 0.4585543 0.9114574 0.4704149 0.8957805 0.4546178 0.9114574 0.4704149 0.8942223 0.4566866 0.9051949 0.4399834 0.9204018 0.4585543 0.8957805 0.4546178 0.8957805 0.4546178 0.8942223 0.4566866 0.8745321 0.4488053 0.8745321 0.4488053 0.8942223 0.4566866 0.8737588 0.451794 0.8375651 0.450163 0.8745321 0.4488053 0.8737588 0.451794 0.9051949 0.4399834 0.8957805 0.4546178 0.8804278 0.429559 0.8804278 0.429559 0.8957805 0.4546178 0.8745321 0.4488053 0.9051949 0.4399834 0.8820986 0.4175121 0.9118161 0.4185808 0.8820986 0.4175121 0.9051949 0.4399834 0.8804278 0.429559 0.8826328 0.4029365 0.9118161 0.4185808 0.8820986 0.4175121 0.8745321 0.4488053 0.8578536 0.4282109 0.8804278 0.429559 0.8820986 0.4175121 0.8804278 0.429559 0.8587608 0.4158765 0.8587608 0.4158765 0.8804278 0.429559 0.8578536 0.4282109 0.8826328 0.4029365 0.8820986 0.4175121 0.8590152 0.4032512 0.8590152 0.4032512 0.8820986 0.4175121 0.8587608 0.4158765 0.8745321 0.4488053 0.83721 0.4476088 0.8578536 0.4282109 0.83721 0.4476088 0.8745321 0.4488053 0.8375651 0.450163 0.8578536 0.4282109 0.8333894 0.4154174 0.8587608 0.4158765 0.8333894 0.4154174 0.8590152 0.4032512 0.8587608 0.4158765 0.8578536 0.4282109 0.83721 0.4476088 0.832405 0.4280176 0.832405 0.4280176 0.8333894 0.4154174 0.8578536 0.4282109 0.83721 0.4476088 0.8375651 0.450163 0.7972929 0.4621829 0.7972929 0.4621829 0.8375651 0.450163 0.7982017 0.4640582 0.7740967 0.4793903 0.7972929 0.4621829 0.7982017 0.4640582 0.7729124 0.4779348 0.7972929 0.4621829 0.7740967 0.4793903 0.83721 0.4476088 0.8075359 0.4370463 0.832405 0.4280176 0.7972929 0.4621829 0.8075359 0.4370463 0.83721 0.4476088 0.8075359 0.4370463 0.8072714 0.42258 0.832405 0.4280176 0.832405 0.4280176 0.8072714 0.42258 0.8333894 0.4154174 0.7972929 0.4621829 0.7885036 0.4479295 0.8075359 0.4370463 0.8075359 0.4370463 0.7885036 0.4479295 0.8072714 0.42258 0.7674849 0.462474 0.7972929 0.4621829 0.7729124 0.4779348 0.7885036 0.4479295 0.7972929 0.4621829 0.7674849 0.462474 0.7614501 0.4674672 0.7674849 0.462474 0.7729124 0.4779348 0.7544972 0.4544703 0.7674849 0.462474 0.7614501 0.4674672 0.7824485 0.4355766 0.7885036 0.4479295 0.7674849 0.462474 0.7824485 0.4355766 0.8072714 0.42258 0.7885036 0.4479295 0.7604882 0.4499745 0.7674849 0.462474 0.7544972 0.4544703 0.7674849 0.462474 0.7604882 0.4499745 0.7824485 0.4355766 0.7469245 0.442193 0.7604882 0.4499745 0.7544972 0.4544703 0.7519876 0.4368795 0.7604882 0.4499745 0.7469245 0.442193 0.7358206 0.4267715 0.7519876 0.4368795 0.7469245 0.442193 0.7604882 0.4499745 0.767906 0.4217414 0.7824485 0.4355766 0.7519876 0.4368795 0.767906 0.4217414 0.7604882 0.4499745 0.7419206 0.4225246 0.7519876 0.4368795 0.7358206 0.4267715 0.7419206 0.4225246 0.767906 0.4217414 0.7519876 0.4368795 0.7358206 0.4267715 0.7301498 0.4090163 0.7419206 0.4225246 0.7215548 0.4083748 0.7301498 0.4090163 0.7358206 0.4267715 0.7534436 0.407128 0.767906 0.4217414 0.7419206 0.4225246 0.7301498 0.4090163 0.7534436 0.407128 0.7419206 0.4225246 0.7824485 0.4355766 0.767906 0.4217414 0.7832312 0.4053171 0.7534436 0.407128 0.7832312 0.4053171 0.767906 0.4217414 0.7824485 0.4355766 0.7832312 0.4053171 0.8072714 0.42258 0.7215548 0.4083748 0.7262814 0.4040135 0.7301498 0.4090163 0.8072714 0.42258 0.7832312 0.4053171 0.8067555 0.404001 0.8072714 0.42258 0.8067555 0.404001 0.8333894 0.4154174 0.7215548 0.4083748 0.7097636 0.3924573 0.7262814 0.4040135 0.7041236 0.3966893 0.7097636 0.3924573 0.7215548 0.4083748 0.7097636 0.3924573 0.7041236 0.3966893 0.6995781 0.390533 0.7262814 0.4040135 0.7339937 0.3934332 0.7301498 0.4090163 0.7262814 0.4040135 0.7097636 0.3924573 0.7339937 0.3934332 0.7301498 0.4090163 0.7339937 0.3934332 0.7534436 0.407128 0.7097636 0.3924573 0.6995781 0.390533 0.7162988 0.3704767 0.7534436 0.407128 0.7339937 0.3934332 0.772395 0.3786334 0.772395 0.3786334 0.7832312 0.4053171 0.7534436 0.407128 0.7259262 0.3728496 0.7339937 0.3934332 0.7097636 0.3924573 0.7097636 0.3924573 0.7162988 0.3704767 0.7259262 0.3728496 0.772395 0.3786334 0.7339937 0.3934332 0.7445491 0.376068 0.7445491 0.376068 0.7339937 0.3934332 0.7259262 0.3728496 0.6995781 0.390533 0.7123743 0.3675993 0.7162988 0.3704767 0.6960487 0.3872913 0.7123743 0.3675993 0.6995781 0.390533 0.7289258 0.3495011 0.7259262 0.3728496 0.7162988 0.3704767 0.7123743 0.3675993 0.7289258 0.3495011 0.7162988 0.3704767 0.6910882 0.3836409 0.7084124 0.361664 0.6960487 0.3872913 0.6960487 0.3872913 0.7084124 0.361664 0.7123743 0.3675993 0.7123743 0.3675993 0.7084124 0.361664 0.724854 0.3455866 0.724854 0.3455866 0.7289258 0.3495011 0.7123743 0.3675993 0.724854 0.3455866 0.7084124 0.361664 0.7219271 0.341311 0.7219271 0.341311 0.7524957 0.2956233 0.724854 0.3455866 0.7259262 0.3728496 0.7289258 0.3495011 0.7375419 0.3509363 0.7259262 0.3728496 0.7375419 0.3509363 0.7445491 0.376068 0.724854 0.3455866 0.7524957 0.2956233 0.7546386 0.3023974 0.7524957 0.2956233 0.7897914 0.2502818 0.7546386 0.3023974 0.7289258 0.3495011 0.724854 0.3455866 0.7581406 0.3056156 0.7581406 0.3056156 0.724854 0.3455866 0.7546386 0.3023974 0.7581406 0.3056156 0.7375419 0.3509363 0.7289258 0.3495011 0.7546386 0.3023974 0.7897914 0.2502818 0.7973421 0.253531 0.7546386 0.3023974 0.7973421 0.253531 0.7581406 0.3056156 0.7897914 0.2502818 0.8088949 0.2393216 0.7973421 0.253531 0.7973421 0.253531 0.8088949 0.2393216 0.8147268 0.244692 0.8088949 0.2393216 0.8302056 0.2353678 0.8147268 0.244692 0.8147268 0.244692 0.8302056 0.2353678 0.8304728 0.2408275 0.7581406 0.3056156 0.7973421 0.253531 0.8021823 0.2564297 0.7973421 0.253531 0.8147268 0.244692 0.8021823 0.2564297 0.8021823 0.2564297 0.7672306 0.306239 0.7581406 0.3056156 0.7375419 0.3509363 0.7581406 0.3056156 0.7672306 0.306239 0.8021823 0.2564297 0.8147268 0.244692 0.8172969 0.2514966 0.8147268 0.244692 0.8304728 0.2408275 0.8172969 0.2514966 0.8057382 0.2624347 0.7672306 0.306239 0.8021823 0.2564297 0.8021823 0.2564297 0.8172969 0.2514966 0.8057382 0.2624347 0.7672306 0.306239 0.7865057 0.3060246 0.7375419 0.3509363 0.8057382 0.2624347 0.8091347 0.2787428 0.7672306 0.306239 0.7672306 0.306239 0.8091347 0.2787428 0.7865057 0.3060246 0.7375419 0.3509363 0.7865057 0.3060246 0.7575237 0.3523914 0.7445491 0.376068 0.7375419 0.3509363 0.7575237 0.3523914 0.772395 0.3786334 0.7445491 0.376068 0.7575237 0.3523914 0.8007383 0.3066685 0.7575237 0.3523914 0.7865057 0.3060246 0.8007383 0.3066685 0.7865057 0.3060246 0.8091347 0.2787428 0.772395 0.3786334 0.7575237 0.3523914 0.7899118 0.3522772 0.7575237 0.3523914 0.8007383 0.3066685 0.7899118 0.3522772 0.7899118 0.3522772 0.7857176 0.3793185 0.772395 0.3786334 0.7857176 0.3793185 0.7832312 0.4053171 0.772395 0.3786334 0.7857176 0.3793185 0.8078012 0.3790878 0.7832312 0.4053171 0.7857176 0.3793185 0.7899118 0.3522772 0.8078012 0.3790878 0.7832312 0.4053171 0.8078012 0.3790878 0.8067555 0.404001 0.8007383 0.3066685 0.8154293 0.3061475 0.7899118 0.3522772 0.8091347 0.2787428 0.8154293 0.3061475 0.8007383 0.3066685 0.8078012 0.3790878 0.7899118 0.3522772 0.8101805 0.3535059 0.7899118 0.3522772 0.8154293 0.3061475 0.8101805 0.3535059 0.8078012 0.3790878 0.8342012 0.3791927 0.8067555 0.404001 0.8101805 0.3535059 0.8342012 0.3791927 0.8078012 0.3790878 0.8067555 0.404001 0.8342012 0.3791927 0.8341574 0.4022372 0.8333894 0.4154174 0.8067555 0.404001 0.8341574 0.4022372 0.8341574 0.4022372 0.8590152 0.4032512 0.8333894 0.4154174 0.8344095 0.3537967 0.8342012 0.3791927 0.8101805 0.3535059 0.8154293 0.3061475 0.8344095 0.3537967 0.8101805 0.3535059 0.8342012 0.3791927 0.8589374 0.3782125 0.8341574 0.4022372 0.8341574 0.4022372 0.8589374 0.3782125 0.8590152 0.4032512 0.8344095 0.3537967 0.8589374 0.3782125 0.8342012 0.3791927 0.8589374 0.3782125 0.8809909 0.3769763 0.8590152 0.4032512 0.8590152 0.4032512 0.8809909 0.3769763 0.8826328 0.4029365 0.8930974 0.3753984 0.8826328 0.4029365 0.8809909 0.3769763 0.8574064 0.353063 0.8589374 0.3782125 0.8344095 0.3537967 0.8589374 0.3782125 0.8574064 0.353063 0.8809909 0.3769763 0.8930974 0.3753984 0.8809909 0.3769763 0.8786854 0.3512423 0.8809909 0.3769763 0.8574064 0.353063 0.8786854 0.3512423 0.8786854 0.3512423 0.902777 0.348185 0.8930974 0.3753984 0.834281 0.3052606 0.8574064 0.353063 0.8344095 0.3537967 0.834281 0.3052606 0.8344095 0.3537967 0.8154293 0.3061475 0.8574064 0.353063 0.8514838 0.30418 0.8786854 0.3512423 0.8514838 0.30418 0.8574064 0.353063 0.834281 0.3052606 0.8658071 0.3032504 0.902777 0.348185 0.8786854 0.3512423 0.8786854 0.3512423 0.8514838 0.30418 0.8658071 0.3032504 0.902777 0.348185 0.8658071 0.3032504 0.8764595 0.3027255 0.89578 0.2987276 0.902777 0.348185 0.8764595 0.3027255 0.8764595 0.3027255 0.8658071 0.3032504 0.85692 0.2785555 0.85692 0.2785555 0.89578 0.2987276 0.8764595 0.3027255 0.8658071 0.3032504 0.8514838 0.30418 0.85692 0.2785555 0.8600794 0.2630209 0.89578 0.2987276 0.85692 0.2785555 0.8600794 0.2630209 0.8629963 0.2570419 0.89578 0.2987276 0.85692 0.2785555 0.8514838 0.30418 0.8435419 0.2686823 0.8435419 0.2686823 0.8600794 0.2630209 0.85692 0.2785555 0.8514838 0.30418 0.834281 0.3052606 0.8435419 0.2686823 0.8600794 0.2630209 0.8435325 0.2556219 0.8629963 0.2570419 0.8435325 0.2556219 0.8600794 0.2630209 0.8435419 0.2686823 0.831177 0.2658695 0.8435419 0.2686823 0.834281 0.3052606 0.831177 0.2658695 0.8435325 0.2556219 0.8435419 0.2686823 0.8201538 0.2681996 0.834281 0.3052606 0.8154293 0.3061475 0.831177 0.2658695 0.834281 0.3052606 0.8201538 0.2681996 0.8154293 0.3061475 0.8091347 0.2787428 0.8201538 0.2681996 0.8091347 0.2787428 0.8057382 0.2624347 0.8201538 0.2681996 0.8201538 0.2681996 0.8057382 0.2624347 0.8189756 0.2568742 0.8201538 0.2681996 0.8189756 0.2568742 0.831177 0.2658695 0.8057382 0.2624347 0.8172969 0.2514966 0.8189756 0.2568742 0.831177 0.2658695 0.8189756 0.2568742 0.8307009 0.2547453 0.8189756 0.2568742 0.8172969 0.2514966 0.8307009 0.2547453 0.8307009 0.2547453 0.8435325 0.2556219 0.831177 0.2658695 0.8307009 0.2547453 0.8172969 0.2514966 0.8302393 0.249536 0.8307009 0.2547453 0.8302393 0.249536 0.8435325 0.2556219 0.8172969 0.2514966 0.8304728 0.2408275 0.8302393 0.249536 0.8435325 0.2556219 0.8302393 0.249536 0.8443073 0.2503197 0.8304728 0.2408275 0.8443073 0.2503197 0.8302393 0.249536 0.8629963 0.2570419 0.8435325 0.2556219 0.8443073 0.2503197 0.8473379 0.244118 0.8443073 0.2503197 0.8304728 0.2408275 0.8473379 0.244118 0.8629963 0.2570419 0.8443073 0.2503197 0.8646798 0.770042 0.8316863 0.8009709 0.8298339 0.7860197 0.8316863 0.8009709 0.8646798 0.770042 0.8435606 0.8090536 0.8435606 0.8090536 0.8646798 0.770042 0.8766402 0.7791775 0.897361 0.7445266 0.8766402 0.7791775 0.8646798 0.770042 0.8964423 0.8030073 0.8435606 0.8090536 0.8766402 0.7791775 0.8964423 0.8030073 0.8695119 0.8327654 0.8435606 0.8090536 0.8898555 0.855209 0.8695119 0.8327654 0.8964423 0.8030073 0.9067123 0.7548571 0.8766402 0.7791775 0.897361 0.7445266 0.8964423 0.8030073 0.8766402 0.7791775 0.9067123 0.7548571 0.897361 0.7445266 0.9478856 0.7372407 0.9067123 0.7548571 0.9473738 0.7220633 0.9478856 0.7372407 0.897361 0.7445266 0.945555 0.757655 0.8964423 0.8030073 0.9067123 0.7548571 0.945555 0.757655 0.9067123 0.7548571 0.9478856 0.7372407 0.9377107 0.8490567 0.8898555 0.855209 0.8964423 0.8030073 0.8898555 0.855209 0.9377107 0.8490567 0.9070891 0.8826209 0.8964423 0.8030073 0.945555 0.757655 0.9411299 0.8018079 0.9377107 0.8490567 0.8964423 0.8030073 0.9411299 0.8018079 0.9478856 0.7372407 0.9840071 0.7561886 0.945555 0.757655 0.9478856 0.7372407 0.9473738 0.7220633 0.9842257 0.7288864 0.9842257 0.7288864 0.9840071 0.7561886 0.9478856 0.7372407 0.9842257 0.7288864 0.9473738 0.7220633 0.9846656 0.7152376 0.9925234 0.7289323 0.9846656 0.7152376 0.9925234 0.7143842 0.9842257 0.7288864 0.9846656 0.7152376 0.9925234 0.7289323 0.9925234 0.7559989 0.9842257 0.7288864 0.9925234 0.7289323 0.9840071 0.7561886 0.9842257 0.7288864 0.9925234 0.7559989 0.9829089 0.8005786 0.945555 0.757655 0.9840071 0.7561886 0.9840071 0.7561886 0.9925234 0.7559989 0.9829089 0.8005786 0.9411299 0.8018079 0.945555 0.757655 0.9829089 0.8005786 0.9829089 0.8005786 0.9925234 0.7559989 0.9925234 0.8008841 0.9925234 0.847027 0.9829089 0.8005786 0.9925234 0.8008841 0.9829089 0.8005786 0.9822779 0.8471119 0.9411299 0.8018079 0.9822779 0.8471119 0.9829089 0.8005786 0.9925234 0.847027 0.9411299 0.8018079 0.9822779 0.8471119 0.9377107 0.8490567 0.9925234 0.847027 0.9925234 0.8683274 0.9822779 0.8471119 0.9822779 0.8471119 0.9925234 0.8683274 0.9823949 0.8687278 0.9822779 0.8471119 0.9823949 0.8687278 0.9377107 0.8490567 0.9925234 0.8683274 0.9925234 0.8875296 0.9823949 0.8687278 0.9377107 0.8490567 0.9823949 0.8687278 0.936218 0.8750412 0.9070891 0.8826209 0.9377107 0.8490567 0.936218 0.8750412 0.9823949 0.8687278 0.9925234 0.8875296 0.9839071 0.8883489 0.9823949 0.8687278 0.9839071 0.8883489 0.936218 0.8750412 0.9925234 0.8875296 0.9925234 0.8902276 0.9839071 0.8883489 0.9839071 0.8883489 0.9925234 0.8902276 0.9842619 0.8912638 0.9392533 0.8978278 0.9839071 0.8883489 0.9842619 0.8912638 0.936218 0.8750412 0.9382532 0.894991 0.9070891 0.8826209 0.936218 0.8750412 0.9839071 0.8883489 0.9382532 0.894991 0.9382532 0.894991 0.9839071 0.8883489 0.9392533 0.8978278 0.9070891 0.8826209 0.9382532 0.894991 0.9094222 0.9019 0.9096921 0.9042726 0.9382532 0.894991 0.9392533 0.8978278 0.9094222 0.9019 0.9382532 0.894991 0.9096921 0.9042726 0.007266163 0.2790762 0.007266163 0.2659819 0.01665365 0.2790762 0.01665365 0.2790762 0.007266163 0.2943442 0.007266163 0.2790762 0.007266163 0.2943442 0.01665365 0.2790762 0.01665365 0.2964792 0.02784645 0.2879201 0.01665365 0.2964792 0.01665365 0.2790762 0.007266163 0.2943442 0.01665365 0.2964792 0.007266163 0.3038265 0.02784645 0.2879201 0.04222655 0.2994695 0.01665365 0.2964792 0.007266163 0.3038265 0.01665365 0.2964792 0.01665365 0.3052403 0.01665365 0.2964792 0.04222655 0.2994695 0.01665365 0.3052403 0.007266163 0.3038265 0.01665365 0.3052403 0.007266163 0.3153334 0.01665365 0.3052403 0.04222655 0.2994695 0.03969997 0.314828 0.04222655 0.2994695 0.04689633 0.3089814 0.03969997 0.314828 0.04689633 0.3089814 0.05771034 0.3291546 0.03969997 0.314828 0.007266163 0.3153334 0.01665365 0.3052403 0.01873385 0.3155097 0.01665365 0.3052403 0.03969997 0.314828 0.01873385 0.3155097 0.007266163 0.3153334 0.01873385 0.3155097 0.007266163 0.3427374 0.03969997 0.314828 0.05771034 0.3291546 0.04873514 0.32692 0.05771034 0.3291546 0.05316907 0.3322861 0.04873514 0.32692 0.0476107 0.3360214 0.04873514 0.32692 0.05316907 0.3322861 0.03969997 0.314828 0.04873514 0.32692 0.03616237 0.3237912 0.03616237 0.3237912 0.04873514 0.32692 0.0476107 0.3360214 0.01873385 0.3155097 0.03969997 0.314828 0.03616237 0.3237912 0.03616237 0.3237912 0.0476107 0.3360214 0.0285418 0.3453894 0.01873385 0.3155097 0.03616237 0.3237912 0.0285418 0.3453894 0.007266163 0.3427374 0.01873385 0.3155097 0.0285418 0.3453894 0.0285418 0.3453894 0.0476107 0.3360214 0.04461246 0.3506054 0.007266163 0.3427374 0.0285418 0.3453894 0.007266163 0.3567865 0.0285418 0.3453894 0.04461246 0.3506054 0.02305305 0.3567865 0.007266163 0.3567865 0.0285418 0.3453894 0.02305305 0.3567865 0.02305305 0.3567865 0.04461246 0.3506054 0.03939092 0.3567866 0.007266163 0.3567865 0.02305305 0.3567865 0.01692163 0.3652606 0.03939092 0.3567866 0.01692163 0.3652606 0.02305305 0.3567865 0.2956594 0.1363325 0.2956594 0.1400668 0.2925611 0.136559 0.2925611 0.136559 0.2956594 0.1400668 0.2743009 0.1393861 0.2956594 0.1400668 0.2733765 0.1427168 0.2743009 0.1393861 0.2956594 0.1400668 0.2956594 0.1572749 0.2733765 0.1427168 0.2733765 0.1427168 0.2628598 0.1411575 0.2743009 0.1393861 0.2642945 0.1447705 0.2628598 0.1411575 0.2733765 0.1427168 0.2733765 0.1427168 0.2956594 0.1572749 0.2693048 0.157388 0.2693048 0.157388 0.2642945 0.1447705 0.2733765 0.1427168 0.2642945 0.1447705 0.2586834 0.1486696 0.2628598 0.1411575 0.2693048 0.157388 0.2586834 0.1486696 0.2642945 0.1447705 0.2628598 0.1411575 0.2586834 0.1486696 0.2568553 0.1457645 0.2568553 0.1457645 0.2586834 0.1486696 0.2493017 0.1527306 0.2493017 0.1527306 0.2402488 0.167454 0.235948 0.1650458 0.2586834 0.1486696 0.2402488 0.167454 0.2493017 0.1527306 0.2402488 0.167454 0.2586834 0.1486696 0.248211 0.1719125 0.248211 0.1719125 0.2586834 0.1486696 0.2693048 0.157388 0.248211 0.1719125 0.2693048 0.157388 0.2579592 0.1855411 0.2579592 0.1855411 0.2693048 0.157388 0.2764225 0.1793217 0.2956594 0.1572749 0.2764225 0.1793217 0.2693048 0.157388 0.2579592 0.1855411 0.2764225 0.1793217 0.2646189 0.1926777 0.2956594 0.1778547 0.2764225 0.1793217 0.2956594 0.1572749 0.2646189 0.1926777 0.2764225 0.1793217 0.281667 0.1926776 0.2764225 0.1793217 0.2956594 0.1778547 0.281667 0.1926776 0.281667 0.1926776 0.2833231 0.2034232 0.2646189 0.1926777 0.281667 0.1926776 0.2956594 0.1778547 0.2956594 0.1926776 0.2956594 0.1926776 0.2833231 0.2034232 0.281667 0.1926776 0.9913271 0.4173444 0.9836083 0.3933959 0.98103 0.4250643 0.9775973 0.4042068 0.98103 0.4250643 0.9836083 0.3933959 0.9775973 0.4042068 0.9836083 0.3933959 0.9581055 0.3664054 0.9836083 0.3933959 0.9642295 0.3608869 0.9581055 0.3664054 0.9581055 0.3664054 0.9642295 0.3608869 0.9432364 0.3387731 0.9432364 0.3387731 0.9642295 0.3608869 0.9461456 0.3334104 0.9103644 0.2872833 0.9432364 0.3387731 0.9461456 0.3334104 0.9775973 0.4042068 0.9581055 0.3664054 0.9551221 0.3715507 0.908422 0.2945227 0.9432364 0.3387731 0.9103644 0.2872833 0.9395537 0.3431401 0.9581055 0.3664054 0.9432364 0.3387731 0.9551221 0.3715507 0.9581055 0.3664054 0.9395537 0.3431401 0.9048898 0.2971374 0.9432364 0.3387731 0.908422 0.2945227 0.9395537 0.3431401 0.9432364 0.3387731 0.9048898 0.2971374 0.9103644 0.2872833 0.867077 0.2546701 0.908422 0.2945227 0.867077 0.2546701 0.9048898 0.2971374 0.908422 0.2945227 0.8746174 0.2513548 0.867077 0.2546701 0.9103644 0.2872833 0.8521986 0.2388926 0.867077 0.2546701 0.8746174 0.2513548 0.8473379 0.244118 0.867077 0.2546701 0.8521986 0.2388926 0.8302056 0.2353678 0.8473379 0.244118 0.8521986 0.2388926 0.8629963 0.2570419 0.9048898 0.2971374 0.867077 0.2546701 0.8473379 0.244118 0.8629963 0.2570419 0.867077 0.2546701 0.9303156 0.3447145 0.9395537 0.3431401 0.9048898 0.2971374 0.8304728 0.2408275 0.8473379 0.244118 0.8302056 0.2353678 0.9395537 0.3431401 0.9303156 0.3447145 0.9469116 0.3732315 0.9469116 0.3732315 0.9551221 0.3715507 0.9395537 0.3431401 0.9048898 0.2971374 0.89578 0.2987276 0.9303156 0.3447145 0.89578 0.2987276 0.9048898 0.2971374 0.8629963 0.2570419 0.9551221 0.3715507 0.9469116 0.3732315 0.9600793 0.394981 0.9551221 0.3715507 0.9600793 0.394981 0.9775973 0.4042068 0.902777 0.348185 0.9469116 0.3732315 0.9303156 0.3447145 0.89578 0.2987276 0.902777 0.348185 0.9303156 0.3447145 0.9600793 0.394981 0.966102 0.4058151 0.9775973 0.4042068 0.966102 0.4058151 0.9717215 0.4117985 0.9775973 0.4042068 0.9469116 0.3732315 0.930577 0.3980247 0.9600793 0.394981 0.930577 0.3980247 0.966102 0.4058151 0.9600793 0.394981 0.9508841 0.427016 0.9717215 0.4117985 0.966102 0.4058151 0.9569694 0.4307456 0.9717215 0.4117985 0.9508841 0.427016 0.9391379 0.4123526 0.966102 0.4058151 0.930577 0.3980247 0.966102 0.4058151 0.9391379 0.4123526 0.9508841 0.427016 0.9183835 0.3752592 0.930577 0.3980247 0.9469116 0.3732315 0.9183835 0.3752592 0.9469116 0.3732315 0.902777 0.348185 0.9043093 0.4010053 0.9391379 0.4123526 0.930577 0.3980247 0.930577 0.3980247 0.9183835 0.3752592 0.8930974 0.3753984 0.8930974 0.3753984 0.9043093 0.4010053 0.930577 0.3980247 0.8930974 0.3753984 0.9183835 0.3752592 0.902777 0.348185 0.9118161 0.4185808 0.9391379 0.4123526 0.9043093 0.4010053 0.9508841 0.427016 0.9391379 0.4123526 0.9118161 0.4185808 0.8930974 0.3753984 0.8826328 0.4029365 0.9043093 0.4010053 0.8826328 0.4029365 0.9118161 0.4185808 0.9043093 0.4010053 0.9358439 0.4455596 0.9569694 0.4307456 0.9508841 0.427016 0.9118161 0.4185808 0.9358439 0.4455596 0.9508841 0.427016 0.9405044 0.4512969 0.9569694 0.4307456 0.9358439 0.4455596 0.9204018 0.4585543 0.9405044 0.4512969 0.9358439 0.4455596 0.9251189 0.4653242 0.9405044 0.4512969 0.9204018 0.4585543 0.9251189 0.4653242 0.9204018 0.4585543 0.9114574 0.4704149 0.9358439 0.4455596 0.9118161 0.4185808 0.9051949 0.4399834 0.9051949 0.4399834 0.9204018 0.4585543 0.9358439 0.4455596 0.9101006 0.4717279 0.9114574 0.4704149 0.8942223 0.4566866 0.9114574 0.4704149 0.9204018 0.4585543 0.8957805 0.4546178 0.8942223 0.4566866 0.9114574 0.4704149 0.8957805 0.4546178 0.8957805 0.4546178 0.9204018 0.4585543 0.9051949 0.4399834 0.8745321 0.4488053 0.8942223 0.4566866 0.8957805 0.4546178 0.8737588 0.451794 0.8942223 0.4566866 0.8745321 0.4488053 0.8737588 0.451794 0.8745321 0.4488053 0.8375651 0.450163 0.8804278 0.429559 0.8957805 0.4546178 0.9051949 0.4399834 0.8745321 0.4488053 0.8957805 0.4546178 0.8804278 0.429559 0.9051949 0.4399834 0.9118161 0.4185808 0.8820986 0.4175121 0.8820986 0.4175121 0.8804278 0.429559 0.9051949 0.4399834 0.8820986 0.4175121 0.9118161 0.4185808 0.8826328 0.4029365 0.8745321 0.4488053 0.8804278 0.429559 0.8578536 0.4282109 0.8587608 0.4158765 0.8804278 0.429559 0.8820986 0.4175121 0.8578536 0.4282109 0.8804278 0.429559 0.8587608 0.4158765 0.8590152 0.4032512 0.8820986 0.4175121 0.8826328 0.4029365 0.8587608 0.4158765 0.8820986 0.4175121 0.8590152 0.4032512 0.8745321 0.4488053 0.8578536 0.4282109 0.83721 0.4476088 0.8375651 0.450163 0.8745321 0.4488053 0.83721 0.4476088 0.8587608 0.4158765 0.8333894 0.4154174 0.8578536 0.4282109 0.8587608 0.4158765 0.8590152 0.4032512 0.8333894 0.4154174 0.8578536 0.4282109 0.832405 0.4280176 0.83721 0.4476088 0.8578536 0.4282109 0.8333894 0.4154174 0.832405 0.4280176 0.7972929 0.4621829 0.8375651 0.450163 0.83721 0.4476088 0.7982017 0.4640582 0.8375651 0.450163 0.7972929 0.4621829 0.7982017 0.4640582 0.7972929 0.4621829 0.7740967 0.4793903 0.7740967 0.4793903 0.7972929 0.4621829 0.7729124 0.4779348 0.83721 0.4476088 0.832405 0.4280176 0.8075359 0.4370463 0.7972929 0.4621829 0.83721 0.4476088 0.8075359 0.4370463 0.832405 0.4280176 0.8072714 0.42258 0.8075359 0.4370463 0.8333894 0.4154174 0.8072714 0.42258 0.832405 0.4280176 0.7972929 0.4621829 0.8075359 0.4370463 0.7885036 0.4479295 0.8075359 0.4370463 0.8072714 0.42258 0.7885036 0.4479295 0.7729124 0.4779348 0.7972929 0.4621829 0.7674849 0.462474 0.7674849 0.462474 0.7972929 0.4621829 0.7885036 0.4479295 0.7614501 0.4674672 0.7729124 0.4779348 0.7674849 0.462474 0.7614501 0.4674672 0.7674849 0.462474 0.7544972 0.4544703 0.7824485 0.4355766 0.7674849 0.462474 0.7885036 0.4479295 0.7824485 0.4355766 0.7885036 0.4479295 0.8072714 0.42258 0.7544972 0.4544703 0.7674849 0.462474 0.7604882 0.4499745 0.7674849 0.462474 0.7824485 0.4355766 0.7604882 0.4499745 0.7544972 0.4544703 0.7604882 0.4499745 0.7469245 0.442193 0.7469245 0.442193 0.7604882 0.4499745 0.7519876 0.4368795 0.7469245 0.442193 0.7519876 0.4368795 0.7358206 0.4267715 0.7824485 0.4355766 0.767906 0.4217414 0.7604882 0.4499745 0.7604882 0.4499745 0.767906 0.4217414 0.7519876 0.4368795 0.7358206 0.4267715 0.7519876 0.4368795 0.7419206 0.4225246 0.7519876 0.4368795 0.767906 0.4217414 0.7419206 0.4225246 0.7358206 0.4267715 0.7419206 0.4225246 0.7301498 0.4090163 0.7215548 0.4083748 0.7358206 0.4267715 0.7301498 0.4090163 0.7419206 0.4225246 0.767906 0.4217414 0.7534436 0.407128 0.7301498 0.4090163 0.7419206 0.4225246 0.7534436 0.407128 0.7824485 0.4355766 0.7832312 0.4053171 0.767906 0.4217414 0.7534436 0.407128 0.767906 0.4217414 0.7832312 0.4053171 0.8072714 0.42258 0.7832312 0.4053171 0.7824485 0.4355766 0.7215548 0.4083748 0.7301498 0.4090163 0.7262814 0.4040135 0.8067555 0.404001 0.7832312 0.4053171 0.8072714 0.42258 0.8333894 0.4154174 0.8067555 0.404001 0.8072714 0.42258 0.7262814 0.4040135 0.7097636 0.3924573 0.7215548 0.4083748 0.7215548 0.4083748 0.7097636 0.3924573 0.7041236 0.3966893 0.7097636 0.3924573 0.6995781 0.390533 0.7041236 0.3966893 0.7262814 0.4040135 0.7301498 0.4090163 0.7339937 0.3934332 0.7262814 0.4040135 0.7339937 0.3934332 0.7097636 0.3924573 0.7301498 0.4090163 0.7534436 0.407128 0.7339937 0.3934332 0.7097636 0.3924573 0.7162988 0.3704767 0.6995781 0.390533 0.7534436 0.407128 0.772395 0.3786334 0.7339937 0.3934332 0.772395 0.3786334 0.7534436 0.407128 0.7832312 0.4053171 0.7259262 0.3728496 0.7097636 0.3924573 0.7339937 0.3934332 0.7097636 0.3924573 0.7259262 0.3728496 0.7162988 0.3704767 0.772395 0.3786334 0.7445491 0.376068 0.7339937 0.3934332 0.7445491 0.376068 0.7259262 0.3728496 0.7339937 0.3934332 0.7162988 0.3704767 0.7123743 0.3675993 0.6995781 0.390533 0.6995781 0.390533 0.7123743 0.3675993 0.6960487 0.3872913 0.7289258 0.3495011 0.7162988 0.3704767 0.7259262 0.3728496 0.7162988 0.3704767 0.7289258 0.3495011 0.7123743 0.3675993 0.6960487 0.3872913 0.7084124 0.361664 0.6910882 0.3836409 0.7123743 0.3675993 0.7084124 0.361664 0.6960487 0.3872913 0.724854 0.3455866 0.7084124 0.361664 0.7123743 0.3675993 0.7123743 0.3675993 0.7289258 0.3495011 0.724854 0.3455866 0.7219271 0.341311 0.7084124 0.361664 0.724854 0.3455866 0.724854 0.3455866 0.7524957 0.2956233 0.7219271 0.341311 0.7546386 0.3023974 0.7524957 0.2956233 0.724854 0.3455866 0.7546386 0.3023974 0.7897914 0.2502818 0.7524957 0.2956233 0.7581406 0.3056156 0.724854 0.3455866 0.7289258 0.3495011 0.7546386 0.3023974 0.724854 0.3455866 0.7581406 0.3056156 0.7973421 0.253531 0.7897914 0.2502818 0.7546386 0.3023974 0.7581406 0.3056156 0.7973421 0.253531 0.7546386 0.3023974 0.7973421 0.253531 0.8088949 0.2393216 0.7897914 0.2502818 0.7581406 0.3056156 0.7289258 0.3495011 0.7375419 0.3509363 0.7259262 0.3728496 0.7375419 0.3509363 0.7289258 0.3495011 0.7445491 0.376068 0.7375419 0.3509363 0.7259262 0.3728496 0.8147268 0.244692 0.8088949 0.2393216 0.7973421 0.253531 0.8147268 0.244692 0.8302056 0.2353678 0.8088949 0.2393216 0.8304728 0.2408275 0.8302056 0.2353678 0.8147268 0.244692 0.8021823 0.2564297 0.8147268 0.244692 0.7973421 0.253531 0.8021823 0.2564297 0.7973421 0.253531 0.7581406 0.3056156 0.8172969 0.2514966 0.8304728 0.2408275 0.8147268 0.244692 0.8172969 0.2514966 0.8147268 0.244692 0.8021823 0.2564297 0.8021823 0.2564297 0.7581406 0.3056156 0.7672306 0.306239 0.7375419 0.3509363 0.7672306 0.306239 0.7581406 0.3056156 0.8057382 0.2624347 0.8172969 0.2514966 0.8021823 0.2564297 0.8057382 0.2624347 0.8021823 0.2564297 0.7672306 0.306239 0.7575237 0.3523914 0.7375419 0.3509363 0.7445491 0.376068 0.772395 0.3786334 0.7575237 0.3523914 0.7445491 0.376068 0.7375419 0.3509363 0.7865057 0.3060246 0.7672306 0.306239 0.7575237 0.3523914 0.7865057 0.3060246 0.7375419 0.3509363 0.7865057 0.3060246 0.8091347 0.2787428 0.7672306 0.306239 0.7672306 0.306239 0.8091347 0.2787428 0.8057382 0.2624347 0.8007383 0.3066685 0.7865057 0.3060246 0.7575237 0.3523914 0.8007383 0.3066685 0.8091347 0.2787428 0.7865057 0.3060246 0.772395 0.3786334 0.7899118 0.3522772 0.7575237 0.3523914 0.7575237 0.3523914 0.7899118 0.3522772 0.8007383 0.3066685 0.7899118 0.3522772 0.772395 0.3786334 0.7857176 0.3793185 0.7857176 0.3793185 0.772395 0.3786334 0.7832312 0.4053171 0.7832312 0.4053171 0.8078012 0.3790878 0.7857176 0.3793185 0.8078012 0.3790878 0.7899118 0.3522772 0.7857176 0.3793185 0.8067555 0.404001 0.8078012 0.3790878 0.7832312 0.4053171 0.7899118 0.3522772 0.8154293 0.3061475 0.8007383 0.3066685 0.8091347 0.2787428 0.8007383 0.3066685 0.8154293 0.3061475 0.8101805 0.3535059 0.7899118 0.3522772 0.8078012 0.3790878 0.8101805 0.3535059 0.8154293 0.3061475 0.7899118 0.3522772 0.8067555 0.404001 0.8342012 0.3791927 0.8078012 0.3790878 0.8078012 0.3790878 0.8342012 0.3791927 0.8101805 0.3535059 0.8341574 0.4022372 0.8342012 0.3791927 0.8067555 0.404001 0.8341574 0.4022372 0.8067555 0.404001 0.8333894 0.4154174 0.8333894 0.4154174 0.8590152 0.4032512 0.8341574 0.4022372 0.8101805 0.3535059 0.8342012 0.3791927 0.8344095 0.3537967 0.8101805 0.3535059 0.8344095 0.3537967 0.8154293 0.3061475 0.8341574 0.4022372 0.8589374 0.3782125 0.8342012 0.3791927 0.8590152 0.4032512 0.8589374 0.3782125 0.8341574 0.4022372 0.8342012 0.3791927 0.8589374 0.3782125 0.8344095 0.3537967 0.8590152 0.4032512 0.8809909 0.3769763 0.8589374 0.3782125 0.8826328 0.4029365 0.8809909 0.3769763 0.8590152 0.4032512 0.8809909 0.3769763 0.8826328 0.4029365 0.8930974 0.3753984 0.8344095 0.3537967 0.8589374 0.3782125 0.8574064 0.353063 0.8809909 0.3769763 0.8574064 0.353063 0.8589374 0.3782125 0.8930974 0.3753984 0.8786854 0.3512423 0.8809909 0.3769763 0.8786854 0.3512423 0.8574064 0.353063 0.8809909 0.3769763 0.8786854 0.3512423 0.8930974 0.3753984 0.902777 0.348185 0.8344095 0.3537967 0.8574064 0.353063 0.834281 0.3052606 0.8154293 0.3061475 0.8344095 0.3537967 0.834281 0.3052606 0.8786854 0.3512423 0.8514838 0.30418 0.8574064 0.353063 0.834281 0.3052606 0.8574064 0.353063 0.8514838 0.30418 0.8658071 0.3032504 0.8786854 0.3512423 0.902777 0.348185 0.8658071 0.3032504 0.8514838 0.30418 0.8786854 0.3512423 0.902777 0.348185 0.8764595 0.3027255 0.8658071 0.3032504 0.8764595 0.3027255 0.902777 0.348185 0.89578 0.2987276 0.8764595 0.3027255 0.85692 0.2785555 0.8658071 0.3032504 0.8764595 0.3027255 0.89578 0.2987276 0.85692 0.2785555 0.8658071 0.3032504 0.85692 0.2785555 0.8514838 0.30418 0.85692 0.2785555 0.89578 0.2987276 0.8600794 0.2630209 0.8600794 0.2630209 0.89578 0.2987276 0.8629963 0.2570419 0.85692 0.2785555 0.8435419 0.2686823 0.8514838 0.30418 0.85692 0.2785555 0.8600794 0.2630209 0.8435419 0.2686823 0.8514838 0.30418 0.8435419 0.2686823 0.834281 0.3052606 0.8629963 0.2570419 0.8435325 0.2556219 0.8600794 0.2630209 0.8435419 0.2686823 0.8600794 0.2630209 0.8435325 0.2556219 0.831177 0.2658695 0.834281 0.3052606 0.8435419 0.2686823 0.8435419 0.2686823 0.8435325 0.2556219 0.831177 0.2658695 0.8201538 0.2681996 0.8154293 0.3061475 0.834281 0.3052606 0.831177 0.2658695 0.8201538 0.2681996 0.834281 0.3052606 0.8154293 0.3061475 0.8201538 0.2681996 0.8091347 0.2787428 0.8201538 0.2681996 0.8057382 0.2624347 0.8091347 0.2787428 0.8189756 0.2568742 0.8057382 0.2624347 0.8201538 0.2681996 0.831177 0.2658695 0.8189756 0.2568742 0.8201538 0.2681996 0.8189756 0.2568742 0.8172969 0.2514966 0.8057382 0.2624347 0.8307009 0.2547453 0.8189756 0.2568742 0.831177 0.2658695 0.8307009 0.2547453 0.8172969 0.2514966 0.8189756 0.2568742 0.831177 0.2658695 0.8435325 0.2556219 0.8307009 0.2547453 0.8302393 0.249536 0.8172969 0.2514966 0.8307009 0.2547453 0.8435325 0.2556219 0.8302393 0.249536 0.8307009 0.2547453 0.8302393 0.249536 0.8304728 0.2408275 0.8172969 0.2514966 0.8443073 0.2503197 0.8302393 0.249536 0.8435325 0.2556219 0.8302393 0.249536 0.8443073 0.2503197 0.8304728 0.2408275 0.8443073 0.2503197 0.8435325 0.2556219 0.8629963 0.2570419 0.8304728 0.2408275 0.8443073 0.2503197 0.8473379 0.244118 0.8443073 0.2503197 0.8629963 0.2570419 0.8473379 0.244118 0.8646798 0.770042 0.8298339 0.7860197 0.8316863 0.8009709 0.8435606 0.8090536 0.8646798 0.770042 0.8316863 0.8009709 0.8766402 0.7791775 0.8646798 0.770042 0.8435606 0.8090536 0.8646798 0.770042 0.8766402 0.7791775 0.897361 0.7445266 0.8964423 0.8030073 0.8766402 0.7791775 0.8435606 0.8090536 0.8964423 0.8030073 0.8435606 0.8090536 0.8695119 0.8327654 0.8898555 0.855209 0.8964423 0.8030073 0.8695119 0.8327654 0.897361 0.7445266 0.8766402 0.7791775 0.9067123 0.7548571 0.8964423 0.8030073 0.9067123 0.7548571 0.8766402 0.7791775 0.9067123 0.7548571 0.9478856 0.7372407 0.897361 0.7445266 0.897361 0.7445266 0.9478856 0.7372407 0.9473738 0.7220633 0.945555 0.757655 0.9067123 0.7548571 0.8964423 0.8030073 0.945555 0.757655 0.9478856 0.7372407 0.9067123 0.7548571 0.9377107 0.8490567 0.8964423 0.8030073 0.8898555 0.855209 0.9070891 0.8826209 0.9377107 0.8490567 0.8898555 0.855209 0.8964423 0.8030073 0.9411299 0.8018079 0.945555 0.757655 0.9377107 0.8490567 0.9411299 0.8018079 0.8964423 0.8030073 0.945555 0.757655 0.9840071 0.7561886 0.9478856 0.7372407 0.9842257 0.7288864 0.9473738 0.7220633 0.9478856 0.7372407 0.9478856 0.7372407 0.9840071 0.7561886 0.9842257 0.7288864 0.9846656 0.7152376 0.9473738 0.7220633 0.9842257 0.7288864 0.9925234 0.7143842 0.9846656 0.7152376 0.9925234 0.7289323 0.9925234 0.7289323 0.9846656 0.7152376 0.9842257 0.7288864 0.9925234 0.7289323 0.9842257 0.7288864 0.9925234 0.7559989 0.9925234 0.7559989 0.9842257 0.7288864 0.9840071 0.7561886 0.9840071 0.7561886 0.945555 0.757655 0.9829089 0.8005786 0.9829089 0.8005786 0.9925234 0.7559989 0.9840071 0.7561886 0.9829089 0.8005786 0.945555 0.757655 0.9411299 0.8018079 0.9925234 0.8008841 0.9925234 0.7559989 0.9829089 0.8005786 0.9925234 0.8008841 0.9829089 0.8005786 0.9925234 0.847027 0.9411299 0.8018079 0.9822779 0.8471119 0.9829089 0.8005786 0.9925234 0.847027 0.9829089 0.8005786 0.9822779 0.8471119 0.9377107 0.8490567 0.9822779 0.8471119 0.9411299 0.8018079 0.9822779 0.8471119 0.9925234 0.8683274 0.9925234 0.847027 0.9823949 0.8687278 0.9925234 0.8683274 0.9822779 0.8471119 0.9377107 0.8490567 0.9823949 0.8687278 0.9822779 0.8471119 0.9823949 0.8687278 0.9925234 0.8875296 0.9925234 0.8683274 0.936218 0.8750412 0.9823949 0.8687278 0.9377107 0.8490567 0.936218 0.8750412 0.9377107 0.8490567 0.9070891 0.8826209 0.9839071 0.8883489 0.9925234 0.8875296 0.9823949 0.8687278 0.936218 0.8750412 0.9839071 0.8883489 0.9823949 0.8687278 0.9839071 0.8883489 0.9925234 0.8902276 0.9925234 0.8875296 0.9842619 0.8912638 0.9925234 0.8902276 0.9839071 0.8883489 0.9842619 0.8912638 0.9839071 0.8883489 0.9392533 0.8978278 0.9070891 0.8826209 0.9382532 0.894991 0.936218 0.8750412 0.9382532 0.894991 0.9839071 0.8883489 0.936218 0.8750412 0.9392533 0.8978278 0.9839071 0.8883489 0.9382532 0.894991 0.9094222 0.9019 0.9382532 0.894991 0.9070891 0.8826209 0.9392533 0.8978278 0.9382532 0.894991 0.9096921 0.9042726 0.9096921 0.9042726 0.9382532 0.894991 0.9094222 0.9019 0.007266163 0.2790762 0.01665365 0.2790762 0.007266163 0.2659819 0.01665365 0.2790762 0.007266163 0.2790762 0.007266163 0.2943442 0.007266163 0.2943442 0.01665365 0.2964792 0.01665365 0.2790762 0.02784645 0.2879201 0.01665365 0.2790762 0.01665365 0.2964792 0.007266163 0.3038265 0.01665365 0.2964792 0.007266163 0.2943442 0.02784645 0.2879201 0.01665365 0.2964792 0.04222655 0.2994695 0.01665365 0.3052403 0.01665365 0.2964792 0.007266163 0.3038265 0.01665365 0.3052403 0.04222655 0.2994695 0.01665365 0.2964792 0.007266163 0.3153334 0.01665365 0.3052403 0.007266163 0.3038265 0.03969997 0.314828 0.04222655 0.2994695 0.01665365 0.3052403 0.04222655 0.2994695 0.03969997 0.314828 0.04689633 0.3089814 0.01873385 0.3155097 0.01665365 0.3052403 0.007266163 0.3153334 0.01873385 0.3155097 0.03969997 0.314828 0.01665365 0.3052403 0.007266163 0.3427374 0.01873385 0.3155097 0.007266163 0.3153334 0.04689633 0.3089814 0.03969997 0.314828 0.05771034 0.3291546 0.0285418 0.3453894 0.01873385 0.3155097 0.007266163 0.3427374 0.007266163 0.3567865 0.0285418 0.3453894 0.007266163 0.3427374 0.03616237 0.3237912 0.03969997 0.314828 0.01873385 0.3155097 0.01873385 0.3155097 0.0285418 0.3453894 0.03616237 0.3237912 0.03969997 0.314828 0.04873514 0.32692 0.05771034 0.3291546 0.03969997 0.314828 0.03616237 0.3237912 0.04873514 0.32692 0.05771034 0.3291546 0.04873514 0.32692 0.05316907 0.3322861 0.0476107 0.3360214 0.05316907 0.3322861 0.04873514 0.32692 0.03616237 0.3237912 0.0476107 0.3360214 0.04873514 0.32692 0.0285418 0.3453894 0.0476107 0.3360214 0.03616237 0.3237912 0.04461246 0.3506054 0.0476107 0.3360214 0.0285418 0.3453894 0.02305305 0.3567865 0.04461246 0.3506054 0.0285418 0.3453894 0.02305305 0.3567865 0.0285418 0.3453894 0.007266163 0.3567865 0.03939092 0.3567866 0.04461246 0.3506054 0.02305305 0.3567865 0.007266163 0.3567865 0.01692163 0.3652606 0.02305305 0.3567865 0.03939092 0.3567866 0.02305305 0.3567865 0.01692163 0.3652606 0.2956594 0.1363325 0.2925611 0.136559 0.2956594 0.1400668 0.2925611 0.136559 0.2743009 0.1393861 0.2956594 0.1400668 0.2956594 0.1400668 0.2743009 0.1393861 0.2733765 0.1427168 0.2956594 0.1400668 0.2733765 0.1427168 0.2956594 0.1572749 0.2743009 0.1393861 0.2628598 0.1411575 0.2733765 0.1427168 0.2733765 0.1427168 0.2628598 0.1411575 0.2642945 0.1447705 0.2733765 0.1427168 0.2693048 0.157388 0.2956594 0.1572749 0.2693048 0.157388 0.2733765 0.1427168 0.2642945 0.1447705 0.2642945 0.1447705 0.2628598 0.1411575 0.2586834 0.1486696 0.2693048 0.157388 0.2642945 0.1447705 0.2586834 0.1486696 0.2628598 0.1411575 0.2568553 0.1457645 0.2586834 0.1486696 0.2568553 0.1457645 0.2493017 0.1527306 0.2586834 0.1486696 0.2493017 0.1527306 0.235948 0.1650458 0.2402488 0.167454 0.2586834 0.1486696 0.2493017 0.1527306 0.2402488 0.167454 0.248211 0.1719125 0.2586834 0.1486696 0.2402488 0.167454 0.2693048 0.157388 0.2586834 0.1486696 0.248211 0.1719125 0.2579592 0.1855411 0.2693048 0.157388 0.248211 0.1719125 0.2764225 0.1793217 0.2693048 0.157388 0.2579592 0.1855411 0.2693048 0.157388 0.2764225 0.1793217 0.2956594 0.1572749 0.2646189 0.1926777 0.2764225 0.1793217 0.2579592 0.1855411 0.2956594 0.1572749 0.2764225 0.1793217 0.2956594 0.1778547 0.281667 0.1926776 0.2764225 0.1793217 0.2646189 0.1926777 0.281667 0.1926776 0.2956594 0.1778547 0.2764225 0.1793217 0.281667 0.1926776 0.2646189 0.1926777 0.2833231 0.2034232 0.2956594 0.1926776 0.2956594 0.1778547 0.281667 0.1926776 0.2956594 0.1926776 0.281667 0.1926776 0.2833231 0.2034232 0.36424 0.571189 0.3701273 0.604501 0.3423274 0.608727 0.36424 0.571189 0.3423274 0.608727 0.3195396 0.595749 0.3195396 0.595749 0.320555 0.560667 0.36424 0.571189 0.362756 0.549609 0.36424 0.571189 0.320555 0.560667 0.3195396 0.595749 0.295143 0.563388 0.320555 0.560667 0.2905936 0.5856319 0.295143 0.563388 0.3195396 0.595749 0.320555 0.560667 0.315447 0.536703 0.362756 0.549609 0.320555 0.560667 0.295143 0.563388 0.315447 0.536703 0.362756 0.549609 0.315447 0.536703 0.36102 0.53561 0.315447 0.536703 0.352929 0.511262 0.36102 0.53561 0.2905936 0.5856319 0.2781282 0.573526 0.295143 0.563388 0.2905936 0.5856319 0.268518 0.57821 0.2781282 0.573526 0.310456 0.512235 0.352929 0.511262 0.315447 0.536703 0.339782 0.481017 0.352929 0.511262 0.310456 0.512235 0.315447 0.536703 0.295143 0.563388 0.288887 0.549085 0.315447 0.536703 0.288887 0.549085 0.310456 0.512235 0.283386 0.559153 0.295143 0.563388 0.2781282 0.573526 0.295143 0.563388 0.283386 0.559153 0.288887 0.549085 0.264737 0.568496 0.283386 0.559153 0.2781282 0.573526 0.264737 0.568496 0.2781282 0.573526 0.268518 0.57821 0.283386 0.559153 0.264737 0.551024 0.288887 0.549085 0.264737 0.551024 0.283386 0.559153 0.264737 0.568496 0.268518 0.57821 0.238332 0.566932 0.264737 0.568496 0.268518 0.57821 0.2460994 0.58872 0.238332 0.566932 0.238068 0.560386 0.264737 0.551024 0.264737 0.568496 0.238332 0.566932 0.238068 0.560386 0.264737 0.568496 0.237803 0.539507 0.264737 0.551024 0.238068 0.560386 0.207069 0.547048 0.238068 0.560386 0.238332 0.566932 0.207069 0.547048 0.237803 0.539507 0.238068 0.560386 0.264737 0.551024 0.237803 0.539507 0.264737 0.540152 0.288887 0.549085 0.264737 0.551024 0.264737 0.540152 0.206506 0.52344 0.237803 0.539507 0.207069 0.547048 0.264737 0.540152 0.237803 0.539507 0.23845 0.527999 0.206506 0.52344 0.23845 0.527999 0.237803 0.539507 0.264737 0.540152 0.263355 0.511107 0.288887 0.549085 0.23845 0.527999 0.263355 0.511107 0.264737 0.540152 0.280156 0.512028 0.288887 0.549085 0.263355 0.511107 0.310456 0.512235 0.288887 0.549085 0.280156 0.512028 0.280156 0.512028 0.263355 0.511107 0.278078 0.4995742 0.310456 0.512235 0.280156 0.512028 0.278078 0.4995742 0.237992 0.509212 0.263355 0.511107 0.23845 0.527999 0.310456 0.512235 0.278078 0.4995742 0.30081 0.483332 0.310456 0.512235 0.30081 0.483332 0.339782 0.481017 0.339782 0.481017 0.30081 0.483332 0.322324 0.441219 0.278078 0.4995742 0.263355 0.511107 0.259688 0.4953766 0.237992 0.509212 0.259688 0.4953766 0.263355 0.511107 0.30081 0.483332 0.278078 0.4995742 0.27695 0.48994 0.278078 0.4995742 0.259688 0.4953766 0.27695 0.48994 0.322324 0.441219 0.30081 0.483332 0.290037 0.458145 0.290037 0.458145 0.288781 0.4095 0.322324 0.441219 0.30081 0.483332 0.27695 0.48994 0.276362 0.487061 0.271125 0.434556 0.288781 0.4095 0.290037 0.458145 0.288781 0.4095 0.271125 0.434556 0.241547 0.392309 0.278854 0.4690032 0.290037 0.458145 0.30081 0.483332 0.276362 0.487061 0.278854 0.4690032 0.30081 0.483332 0.290037 0.458145 0.267823 0.45432 0.271125 0.434556 0.267823 0.45432 0.290037 0.458145 0.278854 0.4690032 0.241547 0.392309 0.271125 0.434556 0.2376199 0.415025 0.241547 0.392309 0.2376199 0.415025 0.210204 0.388088 0.271125 0.434556 0.267823 0.45432 0.256555 0.439648 0.271125 0.434556 0.256555 0.439648 0.2376199 0.415025 0.278854 0.4690032 0.2622247 0.4586037 0.267823 0.45432 0.267823 0.45432 0.2622247 0.4586037 0.256555 0.439648 0.210204 0.388088 0.2376199 0.415025 0.2086499 0.410039 0.210204 0.388088 0.2086499 0.410039 0.187713 0.388012 0.2376199 0.415025 0.256555 0.439648 0.233068 0.426063 0.2376199 0.415025 0.233068 0.426063 0.2086499 0.410039 0.256555 0.439648 0.2622247 0.4586037 0.245377 0.443728 0.256555 0.439648 0.245377 0.443728 0.233068 0.426063 0.2556325 0.4656397 0.2622247 0.4586037 0.278854 0.4690032 0.2556325 0.4656397 0.245377 0.443728 0.2622247 0.4586037 0.276362 0.487061 0.2556325 0.4656397 0.278854 0.4690032 0.233068 0.426063 0.245377 0.443728 0.226692 0.436111 0.276362 0.487061 0.258263 0.487315 0.2556325 0.4656397 0.27695 0.48994 0.258263 0.487315 0.276362 0.487061 0.27695 0.48994 0.259688 0.4953766 0.258263 0.487315 0.2354699 0.485946 0.258263 0.487315 0.259688 0.4953766 0.2354699 0.485946 0.2556325 0.4656397 0.258263 0.487315 0.2354699 0.485946 0.259688 0.4953766 0.237992 0.509212 0.245377 0.443728 0.2556325 0.4656397 0.229241 0.456714 0.245377 0.443728 0.229241 0.456714 0.226692 0.436111 0.233346 0.471213 0.2556325 0.4656397 0.2354699 0.485946 0.229241 0.456714 0.2556325 0.4656397 0.233346 0.471213 0.2354699 0.485946 0.207691 0.473898 0.233346 0.471213 0.233346 0.471213 0.207381 0.462972 0.229241 0.456714 0.207691 0.473898 0.207381 0.462972 0.233346 0.471213 0.226692 0.436111 0.229241 0.456714 0.20686 0.451722 0.207381 0.462972 0.20686 0.451722 0.229241 0.456714 0.2075099 0.486662 0.207691 0.473898 0.2354699 0.485946 0.207691 0.473898 0.187713 0.473896 0.207381 0.462972 0.2075099 0.486662 0.187713 0.473896 0.207691 0.473898 0.207301 0.507033 0.2075099 0.486662 0.2354699 0.485946 0.207301 0.507033 0.2354699 0.485946 0.237992 0.509212 0.187713 0.463114 0.207381 0.462972 0.187713 0.473896 0.207301 0.507033 0.237992 0.509212 0.207112 0.513566 0.207112 0.513566 0.237992 0.509212 0.23845 0.527999 0.207112 0.513566 0.23845 0.527999 0.206506 0.52344 0.187713 0.463114 0.187713 0.452413 0.207381 0.462972 0.207381 0.462972 0.187713 0.452413 0.20686 0.451722 0.206506 0.52344 0.197744 0.517853 0.207112 0.513566 0.187713 0.463114 0.1681026 0.462972 0.187713 0.452413 0.187713 0.473896 0.1681026 0.462972 0.187713 0.463114 0.197744 0.517853 0.206506 0.52344 0.195767 0.539152 0.195767 0.539152 0.206506 0.52344 0.207069 0.547048 0.207112 0.513566 0.197744 0.517853 0.1936418 0.507949 0.1936418 0.507949 0.207301 0.507033 0.207112 0.513566 0.195767 0.539152 0.207069 0.547048 0.207626 0.56223 0.207626 0.56223 0.207069 0.547048 0.238332 0.566932 0.207301 0.507033 0.1936418 0.507949 0.197947 0.495888 0.207301 0.507033 0.197947 0.495888 0.2075099 0.486662 0.207626 0.56223 0.238332 0.566932 0.210779 0.5832477 0.210779 0.5832477 0.238332 0.566932 0.2460994 0.58872 0.197947 0.495888 0.187713 0.48645 0.2075099 0.486662 0.187713 0.48645 0.187713 0.473896 0.2075099 0.486662 0.187713 0.495783 0.187713 0.48645 0.197947 0.495888 0.187713 0.5039432 0.187713 0.495783 0.197947 0.495888 0.197947 0.495888 0.1936418 0.507949 0.187713 0.5039432 0.1775366 0.495888 0.187713 0.48645 0.187713 0.495783 0.1775366 0.495888 0.187713 0.495783 0.187713 0.5039432 0.1679736 0.486662 0.187713 0.473896 0.187713 0.48645 0.1679736 0.486662 0.187713 0.48645 0.1775366 0.495888 0.1936418 0.507949 0.187713 0.5114178 0.187713 0.5039432 0.197744 0.517853 0.187713 0.5114178 0.1936418 0.507949 0.187713 0.5039432 0.1794938 0.507949 0.1775366 0.495888 0.187713 0.5039432 0.187713 0.5114178 0.1794938 0.507949 0.187713 0.522612 0.187713 0.5114178 0.197744 0.517853 0.195767 0.539152 0.187713 0.522612 0.197744 0.517853 0.1794938 0.507949 0.187713 0.5114178 0.1777396 0.517853 0.187713 0.522612 0.1777396 0.517853 0.187713 0.5114178 0.1775366 0.495888 0.1794938 0.507949 0.1681826 0.507033 0.1679736 0.486662 0.1775366 0.495888 0.1681826 0.507033 0.187713 0.537341 0.187713 0.522612 0.195767 0.539152 0.195767 0.539152 0.207626 0.56223 0.187713 0.537341 0.1777396 0.517853 0.187713 0.522612 0.1797167 0.539152 0.187713 0.537341 0.1797167 0.539152 0.187713 0.522612 0.1794938 0.507949 0.1777396 0.517853 0.1683716 0.513566 0.1683716 0.513566 0.1681826 0.507033 0.1794938 0.507949 0.1777396 0.517853 0.1797167 0.539152 0.1689776 0.52344 0.1683716 0.513566 0.1777396 0.517853 0.1689776 0.52344 0.187713 0.537341 0.1678577 0.56223 0.1797167 0.539152 0.1681826 0.507033 0.1683716 0.513566 0.1374917 0.509212 0.187713 0.562289 0.187713 0.537341 0.207626 0.56223 0.1678577 0.56223 0.187713 0.537341 0.187713 0.562289 0.210779 0.5832477 0.187713 0.562289 0.207626 0.56223 0.1678577 0.56223 0.1684147 0.547048 0.1797167 0.539152 0.1684147 0.547048 0.1689776 0.52344 0.1797167 0.539152 0.1683716 0.513566 0.1689776 0.52344 0.1370337 0.527999 0.1370337 0.527999 0.1374917 0.509212 0.1683716 0.513566 0.1689776 0.52344 0.1684147 0.547048 0.1376807 0.539507 0.1376807 0.539507 0.1370337 0.527999 0.1689776 0.52344 0.1371516 0.566932 0.1684147 0.547048 0.1678577 0.56223 0.1374157 0.560386 0.1376807 0.539507 0.1684147 0.547048 0.1371516 0.566932 0.1374157 0.560386 0.1684147 0.547048 0.1370337 0.527999 0.1376807 0.539507 0.1107466 0.540152 0.1376807 0.539507 0.1374157 0.560386 0.1107466 0.551024 0.1107466 0.540152 0.1376807 0.539507 0.1107466 0.551024 0.1107466 0.540152 0.1121287 0.511107 0.1370337 0.527999 0.1374917 0.509212 0.1370337 0.527999 0.1121287 0.511107 0.1107466 0.540152 0.1107466 0.551024 0.08659666 0.549085 0.08659666 0.549085 0.1121287 0.511107 0.1107466 0.540152 0.1107466 0.568496 0.1107466 0.551024 0.1374157 0.560386 0.1107466 0.568496 0.1374157 0.560386 0.1371516 0.566932 0.08659666 0.549085 0.1107466 0.551024 0.09209764 0.559153 0.1107466 0.551024 0.1107466 0.568496 0.09209764 0.559153 0.1107466 0.568496 0.1371516 0.566932 0.1069657 0.57821 0.09735542 0.573526 0.09209764 0.559153 0.1107466 0.568496 0.1069657 0.57821 0.09735542 0.573526 0.1107466 0.568496 0.09735542 0.573526 0.08034062 0.563388 0.09209764 0.559153 0.08659666 0.549085 0.09209764 0.559153 0.08034062 0.563388 0.09735542 0.573526 0.1069657 0.57821 0.08489006 0.5942979 0.08034062 0.563388 0.09735542 0.573526 0.08489006 0.5942979 0.1371516 0.566932 0.1293842 0.58872 0.1069657 0.57821 0.08034062 0.563388 0.08489006 0.5942979 0.05492866 0.560667 0.05492866 0.560667 0.08489006 0.5942979 0.05508863 0.595749 0.1293842 0.58872 0.1371516 0.566932 0.1647046 0.5832477 0.1678577 0.56223 0.1647046 0.5832477 0.1371516 0.566932 0.1678577 0.56223 0.187713 0.562289 0.1647046 0.5832477 0.01124364 0.571189 0.05492866 0.560667 0.05508863 0.595749 0.05508863 0.595749 0.03606462 0.608727 0.01124364 0.571189 0.03606462 0.608727 0.01109766 0.604501 0.01124364 0.571189 0.05492866 0.560667 0.01124364 0.571189 0.01272761 0.549609 0.05492866 0.560667 0.01272761 0.549609 0.06003665 0.536703 0.05492866 0.560667 0.06003665 0.536703 0.08034062 0.563388 0.01446366 0.53561 0.06003665 0.536703 0.01272761 0.549609 0.08659666 0.549085 0.08034062 0.563388 0.06003665 0.536703 0.01446366 0.53561 0.02255463 0.511262 0.06003665 0.536703 0.06502765 0.512235 0.06003665 0.536703 0.02255463 0.511262 0.06003665 0.536703 0.06502765 0.512235 0.08659666 0.549085 0.06502765 0.512235 0.02255463 0.511262 0.03570163 0.481017 0.09532767 0.512028 0.08659666 0.549085 0.06502765 0.512235 0.1121287 0.511107 0.08659666 0.549085 0.09532767 0.512028 0.03570163 0.481017 0.07467365 0.483332 0.06502765 0.512235 0.03570163 0.481017 0.05315965 0.441219 0.07467365 0.483332 0.09740567 0.4995742 0.09532767 0.512028 0.06502765 0.512235 0.09532767 0.512028 0.09740567 0.4995742 0.1121287 0.511107 0.07467365 0.483332 0.09740567 0.4995742 0.06502765 0.512235 0.1157957 0.4953766 0.1121287 0.511107 0.09740567 0.4995742 0.1121287 0.511107 0.1157957 0.4953766 0.1374917 0.509212 0.09853363 0.48994 0.09740567 0.4995742 0.07467365 0.483332 0.09853363 0.48994 0.1157957 0.4953766 0.09740567 0.4995742 0.08544665 0.458145 0.07467365 0.483332 0.05315965 0.441219 0.05315965 0.441219 0.08670264 0.4095 0.08544665 0.458145 0.09912163 0.487061 0.09853363 0.48994 0.07467365 0.483332 0.1043587 0.434556 0.08544665 0.458145 0.08670264 0.4095 0.08670264 0.4095 0.1339367 0.392309 0.1043587 0.434556 0.07467365 0.483332 0.08544665 0.458145 0.09662961 0.4690032 0.07467365 0.483332 0.09662961 0.4690032 0.09912163 0.487061 0.08544665 0.458145 0.1043587 0.434556 0.1076607 0.45432 0.1076607 0.45432 0.09662961 0.4690032 0.08544665 0.458145 0.1378636 0.415025 0.1043587 0.434556 0.1339367 0.392309 0.1339367 0.392309 0.1652796 0.388088 0.1378636 0.415025 0.1189287 0.439648 0.1076607 0.45432 0.1043587 0.434556 0.1043587 0.434556 0.1378636 0.415025 0.1189287 0.439648 0.1076607 0.45432 0.1132589 0.4586037 0.09662961 0.4690032 0.1076607 0.45432 0.1189287 0.439648 0.1132589 0.4586037 0.1668336 0.410039 0.1378636 0.415025 0.1652796 0.388088 0.1652796 0.388088 0.187713 0.388012 0.1668336 0.410039 0.1424157 0.426063 0.1189287 0.439648 0.1378636 0.415025 0.1378636 0.415025 0.1668336 0.410039 0.1424157 0.426063 0.1301066 0.443728 0.1132589 0.4586037 0.1189287 0.439648 0.1424157 0.426063 0.1301066 0.443728 0.1189287 0.439648 0.09662961 0.4690032 0.1132589 0.4586037 0.1198512 0.4656397 0.1132589 0.4586037 0.1301066 0.443728 0.1198512 0.4656397 0.09662961 0.4690032 0.1198512 0.4656397 0.09912163 0.487061 0.1487916 0.436111 0.1301066 0.443728 0.1424157 0.426063 0.1198512 0.4656397 0.1172206 0.487315 0.09912163 0.487061 0.09912163 0.487061 0.1172206 0.487315 0.09853363 0.48994 0.1172206 0.487315 0.1157957 0.4953766 0.09853363 0.48994 0.1157957 0.4953766 0.1172206 0.487315 0.1400136 0.485946 0.1172206 0.487315 0.1198512 0.4656397 0.1400136 0.485946 0.1400136 0.485946 0.1374917 0.509212 0.1157957 0.4953766 0.1374917 0.509212 0.1400136 0.485946 0.1681826 0.507033 0.1400136 0.485946 0.1679736 0.486662 0.1681826 0.507033 0.1679736 0.486662 0.1400136 0.485946 0.1677926 0.473898 0.1677926 0.473898 0.187713 0.473896 0.1679736 0.486662 0.1681026 0.462972 0.187713 0.473896 0.1677926 0.473898 0.1421377 0.471213 0.1677926 0.473898 0.1400136 0.485946 0.1677926 0.473898 0.1421377 0.471213 0.1681026 0.462972 0.1400136 0.485946 0.1198512 0.4656397 0.1421377 0.471213 0.1421377 0.471213 0.1198512 0.4656397 0.1462426 0.456714 0.1462426 0.456714 0.1681026 0.462972 0.1421377 0.471213 0.1301066 0.443728 0.1462426 0.456714 0.1198512 0.4656397 0.1487916 0.436111 0.1462426 0.456714 0.1301066 0.443728 0.1462426 0.456714 0.1686236 0.451722 0.1681026 0.462972 0.1686236 0.451722 0.1462426 0.456714 0.1487916 0.436111 0.1686236 0.451722 0.187713 0.452413 0.1681026 0.462972 0.1686236 0.451722 0.1487916 0.436111 0.1684976 0.435536 0.187713 0.452413 0.1686236 0.451722 0.187713 0.437053 0.1684976 0.435536 0.187713 0.437053 0.1686236 0.451722 0.187713 0.452413 0.187713 0.437053 0.20686 0.451722 0.1684976 0.435536 0.1487916 0.436111 0.1679556 0.422453 0.1424157 0.426063 0.1679556 0.422453 0.1487916 0.436111 0.1679556 0.422453 0.1424157 0.426063 0.1668336 0.410039 0.187713 0.437053 0.1684976 0.435536 0.187713 0.422232 0.1679556 0.422453 0.187713 0.422232 0.1684976 0.435536 0.20686 0.451722 0.187713 0.437053 0.206986 0.435536 0.187713 0.422232 0.206986 0.435536 0.187713 0.437053 0.206986 0.435536 0.226692 0.436111 0.20686 0.451722 0.1668336 0.410039 0.187713 0.40899 0.1679556 0.422453 0.187713 0.422232 0.1679556 0.422453 0.187713 0.40899 0.187713 0.40899 0.1668336 0.410039 0.187713 0.388012 0.187713 0.388012 0.2086499 0.410039 0.187713 0.40899 0.2075279 0.422453 0.206986 0.435536 0.187713 0.422232 0.187713 0.40899 0.2075279 0.422453 0.187713 0.422232 0.2075279 0.422453 0.226692 0.436111 0.206986 0.435536 0.2086499 0.410039 0.2075279 0.422453 0.187713 0.40899 0.233068 0.426063 0.226692 0.436111 0.2075279 0.422453 0.2086499 0.410039 0.233068 0.426063 0.2075279 0.422453 0.3120031 0.7729931 0.3236327 0.7969513 0.3018574 0.806828 0.3120031 0.7729931 0.3469147 0.7924413 0.3236327 0.7969513 0.3736502 0.7743347 0.3469147 0.7924413 0.3120031 0.7729931 0.3469147 0.7924413 0.3736502 0.7743347 0.3705752 0.7945708 0.3705752 0.7945708 0.3736502 0.7743347 0.3930708 0.8027396 0.3216859 0.7318957 0.3736502 0.7743347 0.3120031 0.7729931 0.377085 0.7102357 0.3736502 0.7743347 0.3216859 0.7318957 0.399875 0.689255 0.441039 0.733487 0.399897 0.71624 0.476524 0.709314 0.441039 0.733487 0.399875 0.689255 0.399875 0.689255 0.479105 0.66865 0.476524 0.709314 0.400217 0.6468 0.479105 0.66865 0.399875 0.689255 0.39485 0.599174 0.479105 0.66865 0.400217 0.6468 0.446132 0.619249 0.479105 0.66865 0.39485 0.599174 0.3018574 0.806828 0.3236327 0.7969513 0.3120031 0.7729931 0.3236327 0.7969513 0.3469147 0.7924413 0.3120031 0.7729931 0.3120031 0.7729931 0.3469147 0.7924413 0.3736502 0.7743347 0.3120031 0.7729931 0.3736502 0.7743347 0.3216859 0.7318957 0.3216859 0.7318957 0.3736502 0.7743347 0.377085 0.7102357 0.3705752 0.7945708 0.3736502 0.7743347 0.3469147 0.7924413 0.3930708 0.8027396 0.3736502 0.7743347 0.3705752 0.7945708 0.399897 0.71624 0.441039 0.733487 0.399875 0.689255 0.476524 0.709314 0.399875 0.689255 0.441039 0.733487 0.476524 0.709314 0.479105 0.66865 0.399875 0.689255 0.400217 0.6468 0.399875 0.689255 0.479105 0.66865 0.400217 0.6468 0.479105 0.66865 0.39485 0.599174 0.446132 0.619249 0.39485 0.599174 0.479105 0.66865 0.5056111 0.004440963 0.5056111 0.02178305 0.5315074 0.004440963 0.5315074 0.0218234 0.5315074 0.004440963 0.5056111 0.02178305 0.5315074 0.0218234 0.5056111 0.02178305 0.5311973 0.03933286 0.5311973 0.03933286 0.539385 0.02870416 0.5315074 0.0218234 0.5056111 0.03933286 0.5311973 0.03933286 0.5056111 0.02178305 0.539385 0.02870416 0.5311973 0.03933286 0.5581889 0.02870416 0.5311973 0.03933286 0.5056111 0.03933286 0.5272354 0.04306864 0.5056111 0.04306864 0.5272354 0.04306864 0.5056111 0.03933286 0.5056111 0.04306864 0.5056111 0.07258391 0.5272354 0.04306864 0.5581889 0.03933286 0.5581889 0.02870416 0.5311973 0.03933286 0.5310652 0.07256472 0.5272354 0.04306864 0.5056111 0.07258391 0.5056111 0.0950039 0.5310652 0.07256472 0.5056111 0.07258391 0.5272354 0.04306864 0.5581889 0.04306864 0.5311973 0.03933286 0.5581889 0.03933286 0.5311973 0.03933286 0.5581889 0.04306864 0.5310652 0.07256472 0.5581889 0.07252538 0.5272354 0.04306864 0.5272354 0.04306864 0.5581889 0.07252538 0.5581889 0.04306864 0.5311973 0.09499204 0.5310652 0.07256472 0.5056111 0.0950039 0.5310652 0.07256472 0.5311973 0.09499204 0.5581889 0.07252538 0.5311973 0.09499204 0.5056111 0.0950039 0.5311973 0.1007856 0.5311973 0.1007856 0.5056111 0.0950039 0.5056111 0.1007856 0.5311973 0.1007856 0.5056111 0.1007856 0.5581889 0.1059617 0.5581889 0.07252538 0.5311973 0.09499204 0.5581889 0.09497267 0.5311973 0.1007856 0.5581889 0.09497267 0.5311973 0.09499204 0.5581889 0.1059617 0.5581889 0.1007856 0.5311973 0.1007856 0.5581889 0.1007856 0.5581889 0.09497267 0.5311973 0.1007856 0.5581889 0.1059617 0.586535 0.1007856 0.5581889 0.1007856 0.5581889 0.1059617 0.6148186 0.1007856 0.586535 0.1007856 0.5581889 0.1007856 0.586535 0.09495121 0.5581889 0.09497267 0.586535 0.1007856 0.586535 0.09495121 0.5581889 0.1007856 0.5581889 0.07252538 0.5581889 0.09497267 0.586535 0.07248175 0.586535 0.07248175 0.5581889 0.09497267 0.586535 0.09495121 0.5581889 0.07252538 0.586535 0.07248175 0.5581889 0.04306864 0.586535 0.1007856 0.6148186 0.09493911 0.586535 0.09495121 0.586535 0.09495121 0.6148186 0.09493911 0.586535 0.07248175 0.6148186 0.1007856 0.6148186 0.09493911 0.586535 0.1007856 0.5581889 0.04306864 0.586535 0.07248175 0.5909841 0.04306864 0.5581889 0.04306864 0.5909841 0.04306864 0.5581889 0.03933286 0.6149534 0.07246106 0.586535 0.07248175 0.6148186 0.09493911 0.586535 0.07248175 0.6149534 0.07246106 0.5909841 0.04306864 0.6148186 0.1007856 0.6434416 0.0949496 0.6148186 0.09493911 0.5909841 0.03933286 0.5581889 0.03933286 0.5909841 0.04306864 0.5581889 0.03933286 0.5909841 0.03933286 0.5581889 0.02870416 0.5780604 0.02901458 0.5581889 0.02870416 0.5909841 0.03933286 0.5780604 0.02901458 0.5909841 0.03933286 0.586535 0.02248167 0.5909841 0.04306864 0.6156275 0.04306864 0.5909841 0.03933286 0.5909841 0.04306864 0.6149534 0.07246106 0.6156275 0.04306864 0.5909841 0.03933286 0.6156275 0.03933286 0.586535 0.02248167 0.6156275 0.03933286 0.5909841 0.03933286 0.6156275 0.04306864 0.586535 0.004440963 0.586535 0.02248167 0.6148186 0.004440963 0.6148186 0.02276796 0.6148186 0.004440963 0.586535 0.02248167 0.6148186 0.02276796 0.586535 0.02248167 0.6156275 0.03933286 0.6148186 0.004440963 0.6148186 0.02276796 0.6434313 0.004440963 0.6434416 0.02308022 0.6434313 0.004440963 0.6148186 0.02276796 0.6434313 0.004440963 0.6434416 0.02308022 0.6702856 0.004440963 0.6156275 0.03933286 0.6434416 0.03933286 0.6148186 0.02276796 0.6434416 0.02308022 0.6148186 0.02276796 0.6434416 0.03933286 0.6156275 0.04306864 0.6434416 0.04306864 0.6156275 0.03933286 0.6434416 0.03933286 0.6156275 0.03933286 0.6434416 0.04306864 0.6702856 0.02301692 0.6702856 0.004440963 0.6434416 0.02308022 0.6702856 0.004440963 0.6702856 0.02301692 0.6970521 0.004440963 0.6434416 0.03933286 0.6702856 0.03933286 0.6434416 0.02308022 0.6702856 0.02301692 0.6434416 0.02308022 0.6702856 0.03933286 0.6970521 0.02303022 0.6970521 0.004440963 0.6702856 0.02301692 0.6970521 0.004440963 0.6970521 0.02303022 0.7258216 0.004440963 0.7258216 0.02302205 0.7258216 0.004440963 0.6970521 0.02303022 0.7258216 0.02302205 0.6970521 0.02303022 0.7258216 0.03933286 0.6970521 0.02303022 0.6702856 0.02301692 0.6970521 0.03933286 0.6970521 0.03933286 0.7258216 0.03933286 0.6970521 0.02303022 0.6702856 0.03933286 0.6970521 0.03933286 0.6702856 0.02301692 0.7258216 0.03933286 0.6970521 0.03933286 0.7258216 0.04306864 0.6970521 0.04306864 0.7258216 0.04306864 0.6970521 0.03933286 0.6970521 0.03933286 0.6702856 0.03933286 0.6970521 0.04306864 0.6970521 0.04306864 0.7258216 0.07258415 0.7258216 0.04306864 0.6702856 0.03933286 0.6434416 0.03933286 0.6702856 0.04306864 0.6702856 0.04306864 0.6970521 0.04306864 0.6702856 0.03933286 0.6434416 0.04306864 0.6702856 0.04306864 0.6434416 0.03933286 0.6970521 0.07257133 0.7258216 0.07258415 0.6970521 0.04306864 0.6702856 0.04306864 0.6970521 0.07257133 0.6970521 0.04306864 0.6434416 0.04306864 0.6702856 0.07252329 0.6702856 0.04306864 0.6702856 0.07252329 0.6970521 0.07257133 0.6702856 0.04306864 0.6434416 0.07248026 0.6702856 0.07252329 0.6434416 0.04306864 0.6156275 0.04306864 0.6434416 0.07248026 0.6434416 0.04306864 0.6149534 0.07246106 0.6434416 0.07248026 0.6156275 0.04306864 0.6148186 0.09493911 0.6434416 0.07248026 0.6149534 0.07246106 0.6434416 0.0949496 0.6434416 0.07248026 0.6148186 0.09493911 0.6702856 0.07252329 0.6434416 0.07248026 0.6702856 0.09497112 0.6702856 0.09497112 0.6434416 0.07248026 0.6434416 0.0949496 0.6702856 0.07252329 0.6702856 0.09497112 0.6970521 0.07257133 0.6970521 0.07257133 0.6970521 0.09499609 0.7258216 0.07258415 0.6970521 0.07257133 0.6702856 0.09497112 0.6970521 0.09499609 0.7258216 0.07258415 0.6970521 0.09499609 0.7258216 0.09500414 0.6434416 0.1007856 0.6702856 0.09497112 0.6434416 0.0949496 0.6434416 0.1007856 0.6434416 0.0949496 0.6148186 0.1007856 0.6841502 0.1059617 0.6434416 0.1007856 0.6148186 0.1007856 0.6702856 0.1007856 0.6702856 0.09497112 0.6434416 0.1007856 0.6841502 0.1059617 0.6702856 0.1007856 0.6434416 0.1007856 0.6702856 0.1007856 0.6970521 0.09499609 0.6702856 0.09497112 0.6970521 0.1007856 0.6702856 0.1007856 0.6841502 0.1059617 0.6970521 0.1007856 0.6970521 0.09499609 0.6702856 0.1007856 0.6970521 0.1007856 0.7258216 0.09500414 0.6970521 0.09499609 0.7258216 0.1007856 0.6970521 0.1007856 0.6841502 0.1059617 0.7258216 0.1007856 0.7258216 0.09500414 0.6970521 0.1007856 0.5315074 0.004440963 0.5056111 0.02178305 0.5056111 0.004440963 0.5315074 0.0218234 0.5056111 0.02178305 0.5315074 0.004440963 0.5315074 0.0218234 0.5311973 0.03933286 0.5056111 0.02178305 0.5315074 0.0218234 0.539385 0.02870416 0.5311973 0.03933286 0.5056111 0.02178305 0.5311973 0.03933286 0.5056111 0.03933286 0.5581889 0.02870416 0.5311973 0.03933286 0.539385 0.02870416 0.5272354 0.04306864 0.5056111 0.03933286 0.5311973 0.03933286 0.5056111 0.04306864 0.5056111 0.03933286 0.5272354 0.04306864 0.5272354 0.04306864 0.5056111 0.07258391 0.5056111 0.04306864 0.5581889 0.03933286 0.5311973 0.03933286 0.5581889 0.02870416 0.5056111 0.07258391 0.5272354 0.04306864 0.5310652 0.07256472 0.5056111 0.07258391 0.5310652 0.07256472 0.5056111 0.0950039 0.5272354 0.04306864 0.5311973 0.03933286 0.5581889 0.04306864 0.5581889 0.04306864 0.5311973 0.03933286 0.5581889 0.03933286 0.5310652 0.07256472 0.5272354 0.04306864 0.5581889 0.07252538 0.5581889 0.04306864 0.5581889 0.07252538 0.5272354 0.04306864 0.5311973 0.09499204 0.5056111 0.0950039 0.5310652 0.07256472 0.5310652 0.07256472 0.5581889 0.07252538 0.5311973 0.09499204 0.5311973 0.09499204 0.5311973 0.1007856 0.5056111 0.0950039 0.5056111 0.1007856 0.5056111 0.0950039 0.5311973 0.1007856 0.5581889 0.1059617 0.5056111 0.1007856 0.5311973 0.1007856 0.5581889 0.09497267 0.5311973 0.09499204 0.5581889 0.07252538 0.5311973 0.09499204 0.5581889 0.09497267 0.5311973 0.1007856 0.5311973 0.1007856 0.5581889 0.1007856 0.5581889 0.1059617 0.5581889 0.1007856 0.5311973 0.1007856 0.5581889 0.09497267 0.5581889 0.1007856 0.586535 0.1007856 0.5581889 0.1059617 0.586535 0.1007856 0.6148186 0.1007856 0.5581889 0.1059617 0.5581889 0.09497267 0.586535 0.09495121 0.5581889 0.1007856 0.586535 0.1007856 0.5581889 0.1007856 0.586535 0.09495121 0.5581889 0.07252538 0.586535 0.07248175 0.5581889 0.09497267 0.586535 0.09495121 0.5581889 0.09497267 0.586535 0.07248175 0.5581889 0.07252538 0.5581889 0.04306864 0.586535 0.07248175 0.586535 0.09495121 0.6148186 0.09493911 0.586535 0.1007856 0.586535 0.07248175 0.6148186 0.09493911 0.586535 0.09495121 0.6148186 0.1007856 0.586535 0.1007856 0.6148186 0.09493911 0.5909841 0.04306864 0.586535 0.07248175 0.5581889 0.04306864 0.5581889 0.04306864 0.5581889 0.03933286 0.5909841 0.04306864 0.6148186 0.09493911 0.586535 0.07248175 0.6149534 0.07246106 0.5909841 0.04306864 0.6149534 0.07246106 0.586535 0.07248175 0.6148186 0.09493911 0.6434416 0.0949496 0.6148186 0.1007856 0.5909841 0.04306864 0.5581889 0.03933286 0.5909841 0.03933286 0.5581889 0.02870416 0.5909841 0.03933286 0.5581889 0.03933286 0.5780604 0.02901458 0.5909841 0.03933286 0.5581889 0.02870416 0.586535 0.02248167 0.5909841 0.03933286 0.5780604 0.02901458 0.5909841 0.04306864 0.5909841 0.03933286 0.6156275 0.04306864 0.6156275 0.04306864 0.6149534 0.07246106 0.5909841 0.04306864 0.586535 0.02248167 0.6156275 0.03933286 0.5909841 0.03933286 0.6156275 0.04306864 0.5909841 0.03933286 0.6156275 0.03933286 0.6148186 0.004440963 0.586535 0.02248167 0.586535 0.004440963 0.6149534 0.07246106 0.6156275 0.04306864 0.6434416 0.07248026 0.6149534 0.07246106 0.6434416 0.07248026 0.6148186 0.09493911 0.6434416 0.0949496 0.6148186 0.09493911 0.6434416 0.07248026 0.6148186 0.02276796 0.586535 0.02248167 0.6148186 0.004440963 0.6148186 0.02276796 0.6156275 0.03933286 0.586535 0.02248167 0.6434313 0.004440963 0.6148186 0.02276796 0.6148186 0.004440963 0.6156275 0.04306864 0.6156275 0.03933286 0.6434416 0.04306864 0.6434416 0.04306864 0.6434416 0.07248026 0.6156275 0.04306864 0.6148186 0.02276796 0.6434416 0.03933286 0.6156275 0.03933286 0.6434416 0.04306864 0.6156275 0.03933286 0.6434416 0.03933286 0.6434416 0.02308022 0.6148186 0.02276796 0.6434313 0.004440963 0.6434416 0.02308022 0.6434416 0.03933286 0.6148186 0.02276796 0.6702856 0.004440963 0.6434416 0.02308022 0.6434313 0.004440963 0.6434416 0.04306864 0.6434416 0.03933286 0.6702856 0.04306864 0.6702856 0.02301692 0.6434416 0.02308022 0.6702856 0.004440963 0.6970521 0.004440963 0.6702856 0.02301692 0.6702856 0.004440963 0.6434416 0.02308022 0.6702856 0.03933286 0.6434416 0.03933286 0.6702856 0.02301692 0.6702856 0.03933286 0.6434416 0.02308022 0.6702856 0.04306864 0.6434416 0.03933286 0.6702856 0.03933286 0.6970521 0.02303022 0.6702856 0.02301692 0.6970521 0.004440963 0.7258216 0.004440963 0.6970521 0.02303022 0.6970521 0.004440963 0.7258216 0.02302205 0.6970521 0.02303022 0.7258216 0.004440963 0.7258216 0.02302205 0.7258216 0.03933286 0.6970521 0.02303022 0.6970521 0.02303022 0.6970521 0.03933286 0.6702856 0.02301692 0.6970521 0.02303022 0.7258216 0.03933286 0.6970521 0.03933286 0.6702856 0.02301692 0.6970521 0.03933286 0.6702856 0.03933286 0.7258216 0.04306864 0.6970521 0.03933286 0.7258216 0.03933286 0.6970521 0.04306864 0.6702856 0.03933286 0.6970521 0.03933286 0.6970521 0.04306864 0.6970521 0.03933286 0.7258216 0.04306864 0.6702856 0.04306864 0.6702856 0.03933286 0.6970521 0.04306864 0.7258216 0.04306864 0.7258216 0.07258415 0.6970521 0.04306864 0.6970521 0.04306864 0.6970521 0.07257133 0.6702856 0.04306864 0.6970521 0.07257133 0.6970521 0.04306864 0.7258216 0.07258415 0.6702856 0.04306864 0.6702856 0.07252329 0.6434416 0.04306864 0.6702856 0.07252329 0.6702856 0.04306864 0.6970521 0.07257133 0.6434416 0.07248026 0.6434416 0.04306864 0.6702856 0.07252329 0.6970521 0.07257133 0.7258216 0.07258415 0.6970521 0.09499609 0.7258216 0.09500414 0.6970521 0.09499609 0.7258216 0.07258415 0.6702856 0.07252329 0.6970521 0.07257133 0.6702856 0.09497112 0.6702856 0.07252329 0.6702856 0.09497112 0.6434416 0.07248026 0.6970521 0.09499609 0.6702856 0.09497112 0.6970521 0.07257133 0.6434416 0.0949496 0.6434416 0.07248026 0.6702856 0.09497112 0.6970521 0.09499609 0.7258216 0.09500414 0.6970521 0.1007856 0.7258216 0.1007856 0.6970521 0.1007856 0.7258216 0.09500414 0.6841502 0.1059617 0.6970521 0.1007856 0.7258216 0.1007856 0.6970521 0.1007856 0.6702856 0.1007856 0.6970521 0.09499609 0.6841502 0.1059617 0.6702856 0.1007856 0.6970521 0.1007856 0.6702856 0.09497112 0.6970521 0.09499609 0.6702856 0.1007856 0.6434416 0.1007856 0.6702856 0.1007856 0.6841502 0.1059617 0.6702856 0.1007856 0.6434416 0.1007856 0.6702856 0.09497112 0.6434416 0.0949496 0.6702856 0.09497112 0.6434416 0.1007856 0.6148186 0.1007856 0.6434416 0.1007856 0.6841502 0.1059617 0.6434416 0.1007856 0.6148186 0.1007856 0.6434416 0.0949496 0.5227747 0.554887 0.5110466 0.6120793 0.5235027 0.6060732 0.5235027 0.6060732 0.5110466 0.6120793 0.5218693 0.6423891 0.5235027 0.6060732 0.5218693 0.6423891 0.5332981 0.6331103 0.5110466 0.6120793 0.508367 0.6442829 0.5218693 0.6423891 0.5332981 0.6331103 0.5218693 0.6423891 0.5537097 0.6491873 0.508367 0.6442829 0.5361642 0.6694278 0.5218693 0.6423891 0.5537097 0.6491873 0.5218693 0.6423891 0.54721 0.6628599 0.5361642 0.6694278 0.54721 0.6628599 0.5218693 0.6423891 0.5361642 0.6694278 0.5481476 0.6757847 0.54721 0.6628599 0.5537097 0.6491873 0.54721 0.6628599 0.5957753 0.6600905 0.5481476 0.6757847 0.5914734 0.6814191 0.54721 0.6628599 0.5957753 0.6600905 0.54721 0.6628599 0.5972667 0.6721931 0.54721 0.6628599 0.5914734 0.6814191 0.5972667 0.6721931 0.5957753 0.6600905 0.5972667 0.6721931 0.6466883 0.6528729 0.5914734 0.6814191 0.6533122 0.6681224 0.5972667 0.6721931 0.6492207 0.6592164 0.5972667 0.6721931 0.6533122 0.6681224 0.6466883 0.6528729 0.5972667 0.6721931 0.6492207 0.6592164 0.6533122 0.6681224 0.6679255 0.6401184 0.6492207 0.6592164 0.6492207 0.6592164 0.6679255 0.6401184 0.6466883 0.6528729 0.6466883 0.6528729 0.6679255 0.6401184 0.6642778 0.6310954 0.5227747 0.554887 0.5235027 0.6060732 0.5110466 0.6120793 0.5235027 0.6060732 0.5218693 0.6423891 0.5110466 0.6120793 0.5110466 0.6120793 0.5218693 0.6423891 0.508367 0.6442829 0.5235027 0.6060732 0.5332981 0.6331103 0.5218693 0.6423891 0.508367 0.6442829 0.5218693 0.6423891 0.5361642 0.6694278 0.5537097 0.6491873 0.5218693 0.6423891 0.5332981 0.6331103 0.5361642 0.6694278 0.5218693 0.6423891 0.54721 0.6628599 0.54721 0.6628599 0.5218693 0.6423891 0.5537097 0.6491873 0.5361642 0.6694278 0.54721 0.6628599 0.5481476 0.6757847 0.5957753 0.6600905 0.54721 0.6628599 0.5537097 0.6491873 0.5481476 0.6757847 0.54721 0.6628599 0.5914734 0.6814191 0.5972667 0.6721931 0.54721 0.6628599 0.5957753 0.6600905 0.54721 0.6628599 0.5972667 0.6721931 0.5914734 0.6814191 0.6466883 0.6528729 0.5972667 0.6721931 0.5957753 0.6600905 0.5914734 0.6814191 0.5972667 0.6721931 0.6533122 0.6681224 0.6492207 0.6592164 0.5972667 0.6721931 0.6466883 0.6528729 0.6492207 0.6592164 0.6533122 0.6681224 0.5972667 0.6721931 0.6466883 0.6528729 0.6642778 0.6310954 0.6492207 0.6592164 0.6533122 0.6681224 0.6492207 0.6592164 0.6679255 0.6401184 0.6679255 0.6401184 0.6492207 0.6592164 0.6642778 0.6310954 0.07812142 0.2211112 0.05650448 0.2366639 0.08402365 0.236872 0.05650448 0.2366639 0.07217025 0.256891 0.08402365 0.236872 0.08989918 0.2426367 0.08402365 0.236872 0.07217025 0.256891 0.05650448 0.2366639 0.05560702 0.2510041 0.07217025 0.256891 0.08989918 0.2426367 0.07217025 0.256891 0.09423911 0.2448162 0.06834304 0.2790762 0.07217025 0.256891 0.05560702 0.2510041 0.05690187 0.2790762 0.06834304 0.2790762 0.05560702 0.2510041 0.05690187 0.2790762 0.05793875 0.299983 0.06834304 0.2790762 0.08094787 0.2601894 0.09423911 0.2448162 0.07217025 0.256891 0.07217025 0.256891 0.06834304 0.2790762 0.08094787 0.2601894 0.09857898 0.2469957 0.09423911 0.2448162 0.08094787 0.2601894 0.05793875 0.299983 0.06848096 0.3011866 0.06834304 0.2790762 0.06848096 0.3011866 0.05793875 0.299983 0.05771034 0.3291546 0.06978559 0.3279835 0.06848096 0.3011866 0.05771034 0.3291546 0.06834304 0.2790762 0.07767409 0.2790762 0.08094787 0.2601894 0.06834304 0.2790762 0.06848096 0.3011866 0.07767409 0.2790762 0.08941262 0.2617656 0.09857898 0.2469957 0.08094787 0.2601894 0.08941262 0.2617656 0.08094787 0.2601894 0.07767409 0.2790762 0.1054979 0.2484015 0.09857898 0.2469957 0.08941262 0.2617656 0.06848096 0.3011866 0.06978559 0.3279835 0.07767021 0.302256 0.07767021 0.302256 0.07767409 0.2790762 0.06848096 0.3011866 0.08207732 0.3246524 0.07767021 0.302256 0.06978559 0.3279835 0.08735221 0.2790762 0.08941262 0.2617656 0.07767409 0.2790762 0.07767409 0.2790762 0.07767021 0.302256 0.08735221 0.2790762 0.07767021 0.302256 0.08207732 0.3246524 0.08799248 0.3007389 0.07767021 0.302256 0.08799248 0.3007389 0.08735221 0.2790762 0.09221386 0.3203462 0.08799248 0.3007389 0.08207732 0.3246524 0.09937214 0.2632128 0.08941262 0.2617656 0.08735221 0.2790762 0.09937214 0.2632128 0.1054979 0.2484015 0.08941262 0.2617656 0.08735221 0.2790762 0.08799248 0.3007389 0.09843558 0.2790762 0.09843558 0.2790762 0.09937214 0.2632128 0.08735221 0.2790762 0.08799248 0.3007389 0.09221386 0.3203462 0.09988933 0.2971529 0.08799248 0.3007389 0.09988933 0.2971529 0.09843558 0.2790762 0.09221386 0.3203462 0.1036654 0.3141981 0.09988933 0.2971529 0.1036654 0.3141981 0.123847 0.3143847 0.09988933 0.2971529 0.09988933 0.2971529 0.123847 0.3143847 0.12251 0.297258 0.12251 0.297258 0.09843558 0.2790762 0.09988933 0.2971529 0.123847 0.3143847 0.1368809 0.3156713 0.12251 0.297258 0.1217846 0.2790762 0.09937214 0.2632128 0.09843558 0.2790762 0.1217846 0.2790762 0.09843558 0.2790762 0.12251 0.297258 0.12251 0.297258 0.1368809 0.3156713 0.1427412 0.2978116 0.12251 0.297258 0.1427412 0.2978116 0.1217846 0.2790762 0.1368809 0.3156713 0.1528515 0.3209995 0.1427412 0.2978116 0.1235757 0.26502 0.09937214 0.2632128 0.1217846 0.2790762 0.1235757 0.26502 0.1054979 0.2484015 0.09937214 0.2632128 0.1256331 0.2486274 0.1054979 0.2484015 0.1235757 0.26502 0.1217846 0.2790762 0.1427412 0.2978116 0.1451026 0.2790762 0.1217846 0.2790762 0.1451026 0.2790762 0.1235757 0.26502 0.1427412 0.2978116 0.1528515 0.3209995 0.1528515 0.3023037 0.1427412 0.2978116 0.1528515 0.3023037 0.1451026 0.2790762 0.1528515 0.3209995 0.1561189 0.3216208 0.1528515 0.3023037 0.1235757 0.26502 0.1430782 0.264877 0.1256331 0.2486274 0.1235757 0.26502 0.1451026 0.2790762 0.1430782 0.264877 0.1256331 0.2486274 0.1430782 0.264877 0.1380633 0.2479063 0.1451026 0.2790762 0.1528515 0.3023037 0.1528515 0.2790762 0.1451026 0.2790762 0.1528515 0.2790762 0.1430782 0.264877 0.1528515 0.3023037 0.1561189 0.3216208 0.1561189 0.3025516 0.1528515 0.3023037 0.1561189 0.3025516 0.1528515 0.2790762 0.1561189 0.3216208 0.1789916 0.32597 0.1561189 0.3025516 0.1430782 0.264877 0.1528515 0.262992 0.1380633 0.2479063 0.1430782 0.264877 0.1528515 0.2790762 0.1528515 0.262992 0.1380633 0.2479063 0.1528515 0.262992 0.1528515 0.2430757 0.1528515 0.2790762 0.1561189 0.3025516 0.1561189 0.2790762 0.1528515 0.2790762 0.1561189 0.2790762 0.1528515 0.262992 0.1561189 0.3025516 0.1789916 0.32597 0.1789916 0.3042869 0.1789916 0.3042869 0.1561189 0.2790762 0.1561189 0.3025516 0.1827259 0.3266801 0.1789916 0.3042869 0.1789916 0.32597 0.1827259 0.3045702 0.1789916 0.3042869 0.1827259 0.3266801 0.1528515 0.262992 0.1561189 0.2627874 0.1528515 0.2430757 0.1528515 0.262992 0.1561189 0.2790762 0.1561189 0.2627874 0.1528515 0.2430757 0.1561189 0.2627874 0.1561189 0.2424004 0.1827259 0.3045702 0.1789916 0.2790762 0.1789916 0.3042869 0.1789916 0.2790762 0.1561189 0.2790762 0.1789916 0.3042869 0.1827259 0.2790762 0.1789916 0.2790762 0.1827259 0.3045702 0.1561189 0.2627874 0.1561189 0.2790762 0.1789916 0.2613547 0.1789916 0.2613547 0.1561189 0.2790762 0.1789916 0.2790762 0.1561189 0.2627874 0.1789916 0.2613547 0.1561189 0.2424004 0.1827259 0.2790762 0.1789916 0.2613547 0.1789916 0.2790762 0.1561189 0.2424004 0.1789916 0.2613547 0.1789916 0.2376734 0.1827259 0.2611208 0.1789916 0.2613547 0.1827259 0.2790762 0.1827259 0.2611208 0.1789916 0.2376734 0.1789916 0.2613547 0.1827259 0.2369017 0.1789916 0.2376734 0.1827259 0.2611208 0.3001463 0.3105484 0.3062868 0.2976415 0.2984853 0.3025922 0.3273403 0.2996774 0.3062868 0.2976415 0.3001463 0.3105484 0.3063467 0.2773109 0.3062868 0.2976415 0.3273403 0.2996774 0.3001463 0.3105484 0.3018332 0.3189776 0.3273403 0.2996774 0.3334467 0.2773109 0.3063467 0.2773109 0.3273403 0.2996774 0.3063467 0.2381108 0.3063467 0.2773109 0.3334467 0.2773109 0.3273403 0.2996774 0.3018332 0.3189776 0.3263759 0.3073885 0.3334467 0.2773109 0.3273403 0.2996774 0.3358348 0.3033973 0.3263759 0.3073885 0.3358348 0.3033973 0.3273403 0.2996774 0.3263759 0.3073885 0.3018332 0.3189776 0.3292722 0.3300716 0.3292722 0.3300716 0.3018332 0.3189776 0.3033546 0.3301431 0.3263759 0.3073885 0.3581971 0.3311591 0.3358348 0.3033973 0.3581971 0.3311591 0.3263759 0.3073885 0.3292722 0.3300716 0.3358348 0.3033973 0.3581971 0.3051285 0.3334467 0.2773109 0.3581971 0.3311591 0.3581971 0.3051285 0.3358348 0.3033973 0.3033546 0.3301431 0.3292722 0.3454886 0.3292722 0.3300716 0.3033545 0.3454886 0.3292722 0.3454886 0.3033546 0.3301431 0.3033545 0.3575361 0.3292722 0.3575361 0.3033545 0.3454886 0.3033545 0.3454886 0.3292722 0.3575361 0.3292722 0.3454886 0.3292722 0.3575361 0.358197 0.3575361 0.3292722 0.3454886 0.3292722 0.3454886 0.358197 0.3454886 0.3292722 0.3300716 0.3292722 0.3454886 0.358197 0.3575361 0.358197 0.3454886 0.3292722 0.3300716 0.358197 0.3454886 0.3581971 0.3311591 0.358197 0.3575361 0.3819152 0.3575362 0.358197 0.3454886 0.3581971 0.3311591 0.358197 0.3454886 0.3819152 0.3454886 0.358197 0.3454886 0.3819152 0.3575362 0.3819152 0.3454886 0.3819152 0.3454886 0.3819153 0.3041414 0.3581971 0.3311591 0.3581971 0.3051285 0.3581971 0.3311591 0.3819153 0.3041414 0.3819152 0.3454886 0.3819152 0.3575362 0.4003309 0.3454887 0.3819152 0.3454886 0.4003309 0.3454887 0.3819153 0.3041414 0.4003309 0.3454887 0.3819152 0.3575362 0.4003309 0.3575362 0.4003309 0.3575362 0.4209922 0.3575362 0.4003309 0.3454887 0.3581971 0.3051285 0.3819153 0.3041414 0.358245 0.2773109 0.3334467 0.2773109 0.3581971 0.3051285 0.358245 0.2773109 0.4003309 0.3454887 0.4209922 0.3575362 0.4209922 0.3454887 0.4209922 0.3575362 0.4412062 0.3575363 0.4209922 0.3454887 0.358245 0.2773109 0.3366875 0.2373506 0.3334467 0.2773109 0.3334467 0.2773109 0.3366875 0.2373506 0.3063467 0.2381108 0.4209922 0.3454887 0.4412062 0.3575363 0.4412062 0.3454887 0.4412062 0.3575363 0.4666446 0.3575363 0.4412062 0.3454887 0.336791 0.2296653 0.3063467 0.2381108 0.3366875 0.2373506 0.3063467 0.2155679 0.3063467 0.2381108 0.336791 0.2296653 0.4412062 0.3454887 0.4666446 0.3575363 0.4666446 0.3454887 0.4666446 0.3575363 0.4870746 0.3575363 0.4666446 0.3454887 0.3063467 0.2155679 0.3399755 0.1859459 0.3063467 0.1914066 0.3403903 0.2175039 0.3399755 0.1859459 0.3063467 0.2155679 0.3403903 0.2175039 0.3063467 0.2155679 0.336791 0.2296653 0.3403903 0.2175039 0.3582689 0.1838034 0.3399755 0.1859459 0.3582689 0.217557 0.3582689 0.1838034 0.3403903 0.2175039 0.336791 0.2296653 0.3582689 0.217557 0.3403903 0.2175039 0.3582689 0.217557 0.3796321 0.1861938 0.3582689 0.1838034 0.3366875 0.2373506 0.3582689 0.2358878 0.336791 0.2296653 0.3582689 0.2358878 0.3366875 0.2373506 0.358245 0.2773109 0.3582689 0.2279213 0.3582689 0.217557 0.336791 0.2296653 0.336791 0.2296653 0.3582689 0.2358878 0.3582689 0.2279213 0.3788995 0.2172087 0.3796321 0.1861938 0.3582689 0.217557 0.3582689 0.2279213 0.3788995 0.2172087 0.3582689 0.217557 0.3788995 0.2172087 0.4003443 0.1901491 0.3796321 0.1861938 0.3582689 0.2358878 0.3816328 0.2376348 0.3582689 0.2279213 0.4003443 0.2144771 0.4003443 0.1901491 0.3788995 0.2172087 0.4003443 0.2144771 0.4206921 0.1896116 0.4003443 0.1901491 0.3815577 0.2300043 0.3788995 0.2172087 0.3582689 0.2279213 0.3788995 0.2172087 0.3815577 0.2300043 0.4003443 0.2144771 0.3582689 0.2279213 0.3816328 0.2376348 0.3815577 0.2300043 0.4230489 0.2109379 0.4206921 0.1896116 0.4003443 0.2144771 0.4230489 0.2109379 0.4410082 0.1887862 0.4206921 0.1896116 0.400328 0.2369624 0.4003443 0.2144771 0.3815577 0.2300043 0.3815577 0.2300043 0.3816328 0.2376348 0.400328 0.2369624 0.4230489 0.2109379 0.4003443 0.2144771 0.4205785 0.2468587 0.4003443 0.2144771 0.400328 0.2369624 0.4205785 0.2468587 0.4410082 0.2089356 0.4410082 0.1887862 0.4230489 0.2109379 0.4410082 0.2089356 0.4640747 0.189945 0.4410082 0.1887862 0.4410082 0.2089356 0.4230489 0.2109379 0.4410082 0.2499932 0.4230489 0.2109379 0.4205785 0.2468587 0.4410082 0.2499932 0.4627552 0.2106994 0.4640747 0.189945 0.4410082 0.2089356 0.4410082 0.2089356 0.4410082 0.2499932 0.4627552 0.2106994 0.4627552 0.2106994 0.484167 0.1911664 0.4640747 0.189945 0.484167 0.2155679 0.484167 0.1911664 0.4627552 0.2106994 0.4627552 0.2106994 0.4663997 0.2476553 0.484167 0.2155679 0.4663997 0.2476553 0.4627552 0.2106994 0.4410082 0.2499932 0.484167 0.2381108 0.484167 0.2155679 0.4663997 0.2476553 0.484167 0.2381108 0.4663997 0.2476553 0.4840123 0.277311 0.4663997 0.2476553 0.4666213 0.277311 0.4840123 0.277311 0.4840123 0.277311 0.4666213 0.277311 0.4838573 0.2976417 0.4411072 0.277311 0.4663997 0.2476553 0.4410082 0.2499932 0.4666213 0.277311 0.4663997 0.2476553 0.4411072 0.277311 0.4411072 0.277311 0.4410082 0.2499932 0.42072 0.277311 0.42072 0.277311 0.4410082 0.2499932 0.4205785 0.2468587 0.4412063 0.3028321 0.4666213 0.277311 0.4411072 0.277311 0.42072 0.277311 0.4412063 0.3028321 0.4411072 0.277311 0.4666213 0.277311 0.4666447 0.3010886 0.4838573 0.2976417 0.4666447 0.3010886 0.4666213 0.277311 0.4412063 0.3028321 0.4838573 0.2976417 0.4666447 0.3010886 0.4921128 0.3033029 0.4921128 0.3033029 0.4666447 0.3010886 0.4910372 0.3087853 0.4666447 0.3010886 0.4644641 0.3090539 0.4910372 0.3087853 0.4412063 0.3028321 0.4644641 0.3090539 0.4666447 0.3010886 0.4910372 0.3087853 0.4644641 0.3090539 0.4895648 0.3167709 0.4870746 0.3289853 0.4895648 0.3167709 0.4644641 0.3090539 0.4666446 0.3289852 0.4870746 0.3289853 0.4644641 0.3090539 0.4666446 0.3289852 0.4870746 0.3454888 0.4870746 0.3289853 0.4666446 0.3454887 0.4870746 0.3454888 0.4666446 0.3289852 0.4666446 0.3454887 0.4870746 0.3575363 0.4870746 0.3454888 0.4412062 0.3289852 0.4666446 0.3454887 0.4666446 0.3289852 0.4666446 0.3289852 0.4644641 0.3090539 0.4412062 0.3289852 0.4412062 0.3454887 0.4666446 0.3454887 0.4412062 0.3289852 0.4412062 0.3289852 0.4209922 0.3454887 0.4412062 0.3454887 0.4412062 0.3289852 0.4644641 0.3090539 0.4412063 0.3107045 0.4412063 0.3107045 0.4644641 0.3090539 0.4412063 0.3028321 0.4209922 0.3289852 0.4209922 0.3454887 0.4412062 0.3289852 0.4412063 0.3107045 0.4209922 0.3289852 0.4412062 0.3289852 0.4209922 0.3454887 0.4209922 0.3289852 0.4003309 0.3454887 0.4412063 0.3028321 0.4209923 0.303444 0.4412063 0.3107045 0.4209922 0.3289852 0.4412063 0.3107045 0.4209923 0.303444 0.4209923 0.303444 0.4412063 0.3028321 0.42072 0.277311 0.4003309 0.3454887 0.4209922 0.3289852 0.400331 0.3040794 0.4209922 0.3289852 0.4209923 0.303444 0.400331 0.3040794 0.4003309 0.3454887 0.400331 0.3040794 0.3819153 0.3041414 0.4003513 0.2773109 0.4209923 0.303444 0.42072 0.277311 0.400331 0.3040794 0.4209923 0.303444 0.4003513 0.2773109 0.42072 0.277311 0.4205785 0.2468587 0.4003513 0.2773109 0.400328 0.2369624 0.4003513 0.2773109 0.4205785 0.2468587 0.3819153 0.3041414 0.400331 0.3040794 0.3819692 0.2773109 0.3819692 0.2773109 0.400331 0.3040794 0.4003513 0.2773109 0.4003513 0.2773109 0.400328 0.2369624 0.3819692 0.2773109 0.358245 0.2773109 0.3819153 0.3041414 0.3819692 0.2773109 0.3819692 0.2773109 0.400328 0.2369624 0.3816328 0.2376348 0.3819692 0.2773109 0.3582689 0.2358878 0.358245 0.2773109 0.3816328 0.2376348 0.3582689 0.2358878 0.3819692 0.2773109 0.4870746 0.3454888 0.4870746 0.3575363 0.4666446 0.3454887 0.4666446 0.3575363 0.4666446 0.3454887 0.4870746 0.3575363 0.4666446 0.3454887 0.4666446 0.3289852 0.4870746 0.3454888 0.4870746 0.3289853 0.4870746 0.3454888 0.4666446 0.3289852 0.4666446 0.3454887 0.4666446 0.3575363 0.4412062 0.3454887 0.4412062 0.3575363 0.4412062 0.3454887 0.4666446 0.3575363 0.4666446 0.3289852 0.4666446 0.3454887 0.4412062 0.3289852 0.4412062 0.3454887 0.4412062 0.3289852 0.4666446 0.3454887 0.4644641 0.3090539 0.4870746 0.3289853 0.4666446 0.3289852 0.4666446 0.3289852 0.4412062 0.3289852 0.4644641 0.3090539 0.4644641 0.3090539 0.4895648 0.3167709 0.4870746 0.3289853 0.4895648 0.3167709 0.4644641 0.3090539 0.4910372 0.3087853 0.4412062 0.3454887 0.4412062 0.3575363 0.4209922 0.3454887 0.4412062 0.3454887 0.4209922 0.3454887 0.4412062 0.3289852 0.4209922 0.3575362 0.4209922 0.3454887 0.4412062 0.3575363 0.4666447 0.3010886 0.4910372 0.3087853 0.4644641 0.3090539 0.4910372 0.3087853 0.4666447 0.3010886 0.4921128 0.3033029 0.4838573 0.2976417 0.4921128 0.3033029 0.4666447 0.3010886 0.4209922 0.3454887 0.4209922 0.3575362 0.4003309 0.3454887 0.4003309 0.3575362 0.4003309 0.3454887 0.4209922 0.3575362 0.4003309 0.3575362 0.3819152 0.3575362 0.4003309 0.3454887 0.4838573 0.2976417 0.4666447 0.3010886 0.4666213 0.277311 0.4838573 0.2976417 0.4666213 0.277311 0.4840123 0.277311 0.4666447 0.3010886 0.4644641 0.3090539 0.4412063 0.3028321 0.4666447 0.3010886 0.4412063 0.3028321 0.4666213 0.277311 0.4840123 0.277311 0.4666213 0.277311 0.4663997 0.2476553 0.4840123 0.277311 0.4663997 0.2476553 0.484167 0.2381108 0.4663997 0.2476553 0.484167 0.2155679 0.484167 0.2381108 0.4666213 0.277311 0.4411072 0.277311 0.4663997 0.2476553 0.4411072 0.277311 0.4666213 0.277311 0.4412063 0.3028321 0.484167 0.2155679 0.4663997 0.2476553 0.4627552 0.2106994 0.484167 0.2155679 0.4627552 0.2106994 0.484167 0.1911664 0.4640747 0.189945 0.484167 0.1911664 0.4627552 0.2106994 0.4410082 0.2499932 0.4663997 0.2476553 0.4411072 0.277311 0.4410082 0.2499932 0.4627552 0.2106994 0.4663997 0.2476553 0.4627552 0.2106994 0.4410082 0.2089356 0.4640747 0.189945 0.4627552 0.2106994 0.4410082 0.2499932 0.4410082 0.2089356 0.4410082 0.1887862 0.4640747 0.189945 0.4410082 0.2089356 0.4410082 0.2089356 0.4230489 0.2109379 0.4410082 0.1887862 0.4410082 0.2499932 0.4230489 0.2109379 0.4410082 0.2089356 0.4206921 0.1896116 0.4410082 0.1887862 0.4230489 0.2109379 0.4411072 0.277311 0.42072 0.277311 0.4410082 0.2499932 0.4411072 0.277311 0.4412063 0.3028321 0.42072 0.277311 0.4410082 0.2499932 0.4205785 0.2468587 0.4230489 0.2109379 0.4205785 0.2468587 0.4410082 0.2499932 0.42072 0.277311 0.4230489 0.2109379 0.4003443 0.2144771 0.4206921 0.1896116 0.4205785 0.2468587 0.4003443 0.2144771 0.4230489 0.2109379 0.4003443 0.1901491 0.4206921 0.1896116 0.4003443 0.2144771 0.4003513 0.2773109 0.4205785 0.2468587 0.42072 0.277311 0.4003443 0.2144771 0.3788995 0.2172087 0.4003443 0.1901491 0.3796321 0.1861938 0.4003443 0.1901491 0.3788995 0.2172087 0.4205785 0.2468587 0.400328 0.2369624 0.4003443 0.2144771 0.4205785 0.2468587 0.4003513 0.2773109 0.400328 0.2369624 0.4003443 0.2144771 0.3815577 0.2300043 0.3788995 0.2172087 0.3815577 0.2300043 0.4003443 0.2144771 0.400328 0.2369624 0.3788995 0.2172087 0.3582689 0.217557 0.3796321 0.1861938 0.3582689 0.1838034 0.3796321 0.1861938 0.3582689 0.217557 0.3815577 0.2300043 0.3582689 0.2279213 0.3788995 0.2172087 0.3582689 0.217557 0.3788995 0.2172087 0.3582689 0.2279213 0.400328 0.2369624 0.3816328 0.2376348 0.3815577 0.2300043 0.3815577 0.2300043 0.3816328 0.2376348 0.3582689 0.2279213 0.3582689 0.217557 0.3403903 0.2175039 0.3582689 0.1838034 0.3399755 0.1859459 0.3582689 0.1838034 0.3403903 0.2175039 0.3582689 0.2279213 0.336791 0.2296653 0.3582689 0.217557 0.3403903 0.2175039 0.3582689 0.217557 0.336791 0.2296653 0.3403903 0.2175039 0.3063467 0.2155679 0.3399755 0.1859459 0.3063467 0.1914066 0.3399755 0.1859459 0.3063467 0.2155679 0.336791 0.2296653 0.3063467 0.2155679 0.3403903 0.2175039 0.336791 0.2296653 0.3063467 0.2381108 0.3063467 0.2155679 0.3582689 0.2279213 0.3582689 0.2358878 0.336791 0.2296653 0.3582689 0.2358878 0.3582689 0.2279213 0.3816328 0.2376348 0.3366875 0.2373506 0.3063467 0.2381108 0.336791 0.2296653 0.3366875 0.2373506 0.336791 0.2296653 0.3582689 0.2358878 0.3063467 0.2381108 0.3366875 0.2373506 0.3334467 0.2773109 0.3334467 0.2773109 0.3063467 0.2773109 0.3063467 0.2381108 0.3582689 0.2358878 0.358245 0.2773109 0.3366875 0.2373506 0.3334467 0.2773109 0.3366875 0.2373506 0.358245 0.2773109 0.3816328 0.2376348 0.3819692 0.2773109 0.3582689 0.2358878 0.358245 0.2773109 0.3582689 0.2358878 0.3819692 0.2773109 0.3816328 0.2376348 0.400328 0.2369624 0.3819692 0.2773109 0.3819692 0.2773109 0.400328 0.2369624 0.4003513 0.2773109 0.358245 0.2773109 0.3581971 0.3051285 0.3334467 0.2773109 0.3819692 0.2773109 0.3819153 0.3041414 0.358245 0.2773109 0.3581971 0.3051285 0.358245 0.2773109 0.3819153 0.3041414 0.4003513 0.2773109 0.400331 0.3040794 0.3819692 0.2773109 0.3819153 0.3041414 0.3819692 0.2773109 0.400331 0.3040794 0.3358348 0.3033973 0.3334467 0.2773109 0.3581971 0.3051285 0.400331 0.3040794 0.4003513 0.2773109 0.4209923 0.303444 0.42072 0.277311 0.4209923 0.303444 0.4003513 0.2773109 0.4209923 0.303444 0.42072 0.277311 0.4412063 0.3028321 0.4412063 0.3107045 0.4209923 0.303444 0.4412063 0.3028321 0.4412063 0.3028321 0.4644641 0.3090539 0.4412063 0.3107045 0.4412063 0.3107045 0.4644641 0.3090539 0.4412062 0.3289852 0.4209923 0.303444 0.4412063 0.3107045 0.4209922 0.3289852 0.4412062 0.3289852 0.4209922 0.3289852 0.4412063 0.3107045 0.400331 0.3040794 0.4209923 0.303444 0.4209922 0.3289852 0.4412062 0.3289852 0.4209922 0.3454887 0.4209922 0.3289852 0.4003309 0.3454887 0.4209922 0.3289852 0.4209922 0.3454887 0.400331 0.3040794 0.4209922 0.3289852 0.4003309 0.3454887 0.3819153 0.3041414 0.400331 0.3040794 0.4003309 0.3454887 0.3819153 0.3041414 0.4003309 0.3454887 0.3819152 0.3454886 0.3819152 0.3454886 0.4003309 0.3454887 0.3819152 0.3575362 0.3581971 0.3311591 0.3819153 0.3041414 0.3819152 0.3454886 0.3819153 0.3041414 0.3581971 0.3311591 0.3581971 0.3051285 0.3358348 0.3033973 0.3581971 0.3051285 0.3581971 0.3311591 0.3819152 0.3454886 0.3819152 0.3575362 0.358197 0.3454886 0.3819152 0.3454886 0.358197 0.3454886 0.3581971 0.3311591 0.358197 0.3575361 0.358197 0.3454886 0.3819152 0.3575362 0.3358348 0.3033973 0.3581971 0.3311591 0.3263759 0.3073885 0.358197 0.3454886 0.358197 0.3575361 0.3292722 0.3454886 0.3292722 0.3575361 0.3292722 0.3454886 0.358197 0.3575361 0.3581971 0.3311591 0.358197 0.3454886 0.3292722 0.3300716 0.3292722 0.3454886 0.3292722 0.3300716 0.358197 0.3454886 0.3292722 0.3300716 0.3263759 0.3073885 0.3581971 0.3311591 0.3292722 0.3454886 0.3292722 0.3575361 0.3033545 0.3454886 0.3033545 0.3575361 0.3033545 0.3454886 0.3292722 0.3575361 0.3033545 0.3454886 0.3033546 0.3301431 0.3292722 0.3454886 0.3292722 0.3300716 0.3292722 0.3454886 0.3033546 0.3301431 0.3033546 0.3301431 0.3018332 0.3189776 0.3292722 0.3300716 0.3263759 0.3073885 0.3292722 0.3300716 0.3018332 0.3189776 0.3263759 0.3073885 0.3018332 0.3189776 0.3273403 0.2996774 0.3273403 0.2996774 0.3358348 0.3033973 0.3263759 0.3073885 0.3358348 0.3033973 0.3273403 0.2996774 0.3334467 0.2773109 0.3273403 0.2996774 0.3063467 0.2773109 0.3334467 0.2773109 0.3001463 0.3105484 0.3273403 0.2996774 0.3018332 0.3189776 0.3273403 0.2996774 0.3062868 0.2976415 0.3063467 0.2773109 0.3273403 0.2996774 0.3001463 0.3105484 0.3062868 0.2976415 0.2984853 0.3025922 0.3062868 0.2976415 0.3001463 0.3105484 0.220556 0.07585096 0.2397336 0.07585096 0.2241491 0.06107538 0.2358146 0.09383457 0.2397336 0.07585096 0.220556 0.07585096 0.2358146 0.09383457 0.2450624 0.09379297 0.2397336 0.07585096 0.220556 0.07585096 0.2168716 0.0788846 0.2358146 0.09383457 0.2358146 0.09383457 0.2379955 0.1169198 0.2450624 0.09379297 0.2460331 0.1173886 0.2450624 0.09379297 0.2379955 0.1169198 0.2358146 0.09383457 0.2168716 0.0788846 0.2280367 0.09679758 0.2168716 0.0788846 0.2132582 0.07967644 0.2280367 0.09679758 0.2358146 0.09383457 0.2288114 0.1160711 0.2379955 0.1169198 0.2358146 0.09383457 0.2280367 0.09679758 0.2288114 0.1160711 0.2379955 0.1169198 0.2339755 0.1374565 0.2460331 0.1173886 0.2468167 0.1417781 0.2460331 0.1173886 0.2339755 0.1374565 0.2246305 0.1621111 0.235948 0.1650458 0.2468167 0.1417781 0.2339755 0.1374565 0.2246305 0.1621111 0.2468167 0.1417781 0.2246305 0.1621111 0.2339755 0.1374565 0.2143914 0.1588269 0.2339755 0.1374565 0.2379955 0.1169198 0.2243275 0.1355925 0.2243275 0.1355925 0.2143914 0.1588269 0.2339755 0.1374565 0.2288114 0.1160711 0.2243275 0.1355925 0.2379955 0.1169198 0.2038843 0.1523164 0.2143914 0.1588269 0.2243275 0.1355925 0.213703 0.1323879 0.2038843 0.1523164 0.2243275 0.1355925 0.213703 0.1323879 0.2243275 0.1355925 0.2288114 0.1160711 0.2038843 0.1523164 0.213703 0.1323879 0.1970849 0.1476584 0.2185633 0.1149053 0.213703 0.1323879 0.2288114 0.1160711 0.2288114 0.1160711 0.2280367 0.09679758 0.2185633 0.1149053 0.213703 0.1323879 0.2048124 0.1285803 0.1970849 0.1476584 0.213703 0.1323879 0.2185633 0.1149053 0.2048124 0.1285803 0.2187395 0.09839308 0.2185633 0.1149053 0.2280367 0.09679758 0.2187395 0.09839308 0.2280367 0.09679758 0.2132582 0.07967644 0.2096448 0.08046835 0.2187395 0.09839308 0.2132582 0.07967644 0.2083969 0.1133279 0.2185633 0.1149053 0.2187395 0.09839308 0.2083969 0.1133279 0.2048124 0.1285803 0.2185633 0.1149053 0.209239 0.09929984 0.2187395 0.09839308 0.2096448 0.08046835 0.209239 0.09929984 0.2083969 0.1133279 0.2187395 0.09839308 0.1990187 0.08173936 0.209239 0.09929984 0.2096448 0.08046835 0.1790912 0.08126187 0.209239 0.09929984 0.1990187 0.08173936 0.1753264 0.1000854 0.209239 0.09929984 0.1790912 0.08126187 0.1753264 0.1000854 0.2083969 0.1133279 0.209239 0.09929984 0.1790912 0.08126187 0.1658421 0.07900118 0.1753264 0.1000854 0.2083969 0.1133279 0.1750078 0.1133279 0.2048124 0.1285803 0.1750078 0.1133279 0.2083969 0.1133279 0.1753264 0.1000854 0.1753264 0.1000854 0.1658421 0.07900118 0.1664264 0.09976178 0.1753264 0.1000854 0.1664264 0.09976178 0.1750078 0.1133279 0.1658421 0.07900118 0.1489474 0.07532507 0.1664264 0.09976178 0.2048124 0.1285803 0.1750078 0.1133279 0.1754298 0.128284 0.2048124 0.1285803 0.1754298 0.128284 0.1970849 0.1476584 0.1970849 0.1476584 0.1754298 0.128284 0.1785083 0.1474156 0.1750078 0.1133279 0.1664264 0.09976178 0.166657 0.1133279 0.1750078 0.1133279 0.166657 0.1133279 0.1754298 0.128284 0.1754298 0.128284 0.1664698 0.1286928 0.1785083 0.1474156 0.1754298 0.128284 0.166657 0.1133279 0.1664698 0.1286928 0.1785083 0.1474156 0.1664698 0.1286928 0.16571 0.1496847 0.1664264 0.09976178 0.1489474 0.09598445 0.166657 0.1133279 0.1664264 0.09976178 0.1489474 0.07532507 0.1489474 0.09598445 0.166657 0.1133279 0.1489474 0.1133279 0.1664698 0.1286928 0.166657 0.1133279 0.1489474 0.09598445 0.1489474 0.1133279 0.1664698 0.1286928 0.1489474 0.1325579 0.16571 0.1496847 0.1664698 0.1286928 0.1489474 0.1133279 0.1489474 0.1325579 0.16571 0.1496847 0.1489474 0.1325579 0.1489474 0.1534956 0.1489474 0.07532507 0.1456732 0.09581202 0.1489474 0.09598445 0.1489474 0.09598445 0.1456732 0.09581202 0.1489474 0.1133279 0.1456732 0.07485604 0.1456732 0.09581202 0.1489474 0.07532507 0.1227544 0.07157295 0.1456732 0.09581202 0.1456732 0.07485604 0.1489474 0.1133279 0.1456732 0.1133279 0.1489474 0.1325579 0.1489474 0.1133279 0.1456732 0.09581202 0.1456732 0.1133279 0.1489474 0.1325579 0.1456732 0.1327314 0.1489474 0.1534956 0.1489474 0.1325579 0.1456732 0.1133279 0.1456732 0.1327314 0.1489474 0.1534956 0.1456732 0.1327314 0.1456732 0.1539317 0.1456732 0.1539317 0.1456732 0.1327314 0.1227544 0.1569845 0.1190125 0.1574829 0.1227544 0.1569845 0.1190125 0.1341437 0.1227544 0.1569845 0.1456732 0.1327314 0.1227544 0.1339455 0.1190125 0.1341437 0.1227544 0.1569845 0.1227544 0.1339455 0.1456732 0.1327314 0.1456732 0.1133279 0.1227544 0.1339455 0.1190125 0.1341437 0.1227544 0.1339455 0.1190125 0.1133279 0.1227544 0.1339455 0.1456732 0.1133279 0.1227544 0.1133279 0.1190125 0.1133279 0.1227544 0.1339455 0.1227544 0.1133279 0.1456732 0.1133279 0.1456732 0.09581202 0.1227544 0.1133279 0.1190125 0.1133279 0.1227544 0.1133279 0.1190125 0.09440803 0.1227544 0.1133279 0.1456732 0.09581202 0.1227544 0.09460508 0.1190125 0.09440803 0.1227544 0.1133279 0.1227544 0.09460508 0.1227544 0.09460508 0.1456732 0.09581202 0.1227544 0.07157295 0.1190125 0.09440803 0.1227544 0.09460508 0.1190125 0.07103693 0.1190125 0.07103693 0.1227544 0.09460508 0.1227544 0.07157295 0.1827259 0.3266801 0.1827259 0.3045702 0.1914432 0.3284332 0.1914432 0.3053092 0.1914432 0.3284332 0.1827259 0.3045702 0.1827259 0.3045702 0.1827259 0.2790762 0.1914432 0.3053092 0.1914432 0.3284332 0.1914432 0.3053092 0.2275388 0.3250753 0.1914432 0.2790762 0.1914432 0.3053092 0.1827259 0.2790762 0.1827259 0.2790762 0.1827259 0.2611208 0.1914432 0.2790762 0.2196913 0.3038212 0.2275388 0.3250753 0.1914432 0.3053092 0.1914432 0.2543033 0.1914432 0.2790762 0.1827259 0.2611208 0.1827259 0.2369017 0.1914432 0.2543033 0.1827259 0.2611208 0.1914432 0.2543033 0.1827259 0.2369017 0.1914432 0.2325519 0.2196913 0.3038212 0.2338808 0.2940163 0.2275388 0.3250753 0.2519161 0.3042226 0.2275388 0.3250753 0.2338808 0.2940163 0.1914432 0.2543033 0.1914432 0.2325519 0.2153844 0.2515694 0.1914432 0.2543033 0.2153844 0.2515694 0.1914432 0.2790762 0.2217261 0.232126 0.2153844 0.2515694 0.1914432 0.2325519 0.1914432 0.2790762 0.2157007 0.2772381 0.1914432 0.3053092 0.2157007 0.2772381 0.1914432 0.2790762 0.2153844 0.2515694 0.2196913 0.3038212 0.1914432 0.3053092 0.2157007 0.2772381 0.2157007 0.2772381 0.2338808 0.2940163 0.2196913 0.3038212 0.2153844 0.2515694 0.2217261 0.232126 0.2359048 0.26881 0.2157007 0.2772381 0.2153844 0.2515694 0.2359048 0.26881 0.2338808 0.2940163 0.2157007 0.2772381 0.2359048 0.26881 0.2338808 0.2940163 0.2359048 0.26881 0.2519161 0.3042226 0.2533905 0.2605594 0.2359048 0.26881 0.2217261 0.232126 0.2533905 0.2605594 0.2519161 0.3042226 0.2359048 0.26881 0.1827259 0.2369017 0.1827259 0.2611208 0.1789916 0.2376734 0.1789916 0.2613547 0.1789916 0.2376734 0.1827259 0.2611208 0.1827259 0.2611208 0.1827259 0.2790762 0.1789916 0.2613547 0.1789916 0.2376734 0.1789916 0.2613547 0.1561189 0.2424004 0.1789916 0.2790762 0.1789916 0.2613547 0.1827259 0.2790762 0.1827259 0.2790762 0.1827259 0.3045702 0.1789916 0.2790762 0.1561189 0.2627874 0.1561189 0.2424004 0.1789916 0.2613547 0.1561189 0.2424004 0.1561189 0.2627874 0.1528515 0.2430757 0.1789916 0.2790762 0.1561189 0.2790762 0.1789916 0.2613547 0.1561189 0.2627874 0.1789916 0.2613547 0.1561189 0.2790762 0.1789916 0.3042869 0.1789916 0.2790762 0.1827259 0.3045702 0.1789916 0.2790762 0.1789916 0.3042869 0.1561189 0.2790762 0.1827259 0.3045702 0.1827259 0.3266801 0.1789916 0.3042869 0.1789916 0.32597 0.1789916 0.3042869 0.1827259 0.3266801 0.1528515 0.262992 0.1528515 0.2430757 0.1561189 0.2627874 0.1561189 0.2627874 0.1561189 0.2790762 0.1528515 0.262992 0.1528515 0.2430757 0.1528515 0.262992 0.1380633 0.2479063 0.1789916 0.3042869 0.1789916 0.32597 0.1561189 0.3025516 0.1561189 0.3025516 0.1561189 0.2790762 0.1789916 0.3042869 0.1561189 0.3216208 0.1561189 0.3025516 0.1789916 0.32597 0.1528515 0.2790762 0.1528515 0.262992 0.1561189 0.2790762 0.1561189 0.2790762 0.1561189 0.3025516 0.1528515 0.2790762 0.1430782 0.264877 0.1380633 0.2479063 0.1528515 0.262992 0.1528515 0.262992 0.1528515 0.2790762 0.1430782 0.264877 0.1380633 0.2479063 0.1430782 0.264877 0.1256331 0.2486274 0.1561189 0.3025516 0.1561189 0.3216208 0.1528515 0.3023037 0.1528515 0.3023037 0.1528515 0.2790762 0.1561189 0.3025516 0.1528515 0.3209995 0.1528515 0.3023037 0.1561189 0.3216208 0.1451026 0.2790762 0.1430782 0.264877 0.1528515 0.2790762 0.1528515 0.2790762 0.1528515 0.3023037 0.1451026 0.2790762 0.1235757 0.26502 0.1256331 0.2486274 0.1430782 0.264877 0.1430782 0.264877 0.1451026 0.2790762 0.1235757 0.26502 0.1256331 0.2486274 0.1235757 0.26502 0.1054979 0.2484015 0.1528515 0.3023037 0.1528515 0.3209995 0.1427412 0.2978116 0.1427412 0.2978116 0.1451026 0.2790762 0.1528515 0.3023037 0.1368809 0.3156713 0.1427412 0.2978116 0.1528515 0.3209995 0.1217846 0.2790762 0.1235757 0.26502 0.1451026 0.2790762 0.1451026 0.2790762 0.1427412 0.2978116 0.1217846 0.2790762 0.1427412 0.2978116 0.1368809 0.3156713 0.12251 0.297258 0.12251 0.297258 0.1217846 0.2790762 0.1427412 0.2978116 0.123847 0.3143847 0.12251 0.297258 0.1368809 0.3156713 0.1235757 0.26502 0.1217846 0.2790762 0.09937214 0.2632128 0.09937214 0.2632128 0.1054979 0.2484015 0.1235757 0.26502 0.1217846 0.2790762 0.12251 0.297258 0.09843558 0.2790762 0.09843558 0.2790762 0.09937214 0.2632128 0.1217846 0.2790762 0.12251 0.297258 0.123847 0.3143847 0.09988933 0.2971529 0.09988933 0.2971529 0.09843558 0.2790762 0.12251 0.297258 0.1036654 0.3141981 0.09988933 0.2971529 0.123847 0.3143847 0.09988933 0.2971529 0.1036654 0.3141981 0.09221386 0.3203462 0.09988933 0.2971529 0.09221386 0.3203462 0.08799248 0.3007389 0.09843558 0.2790762 0.09988933 0.2971529 0.08799248 0.3007389 0.08207732 0.3246524 0.08799248 0.3007389 0.09221386 0.3203462 0.08735221 0.2790762 0.09937214 0.2632128 0.09843558 0.2790762 0.09843558 0.2790762 0.08799248 0.3007389 0.08735221 0.2790762 0.08799248 0.3007389 0.08207732 0.3246524 0.07767021 0.302256 0.08735221 0.2790762 0.08799248 0.3007389 0.07767021 0.302256 0.06978559 0.3279835 0.07767021 0.302256 0.08207732 0.3246524 0.08735221 0.2790762 0.08941262 0.2617656 0.09937214 0.2632128 0.08941262 0.2617656 0.1054979 0.2484015 0.09937214 0.2632128 0.08941262 0.2617656 0.09857898 0.2469957 0.1054979 0.2484015 0.08735221 0.2790762 0.07767021 0.302256 0.07767409 0.2790762 0.07767409 0.2790762 0.08941262 0.2617656 0.08735221 0.2790762 0.07767021 0.302256 0.06978559 0.3279835 0.06848096 0.3011866 0.06848096 0.3011866 0.07767409 0.2790762 0.07767021 0.302256 0.05771034 0.3291546 0.06848096 0.3011866 0.06978559 0.3279835 0.05771034 0.3291546 0.05793875 0.299983 0.06848096 0.3011866 0.08094787 0.2601894 0.09857898 0.2469957 0.08941262 0.2617656 0.07767409 0.2790762 0.08094787 0.2601894 0.08941262 0.2617656 0.08094787 0.2601894 0.09423911 0.2448162 0.09857898 0.2469957 0.07767409 0.2790762 0.06848096 0.3011866 0.06834304 0.2790762 0.06834304 0.2790762 0.06848096 0.3011866 0.05793875 0.299983 0.08094787 0.2601894 0.07767409 0.2790762 0.06834304 0.2790762 0.06834304 0.2790762 0.05793875 0.299983 0.05690187 0.2790762 0.05560702 0.2510041 0.06834304 0.2790762 0.05690187 0.2790762 0.07217025 0.256891 0.09423911 0.2448162 0.08094787 0.2601894 0.08094787 0.2601894 0.06834304 0.2790762 0.07217025 0.256891 0.05560702 0.2510041 0.07217025 0.256891 0.06834304 0.2790762 0.09423911 0.2448162 0.07217025 0.256891 0.08989918 0.2426367 0.07217025 0.256891 0.05560702 0.2510041 0.05650448 0.2366639 0.07217025 0.256891 0.08402365 0.236872 0.08989918 0.2426367 0.08402365 0.236872 0.07217025 0.256891 0.05650448 0.2366639 0.08402365 0.236872 0.05650448 0.2366639 0.07812142 0.2211112 0.2241491 0.06107538 0.2397336 0.07585096 0.220556 0.07585096 0.220556 0.07585096 0.2397336 0.07585096 0.2358146 0.09383457 0.2358146 0.09383457 0.2168716 0.0788846 0.220556 0.07585096 0.2397336 0.07585096 0.2450624 0.09379297 0.2358146 0.09383457 0.2280367 0.09679758 0.2168716 0.0788846 0.2358146 0.09383457 0.2280367 0.09679758 0.2132582 0.07967644 0.2168716 0.0788846 0.2450624 0.09379297 0.2379955 0.1169198 0.2358146 0.09383457 0.2379955 0.1169198 0.2450624 0.09379297 0.2460331 0.1173886 0.2288114 0.1160711 0.2280367 0.09679758 0.2358146 0.09383457 0.2379955 0.1169198 0.2288114 0.1160711 0.2358146 0.09383457 0.2132582 0.07967644 0.2280367 0.09679758 0.2187395 0.09839308 0.2132582 0.07967644 0.2187395 0.09839308 0.2096448 0.08046835 0.2185633 0.1149053 0.2280367 0.09679758 0.2288114 0.1160711 0.2280367 0.09679758 0.2185633 0.1149053 0.2187395 0.09839308 0.2096448 0.08046835 0.2187395 0.09839308 0.209239 0.09929984 0.2096448 0.08046835 0.209239 0.09929984 0.1990187 0.08173936 0.1990187 0.08173936 0.209239 0.09929984 0.1790912 0.08126187 0.2187395 0.09839308 0.2083969 0.1133279 0.209239 0.09929984 0.2187395 0.09839308 0.2185633 0.1149053 0.2083969 0.1133279 0.1753264 0.1000854 0.1790912 0.08126187 0.209239 0.09929984 0.209239 0.09929984 0.2083969 0.1133279 0.1753264 0.1000854 0.1790912 0.08126187 0.1753264 0.1000854 0.1658421 0.07900118 0.2185633 0.1149053 0.2048124 0.1285803 0.2083969 0.1133279 0.1664264 0.09976178 0.1658421 0.07900118 0.1753264 0.1000854 0.1658421 0.07900118 0.1664264 0.09976178 0.1489474 0.07532507 0.1750078 0.1133279 0.1753264 0.1000854 0.2083969 0.1133279 0.1753264 0.1000854 0.1750078 0.1133279 0.1664264 0.09976178 0.2083969 0.1133279 0.2048124 0.1285803 0.1750078 0.1133279 0.1489474 0.09598445 0.1489474 0.07532507 0.1664264 0.09976178 0.166657 0.1133279 0.1664264 0.09976178 0.1750078 0.1133279 0.1664264 0.09976178 0.166657 0.1133279 0.1489474 0.09598445 0.1754298 0.128284 0.1750078 0.1133279 0.2048124 0.1285803 0.1750078 0.1133279 0.1754298 0.128284 0.166657 0.1133279 0.2048124 0.1285803 0.2185633 0.1149053 0.213703 0.1323879 0.2288114 0.1160711 0.213703 0.1323879 0.2185633 0.1149053 0.2048124 0.1285803 0.1970849 0.1476584 0.1754298 0.128284 0.1970849 0.1476584 0.2048124 0.1285803 0.213703 0.1323879 0.1785083 0.1474156 0.1754298 0.128284 0.1970849 0.1476584 0.1970849 0.1476584 0.213703 0.1323879 0.2038843 0.1523164 0.1754298 0.128284 0.1785083 0.1474156 0.1664698 0.1286928 0.1664698 0.1286928 0.166657 0.1133279 0.1754298 0.128284 0.16571 0.1496847 0.1664698 0.1286928 0.1785083 0.1474156 0.2243275 0.1355925 0.2038843 0.1523164 0.213703 0.1323879 0.2288114 0.1160711 0.2243275 0.1355925 0.213703 0.1323879 0.2243275 0.1355925 0.2143914 0.1588269 0.2038843 0.1523164 0.2379955 0.1169198 0.2243275 0.1355925 0.2288114 0.1160711 0.2339755 0.1374565 0.2143914 0.1588269 0.2243275 0.1355925 0.2243275 0.1355925 0.2379955 0.1169198 0.2339755 0.1374565 0.2460331 0.1173886 0.2339755 0.1374565 0.2379955 0.1169198 0.2143914 0.1588269 0.2339755 0.1374565 0.2246305 0.1621111 0.2339755 0.1374565 0.2460331 0.1173886 0.2468167 0.1417781 0.2468167 0.1417781 0.2246305 0.1621111 0.2339755 0.1374565 0.2468167 0.1417781 0.235948 0.1650458 0.2246305 0.1621111 0.1664698 0.1286928 0.16571 0.1496847 0.1489474 0.1325579 0.1489474 0.1534956 0.1489474 0.1325579 0.16571 0.1496847 0.166657 0.1133279 0.1664698 0.1286928 0.1489474 0.1133279 0.1489474 0.1325579 0.1489474 0.1133279 0.1664698 0.1286928 0.1489474 0.1133279 0.1489474 0.09598445 0.166657 0.1133279 0.1489474 0.1325579 0.1489474 0.1534956 0.1456732 0.1327314 0.1456732 0.1539317 0.1456732 0.1327314 0.1489474 0.1534956 0.1456732 0.1539317 0.1227544 0.1569845 0.1456732 0.1327314 0.1489474 0.1133279 0.1489474 0.1325579 0.1456732 0.1133279 0.1456732 0.1327314 0.1456732 0.1133279 0.1489474 0.1325579 0.1489474 0.09598445 0.1489474 0.1133279 0.1456732 0.09581202 0.1456732 0.1133279 0.1456732 0.09581202 0.1489474 0.1133279 0.1489474 0.09598445 0.1456732 0.09581202 0.1489474 0.07532507 0.1456732 0.07485604 0.1489474 0.07532507 0.1456732 0.09581202 0.1456732 0.07485604 0.1456732 0.09581202 0.1227544 0.07157295 0.1456732 0.1327314 0.1227544 0.1339455 0.1456732 0.1133279 0.1227544 0.1339455 0.1456732 0.1327314 0.1227544 0.1569845 0.1190125 0.1574829 0.1190125 0.1341437 0.1227544 0.1569845 0.1227544 0.1339455 0.1227544 0.1569845 0.1190125 0.1341437 0.1190125 0.1341437 0.1190125 0.1133279 0.1227544 0.1339455 0.1227544 0.1133279 0.1456732 0.1133279 0.1227544 0.1339455 0.1227544 0.1133279 0.1227544 0.1339455 0.1190125 0.1133279 0.1456732 0.1133279 0.1227544 0.1133279 0.1456732 0.09581202 0.1190125 0.1133279 0.1190125 0.09440803 0.1227544 0.1133279 0.1227544 0.09460508 0.1456732 0.09581202 0.1227544 0.1133279 0.1227544 0.09460508 0.1227544 0.1133279 0.1190125 0.09440803 0.1227544 0.09460508 0.1227544 0.07157295 0.1456732 0.09581202 0.1190125 0.09440803 0.1190125 0.07103693 0.1227544 0.09460508 0.1227544 0.07157295 0.1227544 0.09460508 0.1190125 0.07103693 0.1827259 0.3266801 0.1914432 0.3284332 0.1827259 0.3045702 0.1827259 0.3045702 0.1914432 0.3284332 0.1914432 0.3053092 0.1827259 0.3045702 0.1914432 0.3053092 0.1827259 0.2790762 0.2275388 0.3250753 0.1914432 0.3053092 0.1914432 0.3284332 0.1827259 0.2790762 0.1914432 0.3053092 0.1914432 0.2790762 0.1827259 0.2790762 0.1914432 0.2790762 0.1827259 0.2611208 0.2196913 0.3038212 0.1914432 0.3053092 0.2275388 0.3250753 0.1827259 0.2611208 0.1914432 0.2790762 0.1914432 0.2543033 0.1827259 0.2611208 0.1914432 0.2543033 0.1827259 0.2369017 0.1914432 0.2325519 0.1827259 0.2369017 0.1914432 0.2543033 0.1914432 0.3053092 0.2157007 0.2772381 0.1914432 0.2790762 0.2196913 0.3038212 0.2157007 0.2772381 0.1914432 0.3053092 0.1914432 0.2790762 0.2153844 0.2515694 0.1914432 0.2543033 0.2153844 0.2515694 0.1914432 0.2325519 0.1914432 0.2543033 0.2157007 0.2772381 0.2153844 0.2515694 0.1914432 0.2790762 0.2217261 0.232126 0.1914432 0.2325519 0.2153844 0.2515694 0.2196913 0.3038212 0.2338808 0.2940163 0.2157007 0.2772381 0.2275388 0.3250753 0.2338808 0.2940163 0.2196913 0.3038212 0.2519161 0.3042226 0.2338808 0.2940163 0.2275388 0.3250753 0.2359048 0.26881 0.2153844 0.2515694 0.2157007 0.2772381 0.2359048 0.26881 0.2157007 0.2772381 0.2338808 0.2940163 0.2359048 0.26881 0.2217261 0.232126 0.2153844 0.2515694 0.2338808 0.2940163 0.2519161 0.3042226 0.2359048 0.26881 0.2533905 0.2605594 0.2217261 0.232126 0.2359048 0.26881 0.2359048 0.26881 0.2519161 0.3042226 0.2533905 0.2605594 0.419384 0.416397 0.413531 0.421681 0.413581 0.416625 0.420185 0.42323 0.413531 0.421681 0.419384 0.416397 0.418172 0.431194 0.413531 0.421681 0.420185 0.42323 0.431378 0.415927 0.420185 0.42323 0.419384 0.416397 0.420185 0.42323 0.427284 0.432016 0.418172 0.431194 0.431378 0.415927 0.427284 0.432016 0.420185 0.42323 0.423877 0.440207 0.418172 0.431194 0.427284 0.432016 0.431378 0.415927 0.449259 0.415227 0.44417 0.426382 0.431378 0.415927 0.44417 0.426382 0.427284 0.432016 0.438129 0.436613 0.427284 0.432016 0.44417 0.426382 0.423877 0.440207 0.427284 0.432016 0.430345 0.435163 0.430345 0.435163 0.427284 0.432016 0.438129 0.436613 0.423877 0.440207 0.430345 0.435163 0.426003 0.442116 0.438129 0.436613 0.433648 0.442808 0.430345 0.435163 0.429471 0.444525 0.426003 0.442116 0.430345 0.435163 0.429471 0.444525 0.430345 0.435163 0.433648 0.442808 0.457633 0.503741 0.470402 0.479905 0.472835 0.502764 0.456327 0.480368 0.470402 0.479905 0.457633 0.503741 0.456327 0.480368 0.465363 0.458852 0.470402 0.479905 0.440446 0.498858 0.456327 0.480368 0.457633 0.503741 0.452128 0.458488 0.465363 0.458852 0.456327 0.480368 0.445114 0.477389 0.456327 0.480368 0.440446 0.498858 0.445114 0.477389 0.452128 0.458488 0.456327 0.480368 0.440446 0.498858 0.425793 0.491095 0.445114 0.477389 0.445114 0.477389 0.439859 0.458013 0.452128 0.458488 0.445114 0.477389 0.425793 0.491095 0.434515 0.470605 0.445114 0.477389 0.434515 0.470605 0.439859 0.458013 0.412211 0.479872 0.434515 0.470605 0.425793 0.491095 0.423547 0.459096 0.439859 0.458013 0.434515 0.470605 0.423547 0.459096 0.434515 0.470605 0.412211 0.479872 0.413581 0.416625 0.413531 0.421681 0.419384 0.416397 0.420185 0.42323 0.419384 0.416397 0.413531 0.421681 0.420185 0.42323 0.413531 0.421681 0.418172 0.431194 0.419384 0.416397 0.420185 0.42323 0.431378 0.415927 0.418172 0.431194 0.427284 0.432016 0.420185 0.42323 0.420185 0.42323 0.427284 0.432016 0.431378 0.415927 0.427284 0.432016 0.418172 0.431194 0.423877 0.440207 0.44417 0.426382 0.449259 0.415227 0.431378 0.415927 0.427284 0.432016 0.44417 0.426382 0.431378 0.415927 0.44417 0.426382 0.427284 0.432016 0.438129 0.436613 0.430345 0.435163 0.427284 0.432016 0.423877 0.440207 0.438129 0.436613 0.427284 0.432016 0.430345 0.435163 0.426003 0.442116 0.430345 0.435163 0.423877 0.440207 0.430345 0.435163 0.433648 0.442808 0.438129 0.436613 0.430345 0.435163 0.426003 0.442116 0.429471 0.444525 0.433648 0.442808 0.430345 0.435163 0.429471 0.444525 0.472835 0.502764 0.470402 0.479905 0.457633 0.503741 0.456327 0.480368 0.457633 0.503741 0.470402 0.479905 0.470402 0.479905 0.465363 0.458852 0.456327 0.480368 0.457633 0.503741 0.456327 0.480368 0.440446 0.498858 0.452128 0.458488 0.456327 0.480368 0.465363 0.458852 0.445114 0.477389 0.440446 0.498858 0.456327 0.480368 0.456327 0.480368 0.452128 0.458488 0.445114 0.477389 0.440446 0.498858 0.445114 0.477389 0.425793 0.491095 0.452128 0.458488 0.439859 0.458013 0.445114 0.477389 0.434515 0.470605 0.425793 0.491095 0.445114 0.477389 0.439859 0.458013 0.434515 0.470605 0.445114 0.477389 0.425793 0.491095 0.434515 0.470605 0.412211 0.479872 0.434515 0.470605 0.439859 0.458013 0.423547 0.459096 0.412211 0.479872 0.434515 0.470605 0.423547 0.459096 0.3314291 0.7067182 0.3158293 0.700297 0.3169983 0.6868818 0.3053725 0.6997752 0.3169983 0.6868818 0.3158293 0.700297 0.3169983 0.6868818 0.3053725 0.6997752 0.2819873 0.7017436 0.2819873 0.7017436 0.3053725 0.6997752 0.2935011 0.7052769 0.2834268 0.7134266 0.2819873 0.7017436 0.2935011 0.7052769 0.2819873 0.7017436 0.2837625 0.6807128 0.3169983 0.6868818 0.3169983 0.6868818 0.2837625 0.6807128 0.317575 0.6665791 0.2834268 0.7134266 0.2685988 0.7167493 0.2819873 0.7017436 0.2757717 0.7235959 0.2685988 0.7167493 0.2834268 0.7134266 0.2706264 0.7338173 0.2685988 0.7167493 0.2757717 0.7235959 0.2853783 0.6421971 0.317575 0.6665791 0.2837625 0.6807128 0.3038443 0.6235016 0.317575 0.6665791 0.2853783 0.6421971 0.2706264 0.7338173 0.2628553 0.7281818 0.2685988 0.7167493 0.2628553 0.7281818 0.2706264 0.7338173 0.2657251 0.7444779 0.2582402 0.7085484 0.2819873 0.7017436 0.2685988 0.7167493 0.2582402 0.7085484 0.2685988 0.7167493 0.2628553 0.7281818 0.2581661 0.6854809 0.2819873 0.7017436 0.2582402 0.7085484 0.2837625 0.6807128 0.2819873 0.7017436 0.2581661 0.6854809 0.2628553 0.7281818 0.2424537 0.7107093 0.2582402 0.7085484 0.2424537 0.7107093 0.2581661 0.6854809 0.2582402 0.7085484 0.2608055 0.6565957 0.2837625 0.6807128 0.2581661 0.6854809 0.2853783 0.6421971 0.2837625 0.6807128 0.2608055 0.6565957 0.2419229 0.6852146 0.2581661 0.6854809 0.2424537 0.7107093 0.2419229 0.6852146 0.2608055 0.6565957 0.2581661 0.6854809 0.2853783 0.6421971 0.266606 0.6315083 0.3038443 0.6235016 0.2853783 0.6421971 0.2608055 0.6565957 0.266606 0.6315083 0.3038443 0.6235016 0.266606 0.6315083 0.2835815 0.5999347 0.2835815 0.5999347 0.266606 0.6315083 0.2460994 0.58872 0.232118 0.6488751 0.2608055 0.6565957 0.2419229 0.6852146 0.232118 0.6488751 0.266606 0.6315083 0.2608055 0.6565957 0.2460994 0.58872 0.266606 0.6315083 0.238833 0.6166498 0.238833 0.6166498 0.266606 0.6315083 0.232118 0.6488751 0.209541 0.6093296 0.2460994 0.58872 0.238833 0.6166498 0.210779 0.5832477 0.2460994 0.58872 0.209541 0.6093296 0.2067492 0.6431569 0.238833 0.6166498 0.232118 0.6488751 0.209541 0.6093296 0.238833 0.6166498 0.2067492 0.6431569 0.2284451 0.6838009 0.232118 0.6488751 0.2419229 0.6852146 0.2067492 0.6431569 0.232118 0.6488751 0.2284451 0.6838009 0.2419229 0.6852146 0.2424537 0.7107093 0.2284451 0.6838009 0.1946048 0.6083434 0.210779 0.5832477 0.209541 0.6093296 0.210779 0.5832477 0.1946048 0.6083434 0.187713 0.562289 0.1954258 0.6409826 0.209541 0.6093296 0.2067492 0.6431569 0.1946048 0.6083434 0.209541 0.6093296 0.1954258 0.6409826 0.1946048 0.6083434 0.1877362 0.5837411 0.187713 0.562289 0.187713 0.562289 0.1877362 0.5837411 0.1808788 0.6083434 0.187713 0.562289 0.1808788 0.6083434 0.1647046 0.5832477 0.1877519 0.606598 0.1877362 0.5837411 0.1946048 0.6083434 0.1808788 0.6083434 0.1877362 0.5837411 0.1877519 0.606598 0.1877519 0.606598 0.1946048 0.6083434 0.1877992 0.6421982 0.1877519 0.606598 0.1877992 0.6421982 0.1808788 0.6083434 0.1877992 0.6421982 0.1946048 0.6083434 0.1954258 0.6409826 0.1659427 0.6093296 0.1647046 0.5832477 0.1808788 0.6083434 0.1647046 0.5832477 0.1659427 0.6093296 0.1293842 0.58872 0.1800578 0.6409826 0.1808788 0.6083434 0.1877992 0.6421982 0.1808788 0.6083434 0.1800578 0.6409826 0.1659427 0.6093296 0.1877992 0.6421982 0.1954258 0.6409826 0.1877765 0.6757759 0.1877992 0.6421982 0.1877765 0.6757759 0.1800578 0.6409826 0.1877765 0.6757759 0.1954258 0.6409826 0.1954976 0.6772826 0.1954976 0.6772826 0.1954258 0.6409826 0.2067492 0.6431569 0.1799861 0.6772826 0.1800578 0.6409826 0.1877765 0.6757759 0.1954976 0.6772826 0.2067492 0.6431569 0.2053806 0.6797402 0.2284451 0.6838009 0.2053806 0.6797402 0.2067492 0.6431569 0.1877765 0.6757759 0.1954976 0.6772826 0.187754 0.7070914 0.1877765 0.6757759 0.187754 0.7070914 0.1799861 0.6772826 0.1954976 0.6772826 0.2053806 0.6797402 0.1953185 0.7076949 0.187754 0.7070914 0.1954976 0.6772826 0.1953185 0.7076949 0.2053806 0.6797402 0.2284451 0.6838009 0.2057267 0.7094489 0.1953185 0.7076949 0.2053806 0.6797402 0.2057267 0.7094489 0.2057267 0.7094489 0.2284451 0.6838009 0.2283161 0.7107403 0.2284451 0.6838009 0.2424537 0.7107093 0.2283161 0.7107403 0.1953185 0.7076949 0.2057267 0.7094489 0.1947675 0.7370567 0.2424537 0.7107093 0.2439429 0.7367856 0.2283161 0.7107403 0.2439429 0.7367856 0.2424537 0.7107093 0.2628553 0.7281818 0.2283161 0.7107403 0.2056672 0.7372022 0.2057267 0.7094489 0.1947675 0.7370567 0.2057267 0.7094489 0.2056672 0.7372022 0.2283161 0.7107403 0.2439429 0.7367856 0.2276265 0.7372629 0.2276265 0.7372629 0.2056672 0.7372022 0.2283161 0.7107403 0.2628553 0.7281818 0.2583202 0.7416266 0.2439429 0.7367856 0.2657251 0.7444779 0.2583202 0.7416266 0.2628553 0.7281818 0.2583202 0.7416266 0.2657251 0.7444779 0.2551749 0.7552347 0.2439429 0.7367856 0.2583202 0.7416266 0.2551749 0.7552347 0.2551749 0.7552347 0.2657251 0.7444779 0.2623547 0.7564474 0.2439429 0.7367856 0.227034 0.7677935 0.2276265 0.7372629 0.2623547 0.7564474 0.2539116 0.7677949 0.2551749 0.7552347 0.2599593 0.7682467 0.2539116 0.7677949 0.2623547 0.7564474 0.2451557 0.7684942 0.2439429 0.7367856 0.2551749 0.7552347 0.2551749 0.7552347 0.2539116 0.7677949 0.2451557 0.7684942 0.2451557 0.7684942 0.227034 0.7677935 0.2439429 0.7367856 0.2592819 0.7800971 0.2539116 0.7677949 0.2599593 0.7682467 0.2539116 0.7677949 0.2537197 0.780405 0.2451557 0.7684942 0.2537197 0.780405 0.2539116 0.7677949 0.2592819 0.7800971 0.2537197 0.780405 0.2453783 0.7930505 0.2451557 0.7684942 0.2451557 0.7684942 0.2453783 0.7930505 0.227034 0.7677935 0.2537197 0.780405 0.2592819 0.7800971 0.2537335 0.7923941 0.2453783 0.7930505 0.2537197 0.780405 0.2537335 0.7923941 0.2537335 0.7923941 0.2592819 0.7800971 0.2596448 0.7917669 0.2537335 0.7923941 0.2472391 0.8058158 0.2453783 0.7930505 0.2596448 0.7917669 0.2548329 0.8047108 0.2537335 0.7923941 0.2548329 0.8047108 0.2472391 0.8058158 0.2537335 0.7923941 0.2614834 0.8038343 0.2548329 0.8047108 0.2596448 0.7917669 0.2643315 0.8152009 0.2548329 0.8047108 0.2614834 0.8038343 0.2453783 0.7930505 0.2472391 0.8058158 0.2273083 0.7956318 0.227034 0.7677935 0.2453783 0.7930505 0.2273083 0.7956318 0.2592839 0.8164557 0.2548329 0.8047108 0.2643315 0.8152009 0.2643315 0.8152009 0.2697528 0.8251332 0.2592839 0.8164557 0.2548329 0.8047108 0.2511111 0.8180257 0.2472391 0.8058158 0.2592839 0.8164557 0.2511111 0.8180257 0.2548329 0.8047108 0.2592839 0.8164557 0.2697528 0.8251332 0.26613 0.8301531 0.2592839 0.8164557 0.26613 0.8301531 0.2511111 0.8180257 0.26613 0.8301531 0.2697528 0.8251332 0.2743979 0.8401027 0.2784467 0.8357121 0.2743979 0.8401027 0.2697528 0.8251332 0.2511111 0.8180257 0.26613 0.8301531 0.2592216 0.8353096 0.26613 0.8301531 0.2743979 0.8401027 0.2592216 0.8353096 0.2472391 0.8058158 0.2511111 0.8180257 0.2312951 0.823246 0.2472391 0.8058158 0.2312951 0.823246 0.2273083 0.7956318 0.2511111 0.8180257 0.2592216 0.8353096 0.2378167 0.8463252 0.2312951 0.823246 0.2511111 0.8180257 0.2378167 0.8463252 0.2592216 0.8353096 0.2743979 0.8401027 0.267199 0.8469362 0.267199 0.8469362 0.2378167 0.8463252 0.2592216 0.8353096 0.2784467 0.8357121 0.2855253 0.8488262 0.2743979 0.8401027 0.2743979 0.8401027 0.2855253 0.8488262 0.267199 0.8469362 0.289651 0.8430485 0.2855253 0.8488262 0.2784467 0.8357121 0.3000094 0.8509894 0.2855253 0.8488262 0.289651 0.8430485 0.2312951 0.823246 0.2066855 0.8282151 0.2273083 0.7956318 0.2066855 0.8282151 0.2312951 0.823246 0.2378167 0.8463252 0.2976683 0.8577876 0.2855253 0.8488262 0.3000094 0.8509894 0.3103331 0.8566436 0.2976683 0.8577876 0.3000094 0.8509894 0.2273083 0.7956318 0.2066855 0.8282151 0.2050728 0.79761 0.2273083 0.7956318 0.2050728 0.79761 0.227034 0.7677935 0.3103331 0.8566436 0.3181649 0.8673424 0.2976683 0.8577876 0.3200474 0.8585628 0.3181649 0.8673424 0.3103331 0.8566436 0.3323467 0.8565809 0.3181649 0.8673424 0.3200474 0.8585628 0.3323467 0.8565809 0.3506335 0.8623303 0.3181649 0.8673424 0.3433328 0.9185307 0.3506335 0.8623303 0.3724991 0.8911475 0.3160507 0.883755 0.3181649 0.8673424 0.3506335 0.8623303 0.3160507 0.883755 0.3506335 0.8623303 0.3433328 0.9185307 0.3181649 0.8673424 0.3160507 0.883755 0.2976683 0.8577876 0.2998512 0.9534486 0.3160507 0.883755 0.3433328 0.9185307 0.2976683 0.8577876 0.3160507 0.883755 0.2927423 0.8727729 0.2976683 0.8577876 0.2927423 0.8727729 0.2855253 0.8488262 0.2769101 0.9072859 0.3160507 0.883755 0.2998512 0.9534486 0.3160507 0.883755 0.2769101 0.9072859 0.2927423 0.8727729 0.2855253 0.8488262 0.2927423 0.8727729 0.2773782 0.8586228 0.2927423 0.8727729 0.2769101 0.9072859 0.2773782 0.8586228 0.267199 0.8469362 0.2855253 0.8488262 0.2773782 0.8586228 0.2509779 0.8739574 0.267199 0.8469362 0.2773782 0.8586228 0.2773782 0.8586228 0.2769101 0.9072859 0.2509779 0.8739574 0.2378167 0.8463252 0.267199 0.8469362 0.2509779 0.8739574 0.2998512 0.9534486 0.2281665 0.9239695 0.2769101 0.9072859 0.2509779 0.8739574 0.2769101 0.9072859 0.2281665 0.9239695 0.2457332 0.9737074 0.2281665 0.9239695 0.2998512 0.9534486 0.1877707 0.9836179 0.2281665 0.9239695 0.2457332 0.9737074 0.2509779 0.8739574 0.2187036 0.8837295 0.2378167 0.8463252 0.2509779 0.8739574 0.2281665 0.9239695 0.2187036 0.8837295 0.2378167 0.8463252 0.2187036 0.8837295 0.2111421 0.8537992 0.2111421 0.8537992 0.2066855 0.8282151 0.2378167 0.8463252 0.2281665 0.9239695 0.1938599 0.886684 0.2187036 0.8837295 0.2111421 0.8537992 0.1937149 0.8303884 0.2066855 0.8282151 0.2187036 0.8837295 0.1943424 0.8568438 0.2111421 0.8537992 0.1943424 0.8568438 0.1937149 0.8303884 0.2111421 0.8537992 0.1938599 0.886684 0.1943424 0.8568438 0.2187036 0.8837295 0.2066855 0.8282151 0.1937149 0.8303884 0.2050728 0.79761 0.1938599 0.886684 0.187713 0.8563714 0.1943424 0.8568438 0.1943424 0.8568438 0.187713 0.8563714 0.1937149 0.8303884 0.2281665 0.9239695 0.1877707 0.9278076 0.1938599 0.886684 0.1877707 0.9278076 0.2281665 0.9239695 0.1877707 0.9836179 0.187713 0.8869076 0.1938599 0.886684 0.1877707 0.9278076 0.187713 0.8869076 0.187713 0.8563714 0.1938599 0.886684 0.1877707 0.9836179 0.1473171 0.9239695 0.1877707 0.9278076 0.1323552 0.9726211 0.1473171 0.9239695 0.1877707 0.9836179 0.1877707 0.9278076 0.1816237 0.886684 0.187713 0.8869076 0.1816237 0.886684 0.1877707 0.9278076 0.1473171 0.9239695 0.187713 0.8869076 0.1816237 0.886684 0.187713 0.8563714 0.07299333 0.9501896 0.1473171 0.9239695 0.1323552 0.9726211 0.1811412 0.8568438 0.187713 0.8563714 0.1816237 0.886684 0.15678 0.8837295 0.1816237 0.886684 0.1473171 0.9239695 0.1816237 0.886684 0.15678 0.8837295 0.1811412 0.8568438 0.09857356 0.9072859 0.1473171 0.9239695 0.07299333 0.9501896 0.15678 0.8837295 0.1473171 0.9239695 0.1245058 0.8739574 0.1473171 0.9239695 0.09857356 0.9072859 0.1245058 0.8739574 0.1643415 0.8537992 0.1811412 0.8568438 0.15678 0.8837295 0.09857356 0.9072859 0.07299333 0.9501896 0.05943298 0.883755 0.03215086 0.9185307 0.05943298 0.883755 0.07299333 0.9501896 0.002984523 0.8911475 0.02485018 0.8623303 0.03215086 0.9185307 0.05943298 0.883755 0.03215086 0.9185307 0.02485018 0.8623303 0.1811412 0.8568438 0.1643415 0.8537992 0.1817687 0.8303884 0.1811412 0.8568438 0.1817687 0.8303884 0.187713 0.8563714 0.02485018 0.8623303 0.05731874 0.8673424 0.05943298 0.883755 0.05731874 0.8673424 0.02485018 0.8623303 0.04313695 0.8565809 0.05543619 0.8585628 0.05731874 0.8673424 0.04313695 0.8565809 0.06515049 0.8566436 0.05731874 0.8673424 0.05543619 0.8585628 0.07781529 0.8577876 0.05731874 0.8673424 0.06515049 0.8566436 0.05731874 0.8673424 0.07781529 0.8577876 0.05943298 0.883755 0.07547426 0.8509894 0.07781529 0.8577876 0.06515049 0.8566436 0.08274137 0.8727729 0.05943298 0.883755 0.07781529 0.8577876 0.08274137 0.8727729 0.09857356 0.9072859 0.05943298 0.883755 0.07781529 0.8577876 0.07547426 0.8509894 0.08995831 0.8488262 0.07781529 0.8577876 0.08995831 0.8488262 0.08274137 0.8727729 0.08583259 0.8430485 0.08995831 0.8488262 0.07547426 0.8509894 0.09810543 0.8586228 0.09857356 0.9072859 0.08274137 0.8727729 0.09810543 0.8586228 0.08274137 0.8727729 0.08995831 0.8488262 0.1245058 0.8739574 0.09857356 0.9072859 0.09810543 0.8586228 0.08583259 0.8430485 0.09703695 0.8357121 0.08995831 0.8488262 0.09810543 0.8586228 0.1082847 0.8469362 0.1245058 0.8739574 0.09810543 0.8586228 0.08995831 0.8488262 0.1082847 0.8469362 0.1010858 0.8401027 0.08995831 0.8488262 0.09703695 0.8357121 0.1010858 0.8401027 0.1082847 0.8469362 0.08995831 0.8488262 0.1057308 0.8251332 0.1010858 0.8401027 0.09703695 0.8357121 0.1245058 0.8739574 0.1082847 0.8469362 0.1376669 0.8463252 0.1245058 0.8739574 0.1376669 0.8463252 0.15678 0.8837295 0.1643415 0.8537992 0.15678 0.8837295 0.1376669 0.8463252 0.1082847 0.8469362 0.1010858 0.8401027 0.116262 0.8353096 0.116262 0.8353096 0.1376669 0.8463252 0.1082847 0.8469362 0.1010858 0.8401027 0.1057308 0.8251332 0.1093536 0.8301531 0.1093536 0.8301531 0.116262 0.8353096 0.1010858 0.8401027 0.1093536 0.8301531 0.1057308 0.8251332 0.1161998 0.8164557 0.1111522 0.8152009 0.1161998 0.8164557 0.1057308 0.8251332 0.116262 0.8353096 0.1093536 0.8301531 0.1243726 0.8180257 0.1161998 0.8164557 0.1243726 0.8180257 0.1093536 0.8301531 0.1376669 0.8463252 0.116262 0.8353096 0.1243726 0.8180257 0.1161998 0.8164557 0.1111522 0.8152009 0.1206507 0.8047108 0.1161998 0.8164557 0.1206507 0.8047108 0.1243726 0.8180257 0.1140002 0.8038343 0.1206507 0.8047108 0.1111522 0.8152009 0.1140002 0.8038343 0.1158389 0.7917669 0.1206507 0.8047108 0.1376669 0.8463252 0.1243726 0.8180257 0.1441885 0.823246 0.1217502 0.7923941 0.1206507 0.8047108 0.1158389 0.7917669 0.1158389 0.7917669 0.1162018 0.7800971 0.1217502 0.7923941 0.1282445 0.8058158 0.1243726 0.8180257 0.1206507 0.8047108 0.1206507 0.8047108 0.1217502 0.7923941 0.1282445 0.8058158 0.1441885 0.823246 0.1243726 0.8180257 0.1282445 0.8058158 0.121764 0.780405 0.1217502 0.7923941 0.1162018 0.7800971 0.1376669 0.8463252 0.1441885 0.823246 0.1687981 0.8282151 0.1376669 0.8463252 0.1687981 0.8282151 0.1643415 0.8537992 0.1687981 0.8282151 0.1817687 0.8303884 0.1643415 0.8537992 0.1441885 0.823246 0.1481753 0.7956318 0.1687981 0.8282151 0.1481753 0.7956318 0.1441885 0.823246 0.1282445 0.8058158 0.1301053 0.7930505 0.1282445 0.8058158 0.1217502 0.7923941 0.1481753 0.7956318 0.1282445 0.8058158 0.1301053 0.7930505 0.1217502 0.7923941 0.121764 0.780405 0.1301053 0.7930505 0.1704108 0.79761 0.1687981 0.8282151 0.1481753 0.7956318 0.1687981 0.8282151 0.1704108 0.79761 0.1817687 0.8303884 0.1481753 0.7956318 0.1301053 0.7930505 0.1484497 0.7677935 0.1481753 0.7956318 0.1484497 0.7677935 0.1704108 0.79761 0.1303279 0.7684942 0.1301053 0.7930505 0.121764 0.780405 0.1303279 0.7684942 0.1484497 0.7677935 0.1301053 0.7930505 0.121764 0.780405 0.1162018 0.7800971 0.1215721 0.7677949 0.1303279 0.7684942 0.121764 0.780405 0.1215721 0.7677949 0.1155244 0.7682467 0.1215721 0.7677949 0.1162018 0.7800971 0.1155244 0.7682467 0.113129 0.7564474 0.1215721 0.7677949 0.1203087 0.7552347 0.1215721 0.7677949 0.113129 0.7564474 0.1303279 0.7684942 0.1215721 0.7677949 0.1203087 0.7552347 0.113129 0.7564474 0.1097585 0.7444779 0.1203087 0.7552347 0.1203087 0.7552347 0.1315407 0.7367856 0.1303279 0.7684942 0.1303279 0.7684942 0.1315407 0.7367856 0.1484497 0.7677935 0.1171634 0.7416266 0.1203087 0.7552347 0.1097585 0.7444779 0.1203087 0.7552347 0.1171634 0.7416266 0.1315407 0.7367856 0.1126284 0.7281818 0.1171634 0.7416266 0.1097585 0.7444779 0.1315407 0.7367856 0.1171634 0.7416266 0.1126284 0.7281818 0.1097585 0.7444779 0.1048573 0.7338173 0.1126284 0.7281818 0.1478572 0.7372629 0.1484497 0.7677935 0.1315407 0.7367856 0.1068848 0.7167493 0.1126284 0.7281818 0.1048573 0.7338173 0.09971189 0.7235959 0.1068848 0.7167493 0.1048573 0.7338173 0.09205681 0.7134266 0.1068848 0.7167493 0.09971189 0.7235959 0.1484497 0.7677935 0.1478572 0.7372629 0.1704881 0.7676934 0.1704881 0.7676934 0.1704108 0.79761 0.1484497 0.7677935 0.09349638 0.7017436 0.1068848 0.7167493 0.09205681 0.7134266 0.08198249 0.7052769 0.09349638 0.7017436 0.09205681 0.7134266 0.08198249 0.7052769 0.07011115 0.6997752 0.09349638 0.7017436 0.1126284 0.7281818 0.1068848 0.7167493 0.1172434 0.7085484 0.1068848 0.7167493 0.09349638 0.7017436 0.1172434 0.7085484 0.1172434 0.7085484 0.1330299 0.7107093 0.1126284 0.7281818 0.1126284 0.7281818 0.1330299 0.7107093 0.1315407 0.7367856 0.1172434 0.7085484 0.09349638 0.7017436 0.1173176 0.6854809 0.1172434 0.7085484 0.1173176 0.6854809 0.1330299 0.7107093 0.05848538 0.6868818 0.09349638 0.7017436 0.07011115 0.6997752 0.05965435 0.700297 0.05848538 0.6868818 0.07011115 0.6997752 0.05848538 0.6868818 0.05965435 0.700297 0.04405456 0.7067182 0.09349638 0.7017436 0.05848538 0.6868818 0.09172111 0.6807128 0.09172111 0.6807128 0.1173176 0.6854809 0.09349638 0.7017436 0.05790859 0.6665791 0.09172111 0.6807128 0.05848538 0.6868818 0.09172111 0.6807128 0.05790859 0.6665791 0.09010529 0.6421971 0.09010529 0.6421971 0.05790859 0.6665791 0.07163935 0.6235016 0.1173176 0.6854809 0.09172111 0.6807128 0.1146782 0.6565957 0.1146782 0.6565957 0.09172111 0.6807128 0.09010529 0.6421971 0.09010529 0.6421971 0.07163935 0.6235016 0.1088777 0.6315083 0.1088777 0.6315083 0.1146782 0.6565957 0.09010529 0.6421971 0.09190213 0.5999347 0.1088777 0.6315083 0.07163935 0.6235016 0.09190213 0.5999347 0.1293842 0.58872 0.1088777 0.6315083 0.1173176 0.6854809 0.1146782 0.6565957 0.1335607 0.6852146 0.1335607 0.6852146 0.1330299 0.7107093 0.1173176 0.6854809 0.1146782 0.6565957 0.1088777 0.6315083 0.1433656 0.6488751 0.1335607 0.6852146 0.1146782 0.6565957 0.1433656 0.6488751 0.1366507 0.6166498 0.1088777 0.6315083 0.1293842 0.58872 0.1366507 0.6166498 0.1433656 0.6488751 0.1088777 0.6315083 0.1366507 0.6166498 0.1293842 0.58872 0.1659427 0.6093296 0.1335607 0.6852146 0.1433656 0.6488751 0.1470385 0.6838009 0.1335607 0.6852146 0.1470385 0.6838009 0.1330299 0.7107093 0.1433656 0.6488751 0.1366507 0.6166498 0.1687344 0.6431569 0.1659427 0.6093296 0.1687344 0.6431569 0.1366507 0.6166498 0.1470385 0.6838009 0.1433656 0.6488751 0.1687344 0.6431569 0.1687344 0.6431569 0.1659427 0.6093296 0.1800578 0.6409826 0.1687344 0.6431569 0.1800578 0.6409826 0.1799861 0.6772826 0.1687344 0.6431569 0.170103 0.6797402 0.1470385 0.6838009 0.170103 0.6797402 0.1687344 0.6431569 0.1799861 0.6772826 0.1471676 0.7107403 0.1330299 0.7107093 0.1470385 0.6838009 0.1330299 0.7107093 0.1471676 0.7107403 0.1315407 0.7367856 0.1478572 0.7372629 0.1315407 0.7367856 0.1471676 0.7107403 0.170103 0.6797402 0.169757 0.7094489 0.1470385 0.6838009 0.1471676 0.7107403 0.1470385 0.6838009 0.169757 0.7094489 0.1799861 0.6772826 0.1801651 0.7076949 0.170103 0.6797402 0.169757 0.7094489 0.170103 0.6797402 0.1801651 0.7076949 0.1801651 0.7076949 0.1799861 0.6772826 0.187754 0.7070914 0.1478572 0.7372629 0.1471676 0.7107403 0.1698164 0.7372022 0.169757 0.7094489 0.1698164 0.7372022 0.1471676 0.7107403 0.1698164 0.7372022 0.1704881 0.7676934 0.1478572 0.7372629 0.1801651 0.7076949 0.1807162 0.7370567 0.169757 0.7094489 0.1698164 0.7372022 0.169757 0.7094489 0.1807162 0.7370567 0.187754 0.7070914 0.18773 0.7369843 0.1801651 0.7076949 0.1807162 0.7370567 0.1801651 0.7076949 0.18773 0.7369843 0.187754 0.7070914 0.1953185 0.7076949 0.18773 0.7369843 0.18773 0.7369843 0.1953185 0.7076949 0.1947675 0.7370567 0.1807162 0.7370567 0.1813135 0.7677202 0.1698164 0.7372022 0.1807162 0.7370567 0.18773 0.7369843 0.1813135 0.7677202 0.1704881 0.7676934 0.1698164 0.7372022 0.1813135 0.7677202 0.1941701 0.7677202 0.18773 0.7369843 0.1947675 0.7370567 0.1947675 0.7370567 0.2056672 0.7372022 0.1941701 0.7677202 0.1877173 0.7679125 0.1813135 0.7677202 0.18773 0.7369843 0.1877173 0.7679125 0.18773 0.7369843 0.1941701 0.7677202 0.1813135 0.7677202 0.1813624 0.7974452 0.1704881 0.7676934 0.1813135 0.7677202 0.1877173 0.7679125 0.1813624 0.7974452 0.1704108 0.79761 0.1704881 0.7676934 0.1813624 0.7974452 0.1813624 0.7974452 0.1817687 0.8303884 0.1704108 0.79761 0.1877137 0.7983016 0.1813624 0.7974452 0.1877173 0.7679125 0.1813624 0.7974452 0.1877137 0.7983016 0.1817687 0.8303884 0.1941212 0.7974452 0.1877173 0.7679125 0.1941701 0.7677202 0.1877137 0.7983016 0.1877173 0.7679125 0.1941212 0.7974452 0.1941701 0.7677202 0.2056672 0.7372022 0.2049955 0.7676934 0.2049955 0.7676934 0.1941212 0.7974452 0.1941701 0.7677202 0.2276265 0.7372629 0.2049955 0.7676934 0.2056672 0.7372022 0.227034 0.7677935 0.2049955 0.7676934 0.2276265 0.7372629 0.227034 0.7677935 0.2050728 0.79761 0.2049955 0.7676934 0.2050728 0.79761 0.1941212 0.7974452 0.2049955 0.7676934 0.2050728 0.79761 0.1937149 0.8303884 0.1941212 0.7974452 0.1937149 0.8303884 0.1877137 0.7983016 0.1941212 0.7974452 0.187713 0.8297927 0.1877137 0.7983016 0.1937149 0.8303884 0.187713 0.8297927 0.1817687 0.8303884 0.1877137 0.7983016 0.1937149 0.8303884 0.187713 0.8563714 0.187713 0.8297927 0.187713 0.8297927 0.187713 0.8563714 0.1817687 0.8303884 0.8695897 0.9660052 0.8695897 0.9994041 0.9014505 0.9994041 0.8695897 0.9660052 0.9014505 0.9994041 0.9014505 0.9661058 0.8695897 0.9346988 0.8695897 0.9660052 0.9014505 0.9661058 0.8695897 0.9203372 0.8695897 0.9346988 0.9014505 0.9186519 0.9014505 0.9323488 0.9014505 0.9186519 0.8695897 0.9346988 0.8695897 0.9346988 0.9014505 0.9661058 0.9014505 0.9323488 0.9014505 0.9323488 0.9432101 0.920301 0.9014505 0.9186519 0.9014505 0.9323488 0.9014505 0.9661058 0.9432101 0.9341223 0.9432101 0.9341223 0.9432101 0.920301 0.9014505 0.9323488 0.9014505 0.9661058 0.9014505 0.9994041 0.9432101 0.9682796 0.9014505 0.9661058 0.9432101 0.9682796 0.9432101 0.9341223 0.9014505 0.9994041 0.9432101 0.9994041 0.9432101 0.9682796 0.9432101 0.9341223 0.9635823 0.9463945 0.9432101 0.920301 0.9635823 0.9463945 0.9432101 0.9341223 0.9432101 0.9682796 0.9432101 0.920301 0.9635823 0.9463945 0.9740393 0.9354326 0.9740393 0.9354326 0.9635823 0.9463945 0.9743903 0.9568923 0.9635823 0.9463945 0.9432101 0.9682796 0.9743903 0.9568923 0.9923477 0.9604184 0.9740393 0.9354326 0.9743903 0.9568923 0.9812651 0.9757917 0.9432101 0.9682796 0.9432101 0.9994041 0.9432101 0.9682796 0.9812651 0.9757917 0.9743903 0.9568923 0.9923477 0.9604184 0.9743903 0.9568923 0.9812651 0.9757917 0.9812651 0.9757917 0.9432101 0.9994041 0.9837537 0.9994041 0.9967538 0.9813636 0.9923477 0.9604184 0.9812651 0.9757917 0.9977111 0.9994041 0.9812651 0.9757917 0.9837537 0.9994041 0.9977111 0.9994041 0.9967538 0.9813636 0.9812651 0.9757917 0.5681998 0.3114629 0.5295505 0.3361342 0.5294288 0.3110898 0.5295505 0.3361342 0.5681998 0.3114629 0.5690521 0.3449747 0.5690521 0.3449747 0.5316229 0.3650882 0.5295505 0.3361342 0.5681998 0.3114629 0.6067884 0.3425925 0.5690521 0.3449747 0.6067884 0.3425925 0.5681998 0.3114629 0.6054633 0.3098468 0.6439222 0.3141536 0.6067884 0.3425925 0.6054633 0.3098468 0.6917777 0.3139362 0.6886894 0.3279778 0.6439222 0.3141536 0.6439222 0.3141536 0.6886894 0.3279778 0.6443579 0.3368407 0.6439222 0.3141536 0.6443579 0.3368407 0.6067884 0.3425925 0.6833841 0.3636761 0.6443579 0.3368407 0.6886894 0.3279778 0.6456933 0.3675652 0.6443579 0.3368407 0.6833841 0.3636761 0.6456933 0.3675652 0.6067884 0.3425925 0.6443579 0.3368407 0.6783364 0.3996266 0.6456933 0.3675652 0.6833841 0.3636761 0.6072847 0.3698762 0.6067884 0.3425925 0.6456933 0.3675652 0.6067884 0.3425925 0.6072847 0.3698762 0.5690521 0.3449747 0.6445829 0.4006855 0.6456933 0.3675652 0.6783364 0.3996266 0.6456933 0.3675652 0.6445829 0.4006855 0.6072847 0.3698762 0.5690521 0.3449747 0.6072847 0.3698762 0.5697684 0.3697622 0.5316229 0.3650882 0.5690521 0.3449747 0.5697684 0.3697622 0.6072847 0.3698762 0.6065632 0.4004979 0.5697684 0.3697622 0.6072847 0.3698762 0.6445829 0.4006855 0.6065632 0.4004979 0.5694218 0.3980709 0.5316229 0.3650882 0.5697684 0.3697622 0.5697684 0.3697622 0.6065632 0.4004979 0.5694218 0.3980709 0.5347154 0.3907042 0.5316229 0.3650882 0.5694218 0.3980709 0.6065632 0.4004979 0.6445829 0.4006855 0.6049003 0.4481037 0.6065632 0.4004979 0.6049003 0.4481037 0.5694218 0.3980709 0.5694218 0.3980709 0.5727736 0.4444161 0.5347154 0.3907042 0.5694218 0.3980709 0.6049003 0.4481037 0.5727736 0.4444161 0.5347154 0.3907042 0.5727736 0.4444161 0.5537678 0.4429932 0.5781447 0.4830755 0.5537678 0.4429932 0.5727736 0.4444161 0.5727736 0.4444161 0.5888305 0.4926032 0.5781447 0.4830755 0.6049003 0.4481037 0.5888305 0.4926032 0.5727736 0.4444161 0.6049003 0.4481037 0.6022635 0.4965723 0.5888305 0.4926032 0.6162681 0.4926558 0.6022635 0.4965723 0.6049003 0.4481037 0.6162681 0.4926558 0.6049003 0.4481037 0.6351 0.4496394 0.6049003 0.4481037 0.6445829 0.4006855 0.6351 0.4496394 0.6445829 0.4006855 0.6783364 0.3996266 0.6351 0.4496394 0.6307961 0.4827587 0.6162681 0.4926558 0.6351 0.4496394 0.6351 0.4496394 0.6783364 0.3996266 0.6570837 0.4505356 0.6351 0.4496394 0.6570837 0.4505356 0.6307961 0.4827587 0.8695897 0.9203372 0.9014505 0.9186519 0.8695897 0.9346988 0.9014505 0.9323488 0.8695897 0.9346988 0.9014505 0.9186519 0.9014505 0.9323488 0.9014505 0.9186519 0.9432101 0.920301 0.8695897 0.9346988 0.9014505 0.9323488 0.9014505 0.9661058 0.8695897 0.9346988 0.9014505 0.9661058 0.8695897 0.9660052 0.9432101 0.9341223 0.9014505 0.9323488 0.9432101 0.920301 0.9014505 0.9323488 0.9432101 0.9341223 0.9014505 0.9661058 0.8695897 0.9660052 0.9014505 0.9994041 0.8695897 0.9994041 0.8695897 0.9660052 0.9014505 0.9661058 0.9014505 0.9994041 0.9432101 0.920301 0.9635823 0.9463945 0.9432101 0.9341223 0.9740393 0.9354326 0.9635823 0.9463945 0.9432101 0.920301 0.9014505 0.9661058 0.9432101 0.9341223 0.9432101 0.9682796 0.9014505 0.9661058 0.9432101 0.9682796 0.9014505 0.9994041 0.9635823 0.9463945 0.9432101 0.9682796 0.9432101 0.9341223 0.9014505 0.9994041 0.9432101 0.9682796 0.9432101 0.9994041 0.9740393 0.9354326 0.9743903 0.9568923 0.9635823 0.9463945 0.9635823 0.9463945 0.9743903 0.9568923 0.9432101 0.9682796 0.9923477 0.9604184 0.9743903 0.9568923 0.9740393 0.9354326 0.9812651 0.9757917 0.9432101 0.9994041 0.9432101 0.9682796 0.9432101 0.9682796 0.9743903 0.9568923 0.9812651 0.9757917 0.9923477 0.9604184 0.9812651 0.9757917 0.9743903 0.9568923 0.9812651 0.9757917 0.9837537 0.9994041 0.9432101 0.9994041 0.9967538 0.9813636 0.9812651 0.9757917 0.9923477 0.9604184 0.9977111 0.9994041 0.9837537 0.9994041 0.9812651 0.9757917 0.9977111 0.9994041 0.9812651 0.9757917 0.9967538 0.9813636 0.5681998 0.3114629 0.5294288 0.3110898 0.5295505 0.3361342 0.5295505 0.3361342 0.5690521 0.3449747 0.5681998 0.3114629 0.5690521 0.3449747 0.5295505 0.3361342 0.5316229 0.3650882 0.5681998 0.3114629 0.5690521 0.3449747 0.6067884 0.3425925 0.6067884 0.3425925 0.6054633 0.3098468 0.5681998 0.3114629 0.6439222 0.3141536 0.6054633 0.3098468 0.6067884 0.3425925 0.6917777 0.3139362 0.6439222 0.3141536 0.6886894 0.3279778 0.6439222 0.3141536 0.6443579 0.3368407 0.6886894 0.3279778 0.6439222 0.3141536 0.6067884 0.3425925 0.6443579 0.3368407 0.6886894 0.3279778 0.6443579 0.3368407 0.6833841 0.3636761 0.6833841 0.3636761 0.6443579 0.3368407 0.6456933 0.3675652 0.6443579 0.3368407 0.6067884 0.3425925 0.6456933 0.3675652 0.6833841 0.3636761 0.6456933 0.3675652 0.6783364 0.3996266 0.6456933 0.3675652 0.6067884 0.3425925 0.6072847 0.3698762 0.5690521 0.3449747 0.6072847 0.3698762 0.6067884 0.3425925 0.6783364 0.3996266 0.6456933 0.3675652 0.6445829 0.4006855 0.6072847 0.3698762 0.6445829 0.4006855 0.6456933 0.3675652 0.5697684 0.3697622 0.6072847 0.3698762 0.5690521 0.3449747 0.5316229 0.3650882 0.5697684 0.3697622 0.5690521 0.3449747 0.6065632 0.4004979 0.6445829 0.4006855 0.6072847 0.3698762 0.5697684 0.3697622 0.6065632 0.4004979 0.6072847 0.3698762 0.5697684 0.3697622 0.5316229 0.3650882 0.5694218 0.3980709 0.5694218 0.3980709 0.6065632 0.4004979 0.5697684 0.3697622 0.5694218 0.3980709 0.5316229 0.3650882 0.5347154 0.3907042 0.6049003 0.4481037 0.6445829 0.4006855 0.6065632 0.4004979 0.5694218 0.3980709 0.6049003 0.4481037 0.6065632 0.4004979 0.6351 0.4496394 0.6783364 0.3996266 0.6445829 0.4006855 0.6351 0.4496394 0.6445829 0.4006855 0.6049003 0.4481037 0.6570837 0.4505356 0.6783364 0.3996266 0.6351 0.4496394 0.6351 0.4496394 0.6307961 0.4827587 0.6570837 0.4505356 0.6307961 0.4827587 0.6351 0.4496394 0.6162681 0.4926558 0.6162681 0.4926558 0.6351 0.4496394 0.6049003 0.4481037 0.6162681 0.4926558 0.6049003 0.4481037 0.6022635 0.4965723 0.6049003 0.4481037 0.5888305 0.4926032 0.6022635 0.4965723 0.6049003 0.4481037 0.5727736 0.4444161 0.5888305 0.4926032 0.5727736 0.4444161 0.6049003 0.4481037 0.5694218 0.3980709 0.5347154 0.3907042 0.5727736 0.4444161 0.5694218 0.3980709 0.5727736 0.4444161 0.5781447 0.4830755 0.5888305 0.4926032 0.5537678 0.4429932 0.5727736 0.4444161 0.5347154 0.3907042 0.5781447 0.4830755 0.5727736 0.4444161 0.5537678 0.4429932 0.6727702 0.9094288 0.7353935 0.8929899 0.674894 0.9318943 0.7351846 0.9206184 0.674894 0.9318943 0.7353935 0.8929899 0.7353935 0.8929899 0.796222 0.8949525 0.7351846 0.9206184 0.7351846 0.9206184 0.7347224 0.951456 0.674894 0.9318943 0.6792744 0.9503309 0.674894 0.9318943 0.7347224 0.951456 0.7149847 0.9771282 0.6792744 0.9503309 0.7347224 0.951456 0.7149847 0.9771282 0.7347224 0.951456 0.7500305 0.9981643 0.7938144 0.925872 0.7351846 0.9206184 0.796222 0.8949525 0.7347224 0.951456 0.7643617 0.9782211 0.7500305 0.9981643 0.7500305 0.9981643 0.7643617 0.9782211 0.7857297 0.9978958 0.7857297 0.9978958 0.7643617 0.9782211 0.8106377 0.977989 0.7347224 0.951456 0.7351846 0.9206184 0.7784604 0.9581764 0.7784604 0.9581764 0.7643617 0.9782211 0.7347224 0.951456 0.7784604 0.9581764 0.8106377 0.977989 0.7643617 0.9782211 0.7938144 0.925872 0.7784604 0.9581764 0.7351846 0.9206184 0.8106377 0.977989 0.7784604 0.9581764 0.8353304 0.9469693 0.7938144 0.925872 0.8353304 0.9469693 0.7784604 0.9581764 0.7938144 0.925872 0.796222 0.8949525 0.8353304 0.9469693 0.8422952 0.9176973 0.8353304 0.9469693 0.796222 0.8949525 0.4731447 0.736699 0.4907162 0.736699 0.4731447 0.7472974 0.4731447 0.7472974 0.4907162 0.736699 0.4907162 0.7472974 0.4731447 0.7472974 0.4907162 0.7472974 0.4731447 0.7579833 0.4907162 0.7472974 0.4907162 0.736699 0.4940166 0.7528433 0.4940166 0.7528433 0.4907162 0.736699 0.4940166 0.7326368 0.4940166 0.7326368 0.4963004 0.7326368 0.4940166 0.7528433 0.4940166 0.7528433 0.4963004 0.7326368 0.4963004 0.7528433 0.4731447 0.7579833 0.4907162 0.7472974 0.4907162 0.7579833 0.4907162 0.7579833 0.4907162 0.7472974 0.4940166 0.7528433 0.4731447 0.7579833 0.4907162 0.7579833 0.4731447 0.7686545 0.4940166 0.7528433 0.4963004 0.7528433 0.4940166 0.7739512 0.4940166 0.7739512 0.4907162 0.7579833 0.4940166 0.7528433 0.4940166 0.7739512 0.4963004 0.7528433 0.4963004 0.7739512 0.4731447 0.7686545 0.4907162 0.7579833 0.4911134 0.7686545 0.4911134 0.7686545 0.4907162 0.7579833 0.4940166 0.7739512 0.4731447 0.7686545 0.4911134 0.7686545 0.4736809 0.7793682 0.4736809 0.7793682 0.4911134 0.7686545 0.4911134 0.7793682 0.4911134 0.7793682 0.4911134 0.7686545 0.4940166 0.7739512 0.4736809 0.7793682 0.4911134 0.7793682 0.4743055 0.7905421 0.4940166 0.7739512 0.4963004 0.7739512 0.4940166 0.7959742 0.4940166 0.7739512 0.4940166 0.7959742 0.4911134 0.7793682 0.4940166 0.7959742 0.4963004 0.7739512 0.4963004 0.7959742 0.4743055 0.7905421 0.4911134 0.7793682 0.4911134 0.7905421 0.4911134 0.7793682 0.4940166 0.7959742 0.4911134 0.7905421 0.4743055 0.7905421 0.4911134 0.7905421 0.4751087 0.8013617 0.4751087 0.8013617 0.4911134 0.7905421 0.4911134 0.8013617 0.4940166 0.7959742 0.4911134 0.8013617 0.4911134 0.7905421 0.4751087 0.8013617 0.4911134 0.8013617 0.4743055 0.8115871 0.4743055 0.8115871 0.4911134 0.8013617 0.4911134 0.8115871 0.4940166 0.7959742 0.4911134 0.8115871 0.4911134 0.8013617 0.4743055 0.8115871 0.4911134 0.8115871 0.4736809 0.8217351 0.4940166 0.7959742 0.4963004 0.7959742 0.4940166 0.8161777 0.4940166 0.8161777 0.4911134 0.8115871 0.4940166 0.7959742 0.4940166 0.8161777 0.4963004 0.7959742 0.4963004 0.8161777 0.4736809 0.8217351 0.4911134 0.8115871 0.4911134 0.8217351 0.4940166 0.8161777 0.4911134 0.8217351 0.4911134 0.8115871 0.4736809 0.8217351 0.4911134 0.8217351 0.4731447 0.831482 0.4731447 0.831482 0.4911134 0.8217351 0.4911134 0.831482 0.4911134 0.8217351 0.4940166 0.8161777 0.4911134 0.831482 0.4731447 0.831482 0.4911134 0.831482 0.4731447 0.8419582 0.4940166 0.8161777 0.4963004 0.8161777 0.4940166 0.8366174 0.4911134 0.831482 0.4940166 0.8161777 0.4940166 0.8366174 0.4940166 0.8366174 0.4963004 0.8161777 0.4963004 0.8366174 0.4731447 0.8419582 0.4911134 0.831482 0.4911134 0.8419582 0.4911134 0.8419582 0.4911134 0.831482 0.4940166 0.8366174 0.4731447 0.8419582 0.4911134 0.8419582 0.4731447 0.8518508 0.4963004 0.8573371 0.4940166 0.8366174 0.4963004 0.8366174 0.4731447 0.8518508 0.4911134 0.8419582 0.4911134 0.8518508 0.4911134 0.8419582 0.4940166 0.8366174 0.4911134 0.8518508 0.4731447 0.8518508 0.4911134 0.8518508 0.4731447 0.8622218 0.4940166 0.8573371 0.4940166 0.8366174 0.4963004 0.8573371 0.4911134 0.8518508 0.4940166 0.8366174 0.4940166 0.8573371 0.4963004 0.8773419 0.4940166 0.8573371 0.4963004 0.8573371 0.4731447 0.8622218 0.4911134 0.8518508 0.4911134 0.8622218 0.4940166 0.8573371 0.4911134 0.8622218 0.4911134 0.8518508 0.4731447 0.8622218 0.4911134 0.8622218 0.4731447 0.8724114 0.4940166 0.8773419 0.4940166 0.8573371 0.4963004 0.8773419 0.4731447 0.8724114 0.4911134 0.8622218 0.4911134 0.8724114 0.4911134 0.8622218 0.4940166 0.8573371 0.4911134 0.8724114 0.4911134 0.8724114 0.4940166 0.8573371 0.4940166 0.8773419 0.4731447 0.8724114 0.4911134 0.8724114 0.4738005 0.8828342 0.4963004 0.8980443 0.4940166 0.8773419 0.4963004 0.8773419 0.4738005 0.8828342 0.4911134 0.8724114 0.4911134 0.8828342 0.4940166 0.8773419 0.4911134 0.8828342 0.4911134 0.8724114 0.4738005 0.8828342 0.4911134 0.8828342 0.4742377 0.8930305 0.4940166 0.8980443 0.4940166 0.8773419 0.4963004 0.8980443 0.4742377 0.8930305 0.4911134 0.8828342 0.4911134 0.8930305 0.4911134 0.8828342 0.4940166 0.8773419 0.4911134 0.8930305 0.4911134 0.8930305 0.4940166 0.8773419 0.4940166 0.8980443 0.4742377 0.8930305 0.4911134 0.8930305 0.4748936 0.9037389 0.4963004 0.9187685 0.4940166 0.8980443 0.4963004 0.8980443 0.4748936 0.9037389 0.4911134 0.8930305 0.4911134 0.9037389 0.4911134 0.9037389 0.4911134 0.8930305 0.4940166 0.8980443 0.4748936 0.9037389 0.4911134 0.9037389 0.4744564 0.9136401 0.4940166 0.9187685 0.4940166 0.8980443 0.4963004 0.9187685 0.4744564 0.9136401 0.4911134 0.9037389 0.4911134 0.9136401 0.4911134 0.9037389 0.4940166 0.8980443 0.4911134 0.9136401 0.4911134 0.9136401 0.4940166 0.8980443 0.4940166 0.9187685 0.4744564 0.9136401 0.4911134 0.9136401 0.4740192 0.9244026 0.4963004 0.9398759 0.4940166 0.9187685 0.4963004 0.9187685 0.4740192 0.9244026 0.4911134 0.9136401 0.4911134 0.9244026 0.4911134 0.9244026 0.4911134 0.9136401 0.4940166 0.9187685 0.4740192 0.9244026 0.4911134 0.9244026 0.4731447 0.9348868 0.4940166 0.9398759 0.4940166 0.9187685 0.4963004 0.9398759 0.4731447 0.9348868 0.4911134 0.9244026 0.4911134 0.9348868 0.4911134 0.9244026 0.4940166 0.9187685 0.4911134 0.9348868 0.4911134 0.9348868 0.4940166 0.9187685 0.4940166 0.9398759 0.4731447 0.9348868 0.4911134 0.9348868 0.4731447 0.9449499 0.4963004 0.9597113 0.4940166 0.9398759 0.4963004 0.9398759 0.4731447 0.9449499 0.4911134 0.9348868 0.4911134 0.9449499 0.4911134 0.9449499 0.4911134 0.9348868 0.4940166 0.9398759 0.4731447 0.9449499 0.4911134 0.9449499 0.4731447 0.9542236 0.4940166 0.9597113 0.4940166 0.9398759 0.4963004 0.9597113 0.4963004 0.9805347 0.4940166 0.9597113 0.4963004 0.9597113 0.4940166 0.9805347 0.4940166 0.9597113 0.4963004 0.9805347 0.4911134 0.9449499 0.4940166 0.9398759 0.4911134 0.9542236 0.4731447 0.9542236 0.4911134 0.9449499 0.4911134 0.9542236 0.4911134 0.9542236 0.4940166 0.9398759 0.4940166 0.9597113 0.4731447 0.9542236 0.4911134 0.9542236 0.4731447 0.9647732 0.4911134 0.9647732 0.4911134 0.9542236 0.4940166 0.9597113 0.4731447 0.9647732 0.4911134 0.9542236 0.4911134 0.9647732 0.4911134 0.9754692 0.4940166 0.9597113 0.4940166 0.9805347 0.4911134 0.9647732 0.4940166 0.9597113 0.4911134 0.9754692 0.4911134 0.9754692 0.4731447 0.9647732 0.4911134 0.9647732 0.4911134 0.986086 0.4911134 0.9754692 0.4940166 0.9805347 0.4731447 0.9754692 0.4731447 0.9647732 0.4911134 0.9754692 0.4731447 0.986086 0.4911134 0.9754692 0.4911134 0.986086 0.4731447 0.9754692 0.4911134 0.9754692 0.4731447 0.986086 0.4731447 0.736699 0.4731447 0.7472974 0.4907162 0.736699 0.4907162 0.7472974 0.4907162 0.736699 0.4731447 0.7472974 0.4731447 0.7472974 0.4731447 0.7579833 0.4907162 0.7472974 0.4907162 0.7472974 0.4940166 0.7528433 0.4907162 0.736699 0.4940166 0.7326368 0.4907162 0.736699 0.4940166 0.7528433 0.4940166 0.7326368 0.4940166 0.7528433 0.4963004 0.7326368 0.4963004 0.7528433 0.4963004 0.7326368 0.4940166 0.7528433 0.4907162 0.7579833 0.4907162 0.7472974 0.4731447 0.7579833 0.4940166 0.7528433 0.4907162 0.7472974 0.4907162 0.7579833 0.4731447 0.7579833 0.4731447 0.7686545 0.4907162 0.7579833 0.4940166 0.7528433 0.4940166 0.7739512 0.4963004 0.7528433 0.4940166 0.7528433 0.4907162 0.7579833 0.4940166 0.7739512 0.4963004 0.7739512 0.4963004 0.7528433 0.4940166 0.7739512 0.4911134 0.7686545 0.4907162 0.7579833 0.4731447 0.7686545 0.4911134 0.7686545 0.4940166 0.7739512 0.4907162 0.7579833 0.4731447 0.7686545 0.4736809 0.7793682 0.4911134 0.7686545 0.4940166 0.7739512 0.4940166 0.7959742 0.4963004 0.7739512 0.4911134 0.7793682 0.4911134 0.7686545 0.4736809 0.7793682 0.4940166 0.7739512 0.4911134 0.7686545 0.4911134 0.7793682 0.4940166 0.7739512 0.4911134 0.7793682 0.4940166 0.7959742 0.4736809 0.7793682 0.4743055 0.7905421 0.4911134 0.7793682 0.4963004 0.7959742 0.4963004 0.7739512 0.4940166 0.7959742 0.4911134 0.7905421 0.4911134 0.7793682 0.4743055 0.7905421 0.4911134 0.7905421 0.4940166 0.7959742 0.4911134 0.7793682 0.4743055 0.7905421 0.4751087 0.8013617 0.4911134 0.7905421 0.4911134 0.8013617 0.4911134 0.7905421 0.4751087 0.8013617 0.4911134 0.7905421 0.4911134 0.8013617 0.4940166 0.7959742 0.4751087 0.8013617 0.4743055 0.8115871 0.4911134 0.8013617 0.4911134 0.8115871 0.4911134 0.8013617 0.4743055 0.8115871 0.4911134 0.8013617 0.4911134 0.8115871 0.4940166 0.7959742 0.4743055 0.8115871 0.4736809 0.8217351 0.4911134 0.8115871 0.4940166 0.7959742 0.4940166 0.8161777 0.4963004 0.7959742 0.4940166 0.8161777 0.4940166 0.7959742 0.4911134 0.8115871 0.4963004 0.8161777 0.4963004 0.7959742 0.4940166 0.8161777 0.4911134 0.8217351 0.4911134 0.8115871 0.4736809 0.8217351 0.4911134 0.8115871 0.4911134 0.8217351 0.4940166 0.8161777 0.4736809 0.8217351 0.4731447 0.831482 0.4911134 0.8217351 0.4911134 0.831482 0.4911134 0.8217351 0.4731447 0.831482 0.4911134 0.8217351 0.4911134 0.831482 0.4940166 0.8161777 0.4731447 0.831482 0.4731447 0.8419582 0.4911134 0.831482 0.4940166 0.8161777 0.4940166 0.8366174 0.4963004 0.8161777 0.4940166 0.8366174 0.4940166 0.8161777 0.4911134 0.831482 0.4963004 0.8366174 0.4963004 0.8161777 0.4940166 0.8366174 0.4963004 0.8366174 0.4940166 0.8366174 0.4963004 0.8573371 0.4911134 0.8419582 0.4911134 0.831482 0.4731447 0.8419582 0.4940166 0.8366174 0.4911134 0.831482 0.4911134 0.8419582 0.4731447 0.8419582 0.4731447 0.8518508 0.4911134 0.8419582 0.4940166 0.8573371 0.4963004 0.8573371 0.4940166 0.8366174 0.4911134 0.8518508 0.4911134 0.8419582 0.4731447 0.8518508 0.4911134 0.8419582 0.4911134 0.8518508 0.4940166 0.8366174 0.4940166 0.8573371 0.4940166 0.8366174 0.4911134 0.8518508 0.4731447 0.8518508 0.4731447 0.8622218 0.4911134 0.8518508 0.4963004 0.8573371 0.4940166 0.8573371 0.4963004 0.8773419 0.4911134 0.8622218 0.4911134 0.8518508 0.4731447 0.8622218 0.4911134 0.8518508 0.4911134 0.8622218 0.4940166 0.8573371 0.4731447 0.8622218 0.4731447 0.8724114 0.4911134 0.8622218 0.4911134 0.8724114 0.4911134 0.8622218 0.4731447 0.8724114 0.4911134 0.8622218 0.4911134 0.8724114 0.4940166 0.8573371 0.4731447 0.8724114 0.4738005 0.8828342 0.4911134 0.8724114 0.4940166 0.8773419 0.4963004 0.8773419 0.4940166 0.8573371 0.4940166 0.8773419 0.4940166 0.8573371 0.4911134 0.8724114 0.4963004 0.8773419 0.4940166 0.8773419 0.4963004 0.8980443 0.4911134 0.8828342 0.4911134 0.8724114 0.4738005 0.8828342 0.4911134 0.8724114 0.4911134 0.8828342 0.4940166 0.8773419 0.4738005 0.8828342 0.4742377 0.8930305 0.4911134 0.8828342 0.4911134 0.8930305 0.4911134 0.8828342 0.4742377 0.8930305 0.4911134 0.8828342 0.4911134 0.8930305 0.4940166 0.8773419 0.4742377 0.8930305 0.4748936 0.9037389 0.4911134 0.8930305 0.4940166 0.8980443 0.4963004 0.8980443 0.4940166 0.8773419 0.4940166 0.8980443 0.4940166 0.8773419 0.4911134 0.8930305 0.4963004 0.8980443 0.4940166 0.8980443 0.4963004 0.9187685 0.4911134 0.9037389 0.4911134 0.8930305 0.4748936 0.9037389 0.4940166 0.8980443 0.4911134 0.8930305 0.4911134 0.9037389 0.4748936 0.9037389 0.4744564 0.9136401 0.4911134 0.9037389 0.4940166 0.9187685 0.4963004 0.9187685 0.4940166 0.8980443 0.4911134 0.9136401 0.4911134 0.9037389 0.4744564 0.9136401 0.4911134 0.9037389 0.4911134 0.9136401 0.4940166 0.8980443 0.4940166 0.9187685 0.4940166 0.8980443 0.4911134 0.9136401 0.4744564 0.9136401 0.4740192 0.9244026 0.4911134 0.9136401 0.4963004 0.9187685 0.4940166 0.9187685 0.4963004 0.9398759 0.4911134 0.9244026 0.4911134 0.9136401 0.4740192 0.9244026 0.4940166 0.9187685 0.4911134 0.9136401 0.4911134 0.9244026 0.4740192 0.9244026 0.4731447 0.9348868 0.4911134 0.9244026 0.4940166 0.9398759 0.4963004 0.9398759 0.4940166 0.9187685 0.4911134 0.9348868 0.4911134 0.9244026 0.4731447 0.9348868 0.4911134 0.9244026 0.4911134 0.9348868 0.4940166 0.9187685 0.4940166 0.9398759 0.4940166 0.9187685 0.4911134 0.9348868 0.4731447 0.9348868 0.4731447 0.9449499 0.4911134 0.9348868 0.4963004 0.9398759 0.4940166 0.9398759 0.4963004 0.9597113 0.4911134 0.9449499 0.4911134 0.9348868 0.4731447 0.9449499 0.4940166 0.9398759 0.4911134 0.9348868 0.4911134 0.9449499 0.4731447 0.9449499 0.4731447 0.9542236 0.4911134 0.9449499 0.4940166 0.9597113 0.4963004 0.9597113 0.4940166 0.9398759 0.4963004 0.9597113 0.4940166 0.9597113 0.4963004 0.9805347 0.4940166 0.9805347 0.4963004 0.9805347 0.4940166 0.9597113 0.4911134 0.9449499 0.4911134 0.9542236 0.4940166 0.9398759 0.4911134 0.9542236 0.4911134 0.9449499 0.4731447 0.9542236 0.4940166 0.9597113 0.4940166 0.9398759 0.4911134 0.9542236 0.4731447 0.9542236 0.4731447 0.9647732 0.4911134 0.9542236 0.4940166 0.9597113 0.4911134 0.9542236 0.4911134 0.9647732 0.4911134 0.9647732 0.4911134 0.9542236 0.4731447 0.9647732 0.4940166 0.9805347 0.4940166 0.9597113 0.4911134 0.9754692 0.4911134 0.9647732 0.4911134 0.9754692 0.4940166 0.9597113 0.4911134 0.9647732 0.4731447 0.9647732 0.4911134 0.9754692 0.4940166 0.9805347 0.4911134 0.9754692 0.4911134 0.986086 0.4731447 0.9754692 0.4911134 0.9754692 0.4731447 0.9647732 0.4911134 0.986086 0.4911134 0.9754692 0.4731447 0.986086 0.4731447 0.9754692 0.4731447 0.986086 0.4911134 0.9754692 0.7313708 0.13209 0.7508602 0.132787 0.7376632 0.1786683 0.7546771 0.1799631 0.7376632 0.1786683 0.7508602 0.132787 0.7376632 0.1786683 0.7546771 0.1799631 0.7168743 0.2527472 0.7474645 0.2433589 0.7168743 0.2527472 0.7546771 0.1799631 0.7829657 0.1822205 0.7546771 0.1799631 0.7508602 0.132787 0.7474645 0.2433589 0.7546771 0.1799631 0.7829657 0.1822205 0.7829657 0.1822205 0.7508602 0.132787 0.7819238 0.1332404 0.7829735 0.2359929 0.7474645 0.2433589 0.7829657 0.1822205 0.7819238 0.1332404 0.8166795 0.1387007 0.7829657 0.1822205 0.7829657 0.1822205 0.8108944 0.1822754 0.7829735 0.2359929 0.8108944 0.1822754 0.7829657 0.1822205 0.8166795 0.1387007 0.8138088 0.2255406 0.7829735 0.2359929 0.8108944 0.1822754 0.8166795 0.1387007 0.8415673 0.1500241 0.8108944 0.1822754 0.8108944 0.1822754 0.8414842 0.2138307 0.8138088 0.2255406 0.8108944 0.1822754 0.8415673 0.1500241 0.8556324 0.1638361 0.8108944 0.1822754 0.8547046 0.2009326 0.8414842 0.2138307 0.8108944 0.1822754 0.8556324 0.1638361 0.860627 0.1827591 0.860627 0.1827591 0.8547046 0.2009326 0.8108944 0.1822754 0.7313708 0.13209 0.7376632 0.1786683 0.7508602 0.132787 0.7508602 0.132787 0.7376632 0.1786683 0.7546771 0.1799631 0.7168743 0.2527472 0.7546771 0.1799631 0.7376632 0.1786683 0.7474645 0.2433589 0.7546771 0.1799631 0.7168743 0.2527472 0.7508602 0.132787 0.7546771 0.1799631 0.7829657 0.1822205 0.7829657 0.1822205 0.7546771 0.1799631 0.7474645 0.2433589 0.7819238 0.1332404 0.7508602 0.132787 0.7829657 0.1822205 0.7829657 0.1822205 0.7474645 0.2433589 0.7829735 0.2359929 0.7819238 0.1332404 0.7829657 0.1822205 0.8166795 0.1387007 0.7829735 0.2359929 0.8108944 0.1822754 0.7829657 0.1822205 0.8166795 0.1387007 0.7829657 0.1822205 0.8108944 0.1822754 0.8138088 0.2255406 0.8108944 0.1822754 0.7829735 0.2359929 0.8108944 0.1822754 0.8415673 0.1500241 0.8166795 0.1387007 0.8138088 0.2255406 0.8414842 0.2138307 0.8108944 0.1822754 0.8556324 0.1638361 0.8415673 0.1500241 0.8108944 0.1822754 0.8414842 0.2138307 0.8547046 0.2009326 0.8108944 0.1822754 0.860627 0.1827591 0.8556324 0.1638361 0.8108944 0.1822754 0.8108944 0.1822754 0.8547046 0.2009326 0.860627 0.1827591 0.749737 0.08582186 0.7626224 0.08582186 0.7488296 0.0452727 0.7488296 0.0452727 0.7626224 0.08582186 0.7787506 0.05379325 0.7626224 0.08582186 0.7746559 0.08582186 0.7787506 0.05379325 0.8058091 0.03214609 0.7488296 0.0452727 0.7787506 0.05379325 0.7488296 0.0452727 0.8058091 0.03214609 0.8045992 0.01969492 0.7787506 0.05379325 0.7746559 0.08582186 0.8058091 0.05841171 0.8058091 0.05841171 0.8058091 0.03214609 0.7787506 0.05379325 0.7746559 0.08582186 0.8058091 0.08582186 0.8058091 0.05841171 0.8058091 0.03214609 0.8659734 0.0473923 0.8045992 0.01969492 0.8346668 0.08582186 0.8058091 0.05841171 0.8058091 0.08582186 0.8058091 0.05841171 0.8316438 0.05304759 0.8058091 0.03214609 0.8316438 0.05304759 0.8058091 0.05841171 0.8346668 0.08582186 0.8659734 0.0473923 0.8058091 0.03214609 0.8316438 0.05304759 0.8316438 0.05304759 0.8346668 0.08582186 0.843218 0.08582186 0.843218 0.08582186 0.8659734 0.0473923 0.8316438 0.05304759 0.8659734 0.08580124 0.8659734 0.0473923 0.843218 0.08582186 0.7488296 0.0452727 0.7626224 0.08582186 0.749737 0.08582186 0.7787506 0.05379325 0.7626224 0.08582186 0.7488296 0.0452727 0.7787506 0.05379325 0.7746559 0.08582186 0.7626224 0.08582186 0.7787506 0.05379325 0.7488296 0.0452727 0.8058091 0.03214609 0.8045992 0.01969492 0.8058091 0.03214609 0.7488296 0.0452727 0.8058091 0.05841171 0.7746559 0.08582186 0.7787506 0.05379325 0.7787506 0.05379325 0.8058091 0.03214609 0.8058091 0.05841171 0.8058091 0.05841171 0.8058091 0.08582186 0.7746559 0.08582186 0.8045992 0.01969492 0.8659734 0.0473923 0.8058091 0.03214609 0.8058091 0.08582186 0.8058091 0.05841171 0.8346668 0.08582186 0.8058091 0.03214609 0.8316438 0.05304759 0.8058091 0.05841171 0.8346668 0.08582186 0.8058091 0.05841171 0.8316438 0.05304759 0.8316438 0.05304759 0.8058091 0.03214609 0.8659734 0.0473923 0.843218 0.08582186 0.8346668 0.08582186 0.8316438 0.05304759 0.8316438 0.05304759 0.8659734 0.0473923 0.843218 0.08582186 0.843218 0.08582186 0.8659734 0.0473923 0.8659734 0.08580124 0.5332184 0.3019149 0.5405286 0.2909004 0.5583605 0.2998803 0.5599672 0.2878892 0.5583605 0.2998803 0.5405286 0.2909004 0.5619379 0.2651547 0.5599672 0.2878892 0.5405286 0.2909004 0.5619379 0.2651547 0.5405286 0.2909004 0.5399085 0.2653585 0.5619379 0.2651547 0.5399085 0.2653585 0.5432323 0.2404065 0.5583605 0.2998803 0.5599672 0.2878892 0.5772586 0.2883337 0.5965922 0.3005383 0.5583605 0.2998803 0.5772586 0.2883337 0.5619379 0.2651547 0.5791731 0.2651402 0.5599672 0.2878892 0.5772586 0.2883337 0.5599672 0.2878892 0.5791731 0.2651402 0.5619379 0.2651547 0.5432323 0.2404065 0.5634281 0.237471 0.5619379 0.2651547 0.5634281 0.237471 0.5791731 0.2651402 0.5634281 0.237471 0.5432323 0.2404065 0.5381411 0.1915546 0.5772586 0.2883337 0.5973294 0.2879269 0.5965922 0.3005383 0.5381411 0.1915546 0.5584345 0.1936433 0.5634281 0.237471 0.5584345 0.1936433 0.5381411 0.1915546 0.5265058 0.1541776 0.5772586 0.2883337 0.597275 0.2653962 0.5973294 0.2879269 0.5772586 0.2883337 0.5791731 0.2651402 0.597275 0.2653962 0.5965922 0.3005383 0.5973294 0.2879269 0.6182482 0.2851036 0.5973294 0.2879269 0.597275 0.2653962 0.6182482 0.2851036 0.6404038 0.2940394 0.5965922 0.3005383 0.6182482 0.2851036 0.5792297 0.2363459 0.5791731 0.2651402 0.5634281 0.237471 0.5792297 0.2363459 0.597275 0.2653962 0.5791731 0.2651402 0.5634281 0.237471 0.5584345 0.1936433 0.5792297 0.2363459 0.6165117 0.2654551 0.6182482 0.2851036 0.597275 0.2653962 0.5792297 0.2363459 0.5975245 0.2349827 0.597275 0.2653962 0.597275 0.2653962 0.5975245 0.2349827 0.6165117 0.2654551 0.6404038 0.2940394 0.6182482 0.2851036 0.6363978 0.2813281 0.6165117 0.2654551 0.6363978 0.2813281 0.6182482 0.2851036 0.6501809 0.2756393 0.6404038 0.2940394 0.6363978 0.2813281 0.6706564 0.2767974 0.6404038 0.2940394 0.6501809 0.2756393 0.6363978 0.2813281 0.6165117 0.2654551 0.6340553 0.2643091 0.6363978 0.2813281 0.6340553 0.2643091 0.6501809 0.2756393 0.6144903 0.2345697 0.6165117 0.2654551 0.5975245 0.2349827 0.6144903 0.2345697 0.6340553 0.2643091 0.6165117 0.2654551 0.5764276 0.1955601 0.5975245 0.2349827 0.5792297 0.2363459 0.5764276 0.1955601 0.5792297 0.2363459 0.5584345 0.1936433 0.5975245 0.2349827 0.5979396 0.1978321 0.6144903 0.2345697 0.5764276 0.1955601 0.5979396 0.1978321 0.5975245 0.2349827 0.5764276 0.1955601 0.5584345 0.1936433 0.5740635 0.1693463 0.5740635 0.1693463 0.5979396 0.1978321 0.5764276 0.1955601 0.5554129 0.164449 0.5584345 0.1936433 0.5265058 0.1541776 0.5554129 0.164449 0.5740635 0.1693463 0.5584345 0.1936433 0.5170753 0.1358399 0.5554129 0.164449 0.5265058 0.1541776 0.5554129 0.164449 0.5170753 0.1358399 0.5537329 0.1495466 0.5740635 0.1693463 0.5554129 0.164449 0.5537329 0.1495466 0.5537329 0.1495466 0.596627 0.159578 0.5740635 0.1693463 0.596627 0.159578 0.5969111 0.1759989 0.5740635 0.1693463 0.5740635 0.1693463 0.5969111 0.1759989 0.5979396 0.1978321 0.6154977 0.1812593 0.5969111 0.1759989 0.596627 0.159578 0.5969111 0.1759989 0.6154977 0.1812593 0.5979396 0.1978321 0.596627 0.159578 0.6351568 0.1724718 0.6154977 0.1812593 0.6146139 0.2006879 0.5979396 0.1978321 0.6154977 0.1812593 0.6146139 0.2006879 0.6144903 0.2345697 0.5979396 0.1978321 0.6351568 0.1724718 0.6328102 0.1878325 0.6154977 0.1812593 0.6154977 0.1812593 0.6328102 0.1878325 0.6146139 0.2006879 0.6146139 0.2006879 0.6306026 0.2345064 0.6144903 0.2345697 0.6144903 0.2345697 0.6306026 0.2345064 0.6340553 0.2643091 0.6146139 0.2006879 0.6316314 0.2033751 0.6306026 0.2345064 0.6146139 0.2006879 0.6328102 0.1878325 0.6316314 0.2033751 0.6306026 0.2345064 0.6448215 0.2346551 0.6340553 0.2643091 0.6306026 0.2345064 0.6316314 0.2033751 0.6448215 0.2346551 0.6463388 0.1949797 0.6328102 0.1878325 0.6351568 0.1724718 0.6351568 0.1724718 0.6689994 0.1914082 0.6463388 0.1949797 0.6316314 0.2033751 0.6328102 0.1878325 0.6455348 0.2072837 0.6463388 0.1949797 0.6455348 0.2072837 0.6328102 0.1878325 0.6455348 0.2072837 0.6448215 0.2346551 0.6316314 0.2033751 0.6689994 0.1914082 0.661174 0.2031942 0.6463388 0.1949797 0.6463388 0.1949797 0.661174 0.2031942 0.6455348 0.2072837 0.661174 0.2031942 0.6689994 0.1914082 0.6738057 0.2171493 0.6848113 0.2093893 0.6738057 0.2171493 0.6689994 0.1914082 0.6562983 0.21239 0.6455348 0.2072837 0.661174 0.2031942 0.661174 0.2031942 0.6738057 0.2171493 0.6562983 0.21239 0.6448215 0.2346551 0.6455348 0.2072837 0.6562983 0.21239 0.6848113 0.2093893 0.6918382 0.2329295 0.6738057 0.2171493 0.6475946 0.261772 0.6340553 0.2643091 0.6448215 0.2346551 0.6475946 0.261772 0.6501809 0.2756393 0.6340553 0.2643091 0.6594154 0.2561622 0.6475946 0.261772 0.6448215 0.2346551 0.6475946 0.261772 0.6594154 0.2561622 0.6501809 0.2756393 0.6562983 0.21239 0.6562615 0.2341535 0.6448215 0.2346551 0.6448215 0.2346551 0.6562615 0.2341535 0.6594154 0.2561622 0.6664823 0.2235862 0.6562983 0.21239 0.6738057 0.2171493 0.6664823 0.2235862 0.6562615 0.2341535 0.6562983 0.21239 0.6738057 0.2171493 0.6798428 0.2331479 0.6664823 0.2235862 0.6798428 0.2331479 0.6738057 0.2171493 0.6918382 0.2329295 0.6702836 0.2337745 0.6562615 0.2341535 0.6664823 0.2235862 0.6702836 0.2337745 0.6664823 0.2235862 0.6798428 0.2331479 0.6798428 0.2331479 0.6918382 0.2329295 0.6752595 0.2505882 0.6798428 0.2331479 0.6752595 0.2505882 0.6702836 0.2337745 0.686248 0.2571051 0.6752595 0.2505882 0.6918382 0.2329295 0.667123 0.2450106 0.6562615 0.2341535 0.6702836 0.2337745 0.667123 0.2450106 0.6702836 0.2337745 0.6752595 0.2505882 0.6594154 0.2561622 0.6562615 0.2341535 0.667123 0.2450106 0.6752595 0.2505882 0.686248 0.2571051 0.6646789 0.2651586 0.6752595 0.2505882 0.6646789 0.2651586 0.667123 0.2450106 0.6594154 0.2561622 0.667123 0.2450106 0.6646789 0.2651586 0.6646789 0.2651586 0.6501809 0.2756393 0.6594154 0.2561622 0.6706564 0.2767974 0.6646789 0.2651586 0.686248 0.2571051 0.6706564 0.2767974 0.6501809 0.2756393 0.6646789 0.2651586 0.5583605 0.2998803 0.5405286 0.2909004 0.5332184 0.3019149 0.5599672 0.2878892 0.5405286 0.2909004 0.5583605 0.2998803 0.5405286 0.2909004 0.5599672 0.2878892 0.5619379 0.2651547 0.5399085 0.2653585 0.5405286 0.2909004 0.5619379 0.2651547 0.5432323 0.2404065 0.5399085 0.2653585 0.5619379 0.2651547 0.5772586 0.2883337 0.5599672 0.2878892 0.5583605 0.2998803 0.5772586 0.2883337 0.5583605 0.2998803 0.5965922 0.3005383 0.5619379 0.2651547 0.5599672 0.2878892 0.5791731 0.2651402 0.5791731 0.2651402 0.5599672 0.2878892 0.5772586 0.2883337 0.5634281 0.237471 0.5432323 0.2404065 0.5619379 0.2651547 0.5619379 0.2651547 0.5791731 0.2651402 0.5634281 0.237471 0.5381411 0.1915546 0.5432323 0.2404065 0.5634281 0.237471 0.5965922 0.3005383 0.5973294 0.2879269 0.5772586 0.2883337 0.5634281 0.237471 0.5584345 0.1936433 0.5381411 0.1915546 0.5265058 0.1541776 0.5381411 0.1915546 0.5584345 0.1936433 0.6182482 0.2851036 0.5973294 0.2879269 0.5965922 0.3005383 0.6182482 0.2851036 0.5965922 0.3005383 0.6404038 0.2940394 0.5973294 0.2879269 0.597275 0.2653962 0.5772586 0.2883337 0.5973294 0.2879269 0.6182482 0.2851036 0.597275 0.2653962 0.597275 0.2653962 0.5791731 0.2651402 0.5772586 0.2883337 0.5634281 0.237471 0.5791731 0.2651402 0.5792297 0.2363459 0.5791731 0.2651402 0.597275 0.2653962 0.5792297 0.2363459 0.5634281 0.237471 0.5792297 0.2363459 0.5584345 0.1936433 0.597275 0.2653962 0.6182482 0.2851036 0.6165117 0.2654551 0.597275 0.2653962 0.5975245 0.2349827 0.5792297 0.2363459 0.597275 0.2653962 0.6165117 0.2654551 0.5975245 0.2349827 0.5584345 0.1936433 0.5792297 0.2363459 0.5764276 0.1955601 0.5792297 0.2363459 0.5975245 0.2349827 0.5764276 0.1955601 0.6182482 0.2851036 0.6363978 0.2813281 0.6165117 0.2654551 0.6363978 0.2813281 0.6182482 0.2851036 0.6404038 0.2940394 0.5975245 0.2349827 0.6165117 0.2654551 0.6144903 0.2345697 0.6363978 0.2813281 0.6404038 0.2940394 0.6501809 0.2756393 0.6501809 0.2756393 0.6404038 0.2940394 0.6706564 0.2767974 0.6340553 0.2643091 0.6165117 0.2654551 0.6363978 0.2813281 0.6363978 0.2813281 0.6501809 0.2756393 0.6340553 0.2643091 0.6165117 0.2654551 0.6340553 0.2643091 0.6144903 0.2345697 0.6646789 0.2651586 0.6501809 0.2756393 0.6706564 0.2767974 0.6706564 0.2767974 0.686248 0.2571051 0.6646789 0.2651586 0.6340553 0.2643091 0.6501809 0.2756393 0.6475946 0.261772 0.6646789 0.2651586 0.686248 0.2571051 0.6752595 0.2505882 0.6918382 0.2329295 0.6752595 0.2505882 0.686248 0.2571051 0.6646789 0.2651586 0.6594154 0.2561622 0.6501809 0.2756393 0.6501809 0.2756393 0.6594154 0.2561622 0.6475946 0.261772 0.6752595 0.2505882 0.667123 0.2450106 0.6646789 0.2651586 0.6646789 0.2651586 0.667123 0.2450106 0.6594154 0.2561622 0.6798428 0.2331479 0.6752595 0.2505882 0.6918382 0.2329295 0.6752595 0.2505882 0.6702836 0.2337745 0.667123 0.2450106 0.6798428 0.2331479 0.6702836 0.2337745 0.6752595 0.2505882 0.667123 0.2450106 0.6562615 0.2341535 0.6594154 0.2561622 0.6702836 0.2337745 0.6562615 0.2341535 0.667123 0.2450106 0.6448215 0.2346551 0.6475946 0.261772 0.6594154 0.2561622 0.6594154 0.2561622 0.6562615 0.2341535 0.6448215 0.2346551 0.6448215 0.2346551 0.6340553 0.2643091 0.6475946 0.261772 0.6664823 0.2235862 0.6562615 0.2341535 0.6702836 0.2337745 0.6702836 0.2337745 0.6798428 0.2331479 0.6664823 0.2235862 0.6562983 0.21239 0.6562615 0.2341535 0.6664823 0.2235862 0.6448215 0.2346551 0.6562615 0.2341535 0.6562983 0.21239 0.6664823 0.2235862 0.6798428 0.2331479 0.6738057 0.2171493 0.6798428 0.2331479 0.6918382 0.2329295 0.6738057 0.2171493 0.6738057 0.2171493 0.6562983 0.21239 0.6664823 0.2235862 0.6738057 0.2171493 0.6918382 0.2329295 0.6848113 0.2093893 0.6848113 0.2093893 0.6689994 0.1914082 0.6738057 0.2171493 0.661174 0.2031942 0.6562983 0.21239 0.6738057 0.2171493 0.6738057 0.2171493 0.6689994 0.1914082 0.661174 0.2031942 0.6562983 0.21239 0.661174 0.2031942 0.6455348 0.2072837 0.6562983 0.21239 0.6455348 0.2072837 0.6448215 0.2346551 0.6463388 0.1949797 0.661174 0.2031942 0.6689994 0.1914082 0.6455348 0.2072837 0.661174 0.2031942 0.6463388 0.1949797 0.6463388 0.1949797 0.6689994 0.1914082 0.6351568 0.1724718 0.6328102 0.1878325 0.6455348 0.2072837 0.6463388 0.1949797 0.6351568 0.1724718 0.6328102 0.1878325 0.6463388 0.1949797 0.6316314 0.2033751 0.6448215 0.2346551 0.6455348 0.2072837 0.6316314 0.2033751 0.6455348 0.2072837 0.6328102 0.1878325 0.6306026 0.2345064 0.6448215 0.2346551 0.6316314 0.2033751 0.6306026 0.2345064 0.6340553 0.2643091 0.6448215 0.2346551 0.6340553 0.2643091 0.6306026 0.2345064 0.6144903 0.2345697 0.6306026 0.2345064 0.6316314 0.2033751 0.6146139 0.2006879 0.6144903 0.2345697 0.6306026 0.2345064 0.6146139 0.2006879 0.6316314 0.2033751 0.6328102 0.1878325 0.6146139 0.2006879 0.6154977 0.1812593 0.6328102 0.1878325 0.6351568 0.1724718 0.6146139 0.2006879 0.6328102 0.1878325 0.6154977 0.1812593 0.6154977 0.1812593 0.6351568 0.1724718 0.596627 0.159578 0.5979396 0.1978321 0.6144903 0.2345697 0.6146139 0.2006879 0.6146139 0.2006879 0.6154977 0.1812593 0.5979396 0.1978321 0.5975245 0.2349827 0.6144903 0.2345697 0.5979396 0.1978321 0.5975245 0.2349827 0.5979396 0.1978321 0.5764276 0.1955601 0.596627 0.159578 0.5969111 0.1759989 0.6154977 0.1812593 0.5979396 0.1978321 0.6154977 0.1812593 0.5969111 0.1759989 0.5740635 0.1693463 0.5969111 0.1759989 0.596627 0.159578 0.5979396 0.1978321 0.5969111 0.1759989 0.5740635 0.1693463 0.5764276 0.1955601 0.5979396 0.1978321 0.5740635 0.1693463 0.5740635 0.1693463 0.596627 0.159578 0.5537329 0.1495466 0.5764276 0.1955601 0.5740635 0.1693463 0.5584345 0.1936433 0.5537329 0.1495466 0.5554129 0.164449 0.5740635 0.1693463 0.5584345 0.1936433 0.5740635 0.1693463 0.5554129 0.164449 0.5537329 0.1495466 0.5170753 0.1358399 0.5554129 0.164449 0.5265058 0.1541776 0.5584345 0.1936433 0.5554129 0.164449 0.5265058 0.1541776 0.5554129 0.164449 0.5170753 0.1358399 0.4457077 0.7836865 0.3575484 0.8595888 0.4341296 0.7717676 0.4551389 0.7973673 0.3575484 0.8595888 0.4457077 0.7836865 0.4622903 0.8123664 0.3575484 0.8595888 0.4551389 0.7973673 0.4671806 0.8282472 0.3575484 0.8595888 0.4622903 0.8123664 0.4699199 0.8446364 0.3575484 0.8595888 0.4671806 0.8282472 0.4706266 0.8612381 0.3575484 0.8595888 0.4699199 0.8446364 0.4693587 0.8778064 0.3575484 0.8595888 0.4706266 0.8612381 0.4660857 0.8940976 0.3575484 0.8595888 0.4693587 0.8778064 0.4607111 0.9098212 0.3575484 0.8595888 0.4660857 0.8940976 0.4531372 0.9246112 0.3575484 0.8595888 0.4607111 0.9098212 0.4433473 0.9380379 0.3575484 0.8595888 0.4531372 0.9246112 0.4314708 0.9496595 0.3575484 0.8595888 0.4433473 0.9380379 0.4341296 0.7717676 0.3575484 0.8595888 0.4457077 0.7836865 0.4457077 0.7836865 0.3575484 0.8595888 0.4551389 0.7973673 0.4551389 0.7973673 0.3575484 0.8595888 0.4622903 0.8123664 0.4622903 0.8123664 0.3575484 0.8595888 0.4671806 0.8282472 0.4671806 0.8282472 0.3575484 0.8595888 0.4699199 0.8446364 0.4699199 0.8446364 0.3575484 0.8595888 0.4706266 0.8612381 0.4706266 0.8612381 0.3575484 0.8595888 0.4693587 0.8778064 0.4693587 0.8778064 0.3575484 0.8595888 0.4660857 0.8940976 0.4660857 0.8940976 0.3575484 0.8595888 0.4607111 0.9098212 0.4607111 0.9098212 0.3575484 0.8595888 0.4531372 0.9246112 0.4531372 0.9246112 0.3575484 0.8595888 0.4433473 0.9380379 0.4433473 0.9380379 0.3575484 0.8595888 0.4314708 0.9496595 0.7265374 0.7477112 0.745076 0.7315274 0.7698105 0.790356 0.7265374 0.7477112 0.7698105 0.790356 0.7404693 0.813349 0.7372134 0.7188148 0.745076 0.7315274 0.7265374 0.7477112 0.7265374 0.7477112 0.7404693 0.813349 0.6885652 0.7916781 0.7265374 0.7477112 0.6796733 0.7280852 0.7372134 0.7188148 0.7063846 0.8362835 0.6885652 0.7916781 0.7404693 0.813349 0.7372134 0.7188148 0.6796733 0.7280852 0.6885833 0.7005026 0.6885652 0.7916781 0.7063846 0.8362835 0.6711851 0.8097217 0.6796733 0.7280852 0.6212484 0.7223927 0.6885833 0.7005026 0.6560454 0.8254395 0.6711851 0.8097217 0.7063846 0.8362835 0.6885833 0.7005026 0.6212484 0.7223927 0.6250143 0.6957963 0.6810348 0.8537372 0.6560454 0.8254395 0.7063846 0.8362835 0.6212484 0.7223927 0.5739164 0.7061449 0.6250143 0.6957963 0.6810348 0.8537372 0.6605837 0.8659143 0.6560454 0.8254395 0.5586804 0.7298656 0.5739164 0.7061449 0.6212484 0.7223927 0.6218295 0.8218091 0.6560454 0.8254395 0.6605837 0.8659143 0.5586804 0.7298656 0.5313456 0.7121653 0.5739164 0.7061449 0.6605837 0.8659143 0.6391641 0.8774576 0.6218295 0.8218091 0.5308486 0.7318071 0.5313456 0.7121653 0.5586804 0.7298656 0.6391641 0.8774576 0.6019805 0.8442816 0.6218295 0.8218091 0.5586804 0.7298656 0.5579748 0.7506938 0.5308486 0.7318071 0.6019805 0.8442816 0.5922256 0.8002052 0.6218295 0.8218091 0.5308486 0.7318071 0.5579748 0.7506938 0.5312535 0.7522234 0.5922256 0.8002052 0.6019805 0.8442816 0.574402 0.8182378 0.5579748 0.7506938 0.5332834 0.7732473 0.5312535 0.7522234 0.5922256 0.8002052 0.574402 0.8182378 0.561163 0.7723984 0.561163 0.7723984 0.5332834 0.7732473 0.5579748 0.7506938 0.574402 0.8182378 0.5332834 0.7732473 0.561163 0.7723984 0.9846983 0.03841471 0.9851436 0.05456662 0.9965375 0.0546652 0.9846983 0.03841471 0.9608875 0.02555823 0.9851436 0.05456662 0.9851436 0.05456662 0.9848497 0.06862843 0.9965375 0.0546652 0.9632157 0.05460071 0.9851436 0.05456662 0.9608875 0.02555823 0.9851436 0.05456662 0.9632157 0.05460071 0.9848497 0.06862843 0.9608875 0.02555823 0.9303444 0.0182749 0.9632157 0.05460071 0.9610381 0.08436417 0.9848497 0.06862843 0.9632157 0.05460071 0.9632157 0.05460071 0.9302605 0.05455267 0.9610381 0.08436417 0.9302605 0.05455267 0.9632157 0.05460071 0.9303444 0.0182749 0.9296578 0.09056997 0.9610381 0.08436417 0.9302605 0.05455267 0.9302605 0.05455267 0.9303444 0.0182749 0.9054864 0.05450755 0.9302605 0.05455267 0.9054864 0.05450755 0.9296578 0.09056997 0.9050793 0.02578788 0.9054864 0.05450755 0.9303444 0.0182749 0.9041617 0.08208143 0.9296578 0.09056997 0.9054864 0.05450755 0.9054864 0.05450755 0.9050793 0.02578788 0.8894869 0.05512768 0.9041617 0.08208143 0.9054864 0.05450755 0.8894869 0.05512768 0.9965375 0.0546652 0.9851436 0.05456662 0.9846983 0.03841471 0.9965375 0.0546652 0.9848497 0.06862843 0.9851436 0.05456662 0.9846983 0.03841471 0.9851436 0.05456662 0.9608875 0.02555823 0.9851436 0.05456662 0.9848497 0.06862843 0.9632157 0.05460071 0.9608875 0.02555823 0.9851436 0.05456662 0.9632157 0.05460071 0.9632157 0.05460071 0.9848497 0.06862843 0.9610381 0.08436417 0.9608875 0.02555823 0.9632157 0.05460071 0.9303444 0.0182749 0.9632157 0.05460071 0.9610381 0.08436417 0.9302605 0.05455267 0.9303444 0.0182749 0.9632157 0.05460071 0.9302605 0.05455267 0.9302605 0.05455267 0.9610381 0.08436417 0.9296578 0.09056997 0.9302605 0.05455267 0.9054864 0.05450755 0.9303444 0.0182749 0.9296578 0.09056997 0.9054864 0.05450755 0.9302605 0.05455267 0.9303444 0.0182749 0.9054864 0.05450755 0.9050793 0.02578788 0.9041617 0.08208143 0.9054864 0.05450755 0.9296578 0.09056997 0.8894869 0.05512768 0.9050793 0.02578788 0.9054864 0.05450755 0.8894869 0.05512768 0.9054864 0.05450755 0.9041617 0.08208143 0.1102339 0.0684114 0.1102339 0.08921486 0.1190125 0.07103693 0.1102339 0.08921486 0.1190125 0.09440803 0.1190125 0.07103693 0.08353626 0.0694096 0.1102339 0.08921486 0.1102339 0.0684114 0.1190125 0.09440803 0.1102339 0.08921486 0.1190125 0.1133279 0.08906459 0.0873267 0.1102339 0.08921486 0.08353626 0.0694096 0.05439162 0.094392 0.08906459 0.0873267 0.08353626 0.0694096 0.1190125 0.1133279 0.1102339 0.08921486 0.1102339 0.1133279 0.1190125 0.1133279 0.1102339 0.1133279 0.1190125 0.1341437 0.08906459 0.0873267 0.09439426 0.1090495 0.1102339 0.08921486 0.1102339 0.08921486 0.09439426 0.1090495 0.1102339 0.1133279 0.0736404 0.1007721 0.08906459 0.0873267 0.05439162 0.094392 0.0736404 0.1007721 0.09439426 0.1090495 0.08906459 0.0873267 0.05439162 0.094392 0.07419919 0.1244701 0.0736404 0.1007721 0.0736404 0.1007721 0.07419919 0.1244701 0.09439426 0.1090495 0.05589932 0.1338722 0.07419919 0.1244701 0.05439162 0.094392 0.07419919 0.1244701 0.08801454 0.1339625 0.09439426 0.1090495 0.07419919 0.1244701 0.05589932 0.1338722 0.08801454 0.1339625 0.09439426 0.1090495 0.08801454 0.1339625 0.1102339 0.1133279 0.08801454 0.1339625 0.05589932 0.1338722 0.07655662 0.1529077 0.07655662 0.1529077 0.1102339 0.1583706 0.08801454 0.1339625 0.1102339 0.1133279 0.08801454 0.1339625 0.1102339 0.135452 0.08801454 0.1339625 0.1102339 0.1583706 0.1102339 0.135452 0.1190125 0.1341437 0.1102339 0.1133279 0.1102339 0.135452 0.1190125 0.1574829 0.1102339 0.135452 0.1102339 0.1583706 0.1190125 0.1341437 0.1102339 0.135452 0.1190125 0.1574829 0.1190125 0.07103693 0.1102339 0.08921486 0.1102339 0.0684114 0.1190125 0.07103693 0.1190125 0.09440803 0.1102339 0.08921486 0.1102339 0.0684114 0.1102339 0.08921486 0.08353626 0.0694096 0.1190125 0.09440803 0.1190125 0.1133279 0.1102339 0.08921486 0.08906459 0.0873267 0.08353626 0.0694096 0.1102339 0.08921486 0.08353626 0.0694096 0.08906459 0.0873267 0.05439162 0.094392 0.1102339 0.1133279 0.1102339 0.08921486 0.1190125 0.1133279 0.1190125 0.1133279 0.1190125 0.1341437 0.1102339 0.1133279 0.08906459 0.0873267 0.1102339 0.08921486 0.09439426 0.1090495 0.1102339 0.1133279 0.09439426 0.1090495 0.1102339 0.08921486 0.0736404 0.1007721 0.05439162 0.094392 0.08906459 0.0873267 0.08906459 0.0873267 0.09439426 0.1090495 0.0736404 0.1007721 0.0736404 0.1007721 0.07419919 0.1244701 0.05439162 0.094392 0.09439426 0.1090495 0.07419919 0.1244701 0.0736404 0.1007721 0.05589932 0.1338722 0.05439162 0.094392 0.07419919 0.1244701 0.09439426 0.1090495 0.08801454 0.1339625 0.07419919 0.1244701 0.07419919 0.1244701 0.08801454 0.1339625 0.05589932 0.1338722 0.09439426 0.1090495 0.1102339 0.1133279 0.08801454 0.1339625 0.07655662 0.1529077 0.05589932 0.1338722 0.08801454 0.1339625 0.07655662 0.1529077 0.08801454 0.1339625 0.1102339 0.1583706 0.1102339 0.135452 0.08801454 0.1339625 0.1102339 0.1133279 0.1102339 0.135452 0.1102339 0.1583706 0.08801454 0.1339625 0.1102339 0.135452 0.1102339 0.1133279 0.1190125 0.1341437 0.1102339 0.1583706 0.1102339 0.135452 0.1190125 0.1574829 0.1190125 0.1341437 0.1190125 0.1574829 0.1102339 0.135452 0.5985081 0.938249 0.5815898 0.9597775 0.5901841 0.9393886 0.5985081 0.938249 0.5901841 0.9393886 0.5904373 0.9240626 0.5901841 0.9393886 0.5815898 0.9597775 0.558019 0.9492495 0.5815898 0.9597775 0.5603803 0.9666062 0.558019 0.9492495 0.5904373 0.9240626 0.5901841 0.9393886 0.5826744 0.9313219 0.5826744 0.9313219 0.5901841 0.9393886 0.558019 0.9492495 0.5904373 0.9240626 0.5826744 0.9313219 0.5635312 0.9151592 0.5603803 0.9666062 0.5364546 0.9626696 0.558019 0.9492495 0.5635312 0.9151592 0.5826744 0.9313219 0.5619684 0.9242634 0.5619684 0.9242634 0.5826744 0.9313219 0.558019 0.9492495 0.5635312 0.9151592 0.5619684 0.9242634 0.5382091 0.9181629 0.5382091 0.9181629 0.5619684 0.9242634 0.5420786 0.9271395 0.5420786 0.9271395 0.5619684 0.9242634 0.558019 0.9492495 0.5382091 0.9181629 0.5420786 0.9271395 0.5261547 0.9269711 0.5364546 0.9626696 0.5281057 0.9435687 0.558019 0.9492495 0.5364546 0.9626696 0.5197848 0.9430026 0.5281057 0.9435687 0.5347714 0.9349958 0.5420786 0.9271395 0.558019 0.9492495 0.5281057 0.9435687 0.5347714 0.9349958 0.558019 0.9492495 0.5261547 0.9269711 0.5420786 0.9271395 0.5347714 0.9349958 0.5197848 0.9430026 0.5347714 0.9349958 0.5281057 0.9435687 0.5261547 0.9269711 0.5347714 0.9349958 0.5197848 0.9430026 0.5904373 0.9240626 0.5901841 0.9393886 0.5985081 0.938249 0.5985081 0.938249 0.5901841 0.9393886 0.5815898 0.9597775 0.5826744 0.9313219 0.5901841 0.9393886 0.5904373 0.9240626 0.5635312 0.9151592 0.5826744 0.9313219 0.5904373 0.9240626 0.5901841 0.9393886 0.558019 0.9492495 0.5815898 0.9597775 0.5826744 0.9313219 0.558019 0.9492495 0.5901841 0.9393886 0.5815898 0.9597775 0.558019 0.9492495 0.5603803 0.9666062 0.5619684 0.9242634 0.5826744 0.9313219 0.5635312 0.9151592 0.5619684 0.9242634 0.558019 0.9492495 0.5826744 0.9313219 0.5382091 0.9181629 0.5619684 0.9242634 0.5635312 0.9151592 0.5603803 0.9666062 0.558019 0.9492495 0.5364546 0.9626696 0.5420786 0.9271395 0.5619684 0.9242634 0.5382091 0.9181629 0.5420786 0.9271395 0.558019 0.9492495 0.5619684 0.9242634 0.5261547 0.9269711 0.5420786 0.9271395 0.5382091 0.9181629 0.5364546 0.9626696 0.558019 0.9492495 0.5281057 0.9435687 0.5364546 0.9626696 0.5281057 0.9435687 0.5197848 0.9430026 0.5347714 0.9349958 0.558019 0.9492495 0.5420786 0.9271395 0.5281057 0.9435687 0.558019 0.9492495 0.5347714 0.9349958 0.5347714 0.9349958 0.5420786 0.9271395 0.5261547 0.9269711 0.5281057 0.9435687 0.5347714 0.9349958 0.5197848 0.9430026 0.5197848 0.9430026 0.5347714 0.9349958 0.5261547 0.9269711</float_array>
          <technique_common>
            <accessor source="#Untitled-mesh-map-0-array" count="10422" stride="2">
              <param name="S" type="float"/>
              <param name="T" type="float"/>
            </accessor>
          </technique_common>
        </source>
        <source id="Untitled-mesh-colors-Col" name="Col">
          <float_array id="Untitled-mesh-colors-Col-array" count="31266">1 1 1 1 1 1 1 1 1 1 1 1 1 1 1 1 1 1 1 1 1 1 1 1 1 1 1 1 1 1 1 1 1 1 1 1 1 1 1 1 1 1 1 1 1 1 1 1 1 1 1 1 1 1 1 1 1 1 1 1 1 1 1 1 1 1 1 1 1 1 1 1 1 1 1 1 1 1 1 1 1 1 1 1 1 1 1 1 1 1 1 1 1 1 1 1 1 1 1 1 1 1 1 1 1 1 1 1 1 1 1 1 1 1 1 1 1 1 1 1 1 1 1 1 1 1 1 1 1 1 1 1 1 1 1 1 1 1 1 1 1 1 1 1 1 1 1 1 1 1 1 1 1 1 1 1 1 1 1 1 1 1 1 1 1 1 1 1 1 1 1 1 1 1 1 1 1 1 1 1 1 1 1 1 1 1 1 1 1 1 1 1 1 1 1 1 1 1 1 1 1 1 1 1 1 1 1 1 1 1 1 1 1 1 1 1 1 1 1 1 1 1 1 1 1 1 1 1 1 1 1 1 1 1 1 1 1 1 1 1 1 1 1 1 1 1 1 1 1 1 1 1 1 1 1 1 1 1 1 1 1 1 1 1 1 1 1 1 1 1 1 1 1 1 1 1 1 1 1 1 1 1 1 1 1 1 1 1 1 1 1 1 1 1 1 1 1 1 1 1 1 1 1 1 1 1 1 1 1 1 1 1 1 1 1 1 1 1 1 1 1 1 1 1 1 1 1 1 1 1 1 1 1 1 1 1 1 1 1 1 1 1 1 1 1 1 1 1 1 1 1 1 1 1 1 1 1 1 1 1 1 1 1 1 1 1 1 1 1 1 1 1 1 1 1 1 1 1 1 1 1 1 1 1 1 1 1 1 1 1 1 1 1 1 1 1 1 1 1 1 1 1 1 1 1 1 1 1 1 1 1 1 1 1 1 1 1 1 1 1 1 1 1 1 1 1 1 1 1 1 1 1 1 1 1 1 1 1 1 1 1 1 1 1 1 1 1 1 1 1 1 1 1 1 1 1 1 1 1 1 1 1 1 1 1 1 1 1 1 1 1 1 1 1 1 1 1 1 1 1 1 1 1 1 1 1 1 1 1 1 1 1 1 1 1 1 1 1 1 1 1 1 1 1 1 1 1 1 1 1 1 1 1 1 1 1 1 1 1 1 1 1 1 1 1 1 1 1 1 1 1 1 1 1 1 1 1 1 1 1 1 1 1 1 1 1 1 1 1 1 1 1 1 1 1 1 1 1 1 1 1 1 1 1 1 1 1 1 1 1 1 1 1 1 1 1 1 1 1 1 1 1 1 1 1 1 1 1 1 1 1 1 1 1 1 1 1 1 1 1 1 1 1 1 1 1 1 1 1 1 1 1 1 1 1 1 1 1 1 1 1 1 1 1 1 1 1 1 1 1 1 1 1 1 1 1 1 1 1 1 1 1 1 1 1 1 1 1 1 1 1 1 1 1 1 1 1 1 1 1 1 1 1 1 1 1 1 1 1 1 1 1 1 1 1 1 1 1 1 1 1 1 1 1 1 1 1 1 1 1 1 1 1 1 1 1 1 1 1 1 1 1 1 1 1 1 1 1 1 1 1 1 1 1 1 1 1 1 1 1 1 1 1 1 1 1 1 1 1 1 1 1 1 1 1 1 1 1 1 1 1 1 1 1 1 1 1 1 1 1 1 1 1 1 1 1 1 1 1 1 1 1 1 1 1 1 1 1 1 1 1 1 1 1 1 1 1 1 1 1 1 1 1 1 1 1 1 1 1 1 1 1 1 1 1 1 1 1 1 1 1 1 1 1 1 1 1 1 1 1 1 1 1 1 1 1 1 1 1 1 1 1 1 1 1 1 1 1 1 1 1 1 1 1 1 1 1 1 1 1 1 1 1 1 1 1 1 1 1 1 1 1 1 1 1 1 1 1 1 1 1 1 1 1 1 1 1 1 1 1 1 1 1 1 1 1 1 1 1 1 1 1 1 1 1 1 1 1 1 1 1 1 1 1 1 1 1 1 1 1 1 1 1 1 1 1 1 1 1 1 1 1 1 1 1 1 1 1 1 1 1 1 1 1 1 1 1 1 1 1 1 1 1 1 1 1 1 1 1 1 1 1 1 1 1 1 1 1 1 1 1 1 1 1 1 1 1 1 1 1 1 1 1 1 1 1 1 1 1 1 1 1 1 1 1 1 1 1 1 1 1 1 1 1 1 1 1 1 1 1 1 1 1 1 1 1 1 1 1 1 1 1 1 1 1 1 1 1 1 1 1 1 1 1 1 1 1 1 1 1 1 1 1 1 1 1 1 1 1 1 1 1 1 1 1 1 1 1 1 1 1 1 1 1 1 1 1 1 1 1 1 1 1 1 1 1 1 1 1 1 1 1 1 1 1 1 1 1 1 1 1 1 1 1 1 1 1 1 1 1 1 1 1 1 1 1 1 1 1 1 1 1 1 1 1 1 1 1 1 1 1 1 1 1 1 1 1 1 1 1 1 1 1 1 1 1 1 1 1 1 1 1 1 1 1 1 1 1 1 1 1 1 1 1 1 1 1 1 1 1 1 1 1 1 1 1 1 1 1 1 1 1 1 1 1 1 1 1 1 1 1 1 1 1 1 1 1 1 1 1 1 1 1 1 1 1 1 1 1 1 1 1 1 1 1 1 1 1 1 1 1 1 1 1 1 1 1 1 1 1 1 1 1 1 1 1 1 1 1 1 1 1 1 1 1 1 1 1 1 1 1 1 1 1 1 1 1 1 1 1 1 1 1 1 1 1 1 1 1 1 1 1 1 1 1 1 1 1 1 1 1 1 1 1 1 1 1 1 1 1 1 1 1 1 1 1 1 1 1 1 1 1 1 1 1 1 1 1 1 1 1 1 1 1 1 1 1 1 1 1 1 1 1 1 1 1 1 1 1 1 1 1 1 1 1 1 1 1 1 1 1 1 1 1 1 1 1 1 1 1 1 1 1 1 1 1 1 1 1 1 1 1 1 1 1 1 1 1 1 1 1 1 1 1 1 1 1 1 1 1 1 1 1 1 1 1 1 1 1 1 1 1 1 1 1 1 1 1 1 1 1 1 1 1 1 1 1 1 1 1 1 1 1 1 1 1 1 1 1 1 1 1 1 1 1 1 1 1 1 1 1 1 1 1 1 1 1 1 1 1 1 1 1 1 1 1 1 1 1 1 1 1 1 1 1 1 1 1 1 1 1 1 1 1 1 1 1 1 1 1 1 1 1 1 1 1 1 1 1 1 1 1 1 1 1 1 1 1 1 1 1 1 1 1 1 1 1 1 1 1 1 1 1 1 1 1 1 1 1 1 1 1 1 1 1 1 1 1 1 1 1 1 1 1 1 1 1 1 1 1 1 1 1 1 1 1 1 1 1 1 1 1 1 1 1 1 1 1 1 1 1 1 1 1 1 1 1 1 1 1 1 1 1 1 1 1 1 1 1 1 1 1 1 1 1 1 1 1 1 1 1 1 1 1 1 1 1 1 1 1 1 1 1 1 1 1 1 1 1 1 1 1 1 1 1 1 1 1 1 1 1 1 1 1 1 1 1 1 1 1 1 1 1 1 1 1 1 1 1 1 1 1 1 1 1 1 1 1 1 1 1 1 1 1 1 1 1 1 1 1 1 1 1 1 1 1 1 1 1 1 1 1 1 1 1 1 1 1 1 1 1 1 1 1 1 1 1 1 1 1 1 1 1 1 1 1 1 1 1 1 1 1 1 1 1 1 1 1 1 1 1 1 1 1 1 1 1 1 1 1 1 1 1 1 1 1 1 1 1 1 1 1 1 1 1 1 1 1 1 1 1 1 1 1 1 1 1 1 1 1 1 1 1 1 1 1 1 1 1 1 1 1 1 1 1 1 1 1 1 1 1 1 1 1 1 1 1 1 1 1 1 1 1 1 1 1 1 1 1 1 1 1 1 1 1 1 1 1 1 1 1 1 1 1 1 1 1 1 1 1 1 1 1 1 1 1 1 1 1 1 1 1 1 1 1 1 1 1 1 1 1 1 1 1 1 1 1 1 1 1 1 1 1 1 1 1 1 1 1 1 1 1 1 1 1 1 1 1 1 1 1 1 1 1 1 1 1 1 1 1 1 1 1 1 1 1 1 1 1 1 1 1 1 1 1 1 1 1 1 1 1 1 1 1 1 1 1 1 1 1 1 1 1 1 1 1 1 1 1 1 1 1 1 1 1 1 1 1 1 1 1 1 1 1 1 1 1 1 1 1 1 1 1 1 1 1 1 1 1 1 1 1 1 1 1 1 1 1 1 1 1 1 1 1 1 1 1 1 1 1 1 1 1 1 1 1 1 1 1 1 1 1 1 1 1 1 1 1 1 1 1 1 1 1 1 1 1 1 1 1 1 1 1 1 1 1 1 1 1 1 1 1 1 1 1 1 1 1 1 1 1 1 1 1 1 1 1 1 1 1 1 1 1 1 1 1 1 1 1 1 1 1 1 1 1 1 1 1 1 1 1 1 1 1 1 1 1 1 1 1 1 1 1 1 1 1 1 1 1 1 1 1 1 1 1 1 1 1 1 1 1 1 1 1 1 1 1 1 1 1 1 1 1 1 1 1 1 1 1 1 1 1 1 1 1 1 1 1 1 1 1 1 1 1 1 1 1 1 1 1 1 1 1 1 1 1 1 1 1 1 1 1 1 1 1 1 1 1 1 1 1 1 1 1 1 1 1 1 1 1 1 1 1 1 1 1 1 1 1 1 1 1 1 1 1 1 1 1 1 1 1 1 1 1 1 1 1 1 1 1 1 1 1 1 1 1 1 1 1 1 1 1 1 1 1 1 1 1 1 1 1 1 1 1 1 1 1 1 1 1 1 1 1 1 1 1 1 1 1 1 1 1 1 1 1 1 1 1 1 1 1 1 1 1 1 1 1 1 1 1 1 1 1 1 1 1 1 1 1 1 1 1 1 1 1 1 1 1 1 1 1 1 1 1 1 1 1 1 1 1 1 1 1 1 1 1 1 1 1 1 1 1 1 1 1 1 1 1 1 1 1 1 1 1 1 1 1 1 1 1 1 1 1 1 1 1 1 1 1 1 1 1 1 1 1 1 1 1 1 1 1 1 1 1 1 1 1 1 1 1 1 1 1 1 1 1 1 1 1 1 1 1 1 1 1 1 1 1 1 1 1 1 1 1 1 1 1 1 1 1 1 1 1 1 1 1 1 1 1 1 1 1 1 1 1 1 1 1 1 1 1 1 1 1 1 1 1 1 1 1 1 1 1 1 1 1 1 1 1 1 1 1 1 1 1 1 1 1 1 1 1 1 1 1 1 1 1 1 1 1 1 1 1 1 1 1 1 1 1 1 1 1 1 1 1 1 1 1 1 1 1 1 1 1 1 1 1 1 1 1 1 1 1 1 1 1 1 1 1 1 1 1 1 1 1 1 1 1 1 1 1 1 1 1 1 1 1 1 1 1 1 1 1 1 1 1 1 1 1 1 1 1 1 1 1 1 1 1 1 1 1 1 1 1 1 1 1 1 1 1 1 1 1 1 1 1 1 1 1 1 1 1 1 1 1 1 1 1 1 1 1 1 1 1 1 1 1 1 1 1 1 1 1 1 1 1 1 1 1 1 1 1 1 1 1 1 1 1 1 1 1 1 1 1 1 1 1 1 1 1 1 1 1 1 1 1 1 1 1 1 1 1 1 1 1 1 1 1 1 1 1 1 1 1 1 1 1 1 1 1 1 1 1 1 1 1 1 1 1 1 1 1 1 1 1 1 1 1 1 1 1 1 1 1 1 1 1 1 1 1 1 1 1 1 1 1 1 1 1 1 1 1 1 1 1 1 1 1 1 1 1 1 1 1 1 1 1 1 1 1 1 1 1 1 1 1 1 1 1 1 1 1 1 1 1 1 1 1 1 1 1 1 1 1 1 1 1 1 1 1 1 1 1 1 1 1 1 1 1 1 1 1 1 1 1 1 1 1 1 1 1 1 1 1 1 1 1 1 1 1 1 1 1 1 1 1 1 1 1 1 1 1 1 1 1 1 1 1 1 1 1 1 1 1 1 1 1 1 1 1 1 1 1 1 1 1 1 1 1 1 1 1 1 1 1 1 1 1 1 1 1 1 1 1 1 1 1 1 1 1 1 1 1 1 1 1 1 1 1 1 1 1 1 1 1 1 1 1 1 1 1 1 1 1 1 1 1 1 1 1 1 1 1 1 1 1 1 1 1 1 1 1 1 1 1 1 1 1 1 1 1 1 1 1 1 1 1 1 1 1 1 1 1 1 1 1 1 1 1 1 1 1 1 1 1 1 1 1 1 1 1 1 1 1 1 1 1 1 1 1 1 1 1 1 1 1 1 1 1 1 1 1 1 1 1 1 1 1 1 1 1 1 1 1 1 1 1 1 1 1 1 1 1 1 1 1 1 1 1 1 1 1 1 1 1 1 1 1 1 1 1 1 1 1 1 1 1 1 1 1 1 1 1 1 1 1 1 1 1 1 1 1 1 1 1 1 1 1 1 1 1 1 1 1 1 1 1 1 1 1 1 1 1 1 1 1 1 1 1 1 1 1 1 1 1 1 1 1 1 1 1 1 1 1 1 1 1 1 1 1 1 1 1 1 1 1 1 1 1 1 1 1 1 1 1 1 1 1 1 1 1 1 1 1 1 1 1 1 1 1 1 1 1 1 1 1 1 1 1 1 1 1 1 1 1 1 1 1 1 1 1 1 1 1 1 1 1 1 1 1 1 1 1 1 1 1 1 1 1 1 1 1 1 1 1 1 1 1 1 1 1 1 1 1 1 1 1 1 1 1 1 1 1 1 1 1 1 1 1 1 1 1 1 1 1 1 1 1 1 1 1 1 1 1 1 1 1 1 1 1 1 1 1 1 1 1 1 1 1 1 1 1 1 1 1 1 1 1 1 1 1 1 1 1 1 1 1 1 1 1 1 1 1 1 1 1 1 1 1 1 1 1 1 1 1 1 1 1 1 1 1 1 1 1 1 1 1 1 1 1 1 1 1 1 1 1 1 1 1 1 1 1 1 1 1 1 1 1 1 1 1 1 1 1 1 1 1 1 1 1 1 1 1 1 1 1 1 1 1 1 1 1 1 1 1 1 1 1 1 1 1 1 1 1 1 1 1 1 1 1 1 1 1 1 1 1 1 1 1 1 1 1 1 1 1 1 1 1 1 1 1 1 1 1 1 1 1 1 1 1 1 1 1 1 1 1 1 1 1 1 1 1 1 1 1 1 1 1 1 1 1 1 1 1 1 1 1 1 1 1 1 1 1 1 1 1 1 1 1 1 1 1 1 1 1 1 1 1 1 1 1 1 1 1 1 1 1 1 1 1 1 1 1 1 1 1 1 1 1 1 1 1 1 1 1 1 1 1 1 1 1 1 1 1 1 1 1 1 1 1 1 1 1 1 1 1 1 1 1 1 1 1 1 1 1 1 1 1 1 1 1 1 1 1 1 1 1 1 1 1 1 1 1 1 1 1 1 1 1 1 1 1 1 1 1 1 1 1 1 1 1 1 1 1 1 1 1 1 1 1 1 1 1 1 1 1 1 1 1 1 1 1 1 1 1 1 1 1 1 1 1 1 1 1 1 1 1 1 1 1 1 1 1 1 1 1 1 1 1 1 1 1 1 1 1 1 1 1 1 1 1 1 1 1 1 1 1 1 1 1 1 1 1 1 1 1 1 1 1 1 1 1 1 1 1 1 1 1 1 1 1 1 1 1 1 1 1 1 1 1 1 1 1 1 1 1 1 1 1 1 1 1 1 1 1 1 1 1 1 1 1 1 1 1 1 1 1 1 1 1 1 1 1 1 1 1 1 1 1 1 1 1 1 1 1 1 1 1 1 1 1 1 1 1 1 1 1 1 1 1 1 1 1 1 1 1 1 1 1 1 1 1 1 1 1 1 1 1 1 1 1 1 1 1 1 1 1 1 1 1 1 1 1 1 1 1 1 1 1 1 1 1 1 1 1 1 1 1 1 1 1 1 1 1 1 1 1 1 1 1 1 1 1 1 1 1 1 1 1 1 1 1 1 1 1 1 1 1 1 1 1 1 1 1 1 1 1 1 1 1 1 1 1 1 1 1 1 1 1 1 1 1 1 1 1 1 1 1 1 1 1 1 1 1 1 1 1 1 1 1 1 1 1 1 1 1 1 1 1 1 1 1 1 1 1 1 1 1 1 1 1 1 1 1 1 1 1 1 1 1 1 1 1 1 1 1 1 1 1 1 1 1 1 1 1 1 1 1 1 1 1 1 1 1 1 1 1 1 1 1 1 1 1 1 1 1 1 1 1 1 1 1 1 1 1 1 1 1 1 1 1 1 1 1 1 1 1 1 1 1 1 1 1 1 1 1 1 1 1 1 1 1 1 1 1 1 1 1 1 1 1 1 1 1 1 1 1 1 1 1 1 1 1 1 1 1 1 1 1 1 1 1 1 1 1 1 1 1 1 1 1 1 1 1 1 1 1 1 1 1 1 1 1 1 1 1 1 1 1 1 1 1 1 1 1 1 1 1 1 1 1 1 1 1 1 1 1 1 1 1 1 1 1 1 1 1 1 1 1 1 1 1 1 1 1 1 1 1 1 1 1 1 1 1 1 1 1 1 1 1 1 1 1 1 1 1 1 1 1 1 1 1 1 1 1 1 1 1 1 1 1 1 1 1 1 1 1 1 1 1 1 1 1 1 1 1 1 1 1 1 1 1 1 1 1 1 1 1 1 1 1 1 1 1 1 1 1 1 1 1 1 1 1 1 1 1 1 1 1 1 1 1 1 1 1 1 1 1 1 1 1 1 1 1 1 1 1 1 1 1 1 1 1 1 1 1 1 1 1 1 1 1 1 1 1 1 1 1 1 1 1 1 1 1 1 1 1 1 1 1 1 1 1 1 1 1 1 1 1 1 1 1 1 1 1 1 1 1 1 1 1 1 1 1 1 1 1 1 1 1 1 1 1 1 1 1 1 1 1 1 1 1 1 1 1 1 1 1 1 1 1 1 1 1 1 1 1 1 1 1 1 1 1 1 1 1 1 1 1 1 1 1 1 1 1 1 1 1 1 1 1 1 1 1 1 1 1 1 1 1 1 1 1 1 1 1 1 1 1 1 1 1 1 1 1 1 1 1 1 1 1 1 1 1 1 1 1 1 1 1 1 1 1 1 1 1 1 1 1 1 1 1 1 1 1 1 1 1 1 1 1 1 1 1 1 1 1 1 1 1 1 1 1 1 1 1 1 1 1 1 1 1 1 1 1 1 1 1 1 1 1 1 1 1 1 1 1 1 1 1 1 1 1 1 1 1 1 1 1 1 1 1 1 1 1 1 1 1 1 1 1 1 1 1 1 1 1 1 1 1 1 1 1 1 1 1 1 1 1 1 1 1 1 1 1 1 1 1 1 1 1 1 1 1 1 1 1 1 1 1 1 1 1 1 1 1 1 1 1 1 1 1 1 1 1 1 1 1 1 1 1 1 1 1 1 1 1 1 1 1 1 1 1 1 1 1 1 1 1 1 1 1 1 1 1 1 1 1 1 1 1 1 1 1 1 1 1 1 1 1 1 1 1 1 1 1 1 1 1 1 1 1 1 1 1 1 1 1 1 1 1 1 1 1 1 1 1 1 1 1 1 1 1 1 1 1 1 1 1 1 1 1 1 1 1 1 1 1 1 1 1 1 1 1 1 1 1 1 1 1 1 1 1 1 1 1 1 1 1 1 1 1 1 1 1 1 1 1 1 1 1 1 1 1 1 1 1 1 1 1 1 1 1 1 1 1 1 1 1 1 1 1 1 1 1 1 1 1 1 1 1 1 1 1 1 1 1 1 1 1 1 1 1 1 1 1 1 1 1 1 1 1 1 1 1 1 1 1 1 1 1 1 1 1 1 1 1 1 1 1 1 1 1 1 1 1 1 1 1 1 1 1 1 1 1 1 1 1 1 1 1 1 1 1 1 1 1 1 1 1 1 1 1 1 1 1 1 1 1 1 1 1 1 1 1 1 1 1 1 1 1 1 1 1 1 1 1 1 1 1 1 1 1 1 1 1 1 1 1 1 1 1 1 1 1 1 1 1 1 1 1 1 1 1 1 1 1 1 1 1 1 1 1 1 1 1 1 1 1 1 1 1 1 1 1 1 1 1 1 1 1 1 1 1 1 1 1 1 1 1 1 1 1 1 1 1 1 1 1 1 1 1 1 1 1 1 1 1 1 1 1 1 1 1 1 1 1 1 1 1 1 1 1 1 1 1 1 1 1 1 1 1 1 1 1 1 1 1 1 1 1 1 1 1 1 1 1 1 1 1 1 1 1 1 1 1 1 1 1 1 1 1 1 1 1 1 1 1 1 1 1 1 1 1 1 1 1 1 1 1 1 1 1 1 1 1 1 1 1 1 1 1 1 1 1 1 1 1 1 1 1 1 1 1 1 1 1 1 1 1 1 1 1 1 1 1 1 1 1 1 1 1 1 1 1 1 1 1 1 1 1 1 1 1 1 1 1 1 1 1 1 1 1 1 1 1 1 1 1 1 1 1 1 1 1 1 1 1 1 1 1 1 1 1 1 1 1 1 1 1 1 1 1 1 1 1 1 1 1 1 1 1 1 1 1 1 1 1 1 1 1 1 1 1 1 1 1 1 1 1 1 1 1 1 1 1 1 1 1 1 1 1 1 1 1 1 1 1 1 1 1 1 1 1 1 1 1 1 1 1 1 1 1 1 1 1 1 1 1 1 1 1 1 1 1 1 1 1 1 1 1 1 1 1 1 1 1 1 1 1 1 1 1 1 1 1 1 1 1 1 1 1 1 1 1 1 1 1 1 1 1 1 1 1 1 1 1 1 1 1 1 1 1 1 1 1 1 1 1 1 1 1 1 1 1 1 1 1 1 1 1 1 1 1 1 1 1 1 1 1 1 1 1 1 1 1 1 1 1 1 1 1 1 1 1 1 1 1 1 1 1 1 1 1 1 1 1 1 1 1 1 1 1 1 1 1 1 1 1 1 1 1 1 1 1 1 1 1 1 1 1 1 1 1 1 1 1 1 1 1 1 1 1 1 1 1 1 1 1 1 1 1 1 1 1 1 1 1 1 1 1 1 1 1 1 1 1 1 1 1 1 1 1 1 1 1 1 1 1 1 1 1 1 1 1 1 1 1 1 1 1 1 1 1 1 1 1 1 1 1 1 1 1 1 1 1 1 1 1 1 1 1 1 1 1 1 1 1 1 1 1 1 1 1 1 1 1 1 1 1 1 1 1 1 1 1 1 1 1 1 1 1 1 1 1 1 1 1 1 1 1 1 1 1 1 1 1 1 1 1 1 1 1 1 1 1 1 1 1 1 1 1 1 1 1 1 1 1 1 1 1 1 1 1 1 1 1 1 1 1 1 1 1 1 1 1 1 1 1 1 1 1 1 1 1 1 1 1 1 1 1 1 1 1 1 1 1 1 1 1 1 1 1 1 1 1 1 1 1 1 1 1 1 1 1 1 1 1 1 1 1 1 1 1 1 1 1 1 1 1 1 1 1 1 1 1 1 1 1 1 1 1 1 1 1 1 1 1 1 1 1 1 1 1 1 1 1 1 1 1 1 1 1 1 1 1 1 1 1 1 1 1 1 1 1 1 1 1 1 1 1 1 1 1 1 1 1 1 1 1 1 1 1 1 1 1 1 1 1 1 1 1 1 1 1 1 1 1 1 1 1 1 1 1 1 1 1 1 1 1 1 1 1 1 1 1 1 1 1 1 1 1 1 1 1 1 1 1 1 1 1 1 1 1 1 1 1 1 1 1 1 1 1 1 1 1 1 1 1 1 1 1 1 1 1 1 1 1 1 1 1 1 1 1 1 1 1 1 1 1 1 1 1 1 1 1 1 1 1 1 1 1 1 1 1 1 1 1 1 1 1 1 1 1 1 1 1 1 1 1 1 1 1 1 1 1 1 1 1 1 1 1 1 1 1 1 1 1 1 1 1 1 1 1 1 1 1 1 1 1 1 1 1 1 1 1 1 1 1 1 1 1 1 1 1 1 1 1 1 1 1 1 1 1 1 1 1 1 1 1 1 1 1 1 1 1 1 1 1 1 1 1 1 1 1 1 1 1 1 1 1 1 1 1 1 1 1 1 1 1 1 1 1 1 1 1 1 1 1 1 1 1 1 1 1 1 1 1 1 1 1 1 1 1 1 1 1 1 1 1 1 1 1 1 1 1 1 1 1 1 1 1 1 1 1 1 1 1 1 1 1 1 1 1 1 1 1 1 1 1 1 1 1 1 1 1 1 1 1 1 1 1 1 1 1 1 1 1 1 1 1 1 1 1 1 1 1 1 1 1 1 1 1 1 1 1 1 1 1 1 1 1 1 1 1 1 1 1 1 1 1 1 1 1 1 1 1 1 1 1 1 1 1 1 1 1 1 1 1 1 1 1 1 1 1 1 1 1 1 1 1 1 1 1 1 1 1 1 1 1 1 1 1 1 1 1 1 1 1 1 1 1 1 1 1 1 1 1 1 1 1 1 1 1 1 1 1 1 1 1 1 1 1 1 1 1 1 1 1 1 1 1 1 1 1 1 1 1 1 1 1 1 1 1 1 1 1 1 1 1 1 1 1 1 1 1 1 1 1 1 1 1 1 1 1 1 1 1 1 1 1 1 1 1 1 1 1 1 1 1 1 1 1 1 1 1 1 1 1 1 1 1 1 1 1 1 1 1 1 1 1 1 1 1 1 1 1 1 1 1 1 1 1 1 1 1 1 1 1 1 1 1 1 1 1 1 1 1 1 1 1 1 1 1 1 1 1 1 1 1 1 1 1 1 1 1 1 1 1 1 1 1 1 1 1 1 1 1 1 1 1 1 1 1 1 1 1 1 1 1 1 1 1 1 1 1 1 1 1 1 1 1 1 1 1 1 1 1 1 1 1 1 1 1 1 1 1 1 1 1 1 1 1 1 1 1 1 1 1 1 1 1 1 1 1 1 1 1 1 1 1 1 1 1 1 1 1 1 1 1 1 1 1 1 1 1 1 1 1 1 1 1 1 1 1 1 1 1 1 1 1 1 1 1 1 1 1 1 1 1 1 1 1 1 1 1 1 1 1 1 1 1 1 1 1 1 1 1 1 1 1 1 1 1 1 1 1 1 1 1 1 1 1 1 1 1 1 1 1 1 1 1 1 1 1 1 1 1 1 1 1 1 1 1 1 1 1 1 1 1 1 1 1 1 1 1 1 1 1 1 1 1 1 1 1 1 1 1 1 1 1 1 1 1 1 1 1 1 1 1 1 1 1 1 1 1 1 1 1 1 1 1 1 1 1 1 1 1 1 1 1 1 1 1 1 1 1 1 1 1 1 1 1 1 1 1 1 1 1 1 1 1 1 1 1 1 1 1 1 1 1 1 1 1 1 1 1 1 1 1 1 1 1 1 1 1 1 1 1 1 1 1 1 1 1 1 1 1 1 1 1 1 1 1 1 1 1 1 1 1 1 1 1 1 1 1 1 1 1 1 1 1 1 1 1 1 1 1 1 1 1 1 1 1 1 1 1 1 1 1 1 1 1 1 1 1 1 1 1 1 1 1 1 1 1 1 1 1 1 1 1 1 1 1 1 1 1 1 1 1 1 1 1 1 1 1 1 1 1 1 1 1 1 1 1 1 1 1 1 1 1 1 1 1 1 1 1 1 1 1 1 1 1 1 1 1 1 1 1 1 1 1 1 1 1 1 1 1 1 1 1 1 1 1 1 1 1 1 1 1 1 1 1 1 1 1 1 1 1 1 1 1 1 1 1 1 1 1 1 1 1 1 1 1 1 1 1 1 1 1 1 1 1 1 1 1 1 1 1 1 1 1 1 1 1 1 1 1 1 1 1 1 1 1 1 1 1 1 1 1 1 1 1 1 1 1 1 1 1 1 1 1 1 1 1 1 1 1 1 1 1 1 1 1 1 1 1 1 1 1 1 1 1 1 1 1 1 1 1 1 1 1 1 1 1 1 1 1 1 1 1 1 1 1 1 1 1 1 1 1 1 1 1 1 1 1 1 1 1 1 1 1 1 1 1 1 1 1 1 1 1 1 1 1 1 1 1 1 1 1 1 1 1 1 1 1 1 1 1 1 1 1 1 1 1 1 1 1 1 1 1 1 1 1 1 1 1 1 1 1 1 1 1 1 1 1 1 1 1 1 1 1 1 1 1 1 1 1 1 1 1 1 1 1 1 1 1 1 1 1 1 1 1 1 1 1 1 1 1 1 1 1 1 1 1 1 1 1 1 1 1 1 1 1 1 1 1 1 1 1 1 1 1 1 1 1 1 1 1 1 1 1 1 1 1 1 1 1 1 1 1 1 1 1 1 1 1 1 1 1 1 1 1 1 1 1 1 1 1 1 1 1 1 1 1 1 1 1 1 1 1 1 1 1 1 1 1 1 1 1 1 1 1 1 1 1 1 1 1 1 1 1 1 1 1 1 1 1 1 1 1 1 1 1 1 1 1 1 1 1 1 1 1 1 1 1 1 1 1 1 1 1 1 1 1 1 1 1 1 1 1 1 1 1 1 1 1 1 1 1 1 1 1 1 1 1 1 1 1 1 1 1 1 1 1 1 1 1 1 1 1 1 1 1 1 1 1 1 1 1 1 1 1 1 1 1 1 1 1 1 1 1 1 1 1 1 1 1 1 1 1 1 1 1 1 1 1 1 1 1 1 1 1 1 1 1 1 1 1 1 1 1 1 1 1 1 1 1 1 1 1 1 1 1 1 1 1 1 1 1 1 1 1 1 1 1 1 1 1 1 1 1 1 1 1 1 1 1 1 1 1 1 1 1 1 1 1 1 1 1 1 1 1 1 1 1 1 1 1 1 1 1 1 1 1 1 1 1 1 1 1 1 1 1 1 1 1 1 1 1 1 1 1 1 1 1 1 1 1 1 1 1 1 1 1 1 1 1 1 1 1 1 1 1 1 1 1 1 1 1 1 1 1 1 1 1 1 1 1 1 1 1 1 1 1 1 1 1 1 1 1 1 1 1 1 1 1 1 1 1 1 1 1 1 1 1 1 1 1 1 1 1 1 1 1 1 1 1 1 1 1 1 1 1 1 1 1 1 1 1 1 1 1 1 1 1 1 1 1 1 1 1 1 1 1 1 1 1 1 1 1 1 1 1 1 1 1 1 1 1 1 1 1 1 1 1 1 1 1 1 1 1 1 1 1 1 1 1 1 1 1 1 1 1 1 1 1 1 1 1 1 1 1 1 1 1 1 1 1 1 1 1 1 1 1 1 1 1 1 1 1 1 1 1 1 1 1 1 1 1 1 1 1 1 1 1 1 1 1 1 1 1 1 1 1 1 1 1 1 1 1 1 1 1 1 1 1 1 1 1 1 1 1 1 1 1 1 1 1 1 1 1 1 1 1 1 1 1 1 1 1 1 1 1 1 1 1 1 1 1 1 1 1 1 1 1 1 1 1 1 1 1 1 1 1 1 1 1 1 1 1 1 1 1 1 1 1 1 1 1 1 1 1 1 1 1 1 1 1 1 1 1 1 1 1 1 1 1 1 1 1 1 1 1 1 1 1 1 1 1 1 1 1 1 1 1 1 1 1 1 1 1 1 1 1 1 1 1 1 1 1 1 1 1 1 1 1 1 1 1 1 1 1 1 1 1 1 1 1 1 1 1 1 1 1 1 1 1 1 1 1 1 1 1 1 1 1 1 1 1 1 1 1 1 1 1 1 1 1 1 1 1 1 1 1 1 1 1 1 1 1 1 1 1 1 1 1 1 1 1 1 1 1 1 1 1 1 1 1 1 1 1 1 1 1 1 1 1 1 1 1 1 1 1 1 1 1 1 1 1 1 1 1 1 1 1 1 1 1 1 1 1 1 1 1 1 1 1 1 1 1 1 1 1 1 1 1 1 1 1 1 1 1 1 1 1 1 1 1 1 1 1 1 1 1 1 1 1 1 1 1 1 1 1 1 1 1 1 1 1 1 1 1 1 1 1 1 1 1 1 1 1 1 1 1 1 1 1 1 1 1 1 1 1 1 1 1 1 1 1 1 1 1 1 1 1 1 1 1 1 1 1 1 1 1 1 1 1 1 1 1 1 1 1 1 1 1 1 1 1 1 1 1 1 1 1 1 1 1 1 1 1 1 1 1 1 1 1 1 1 1 1 1 1 1 1 1 1 1 1 1 1 1 1 1 1 1 1 1 1 1 1 1 1 1 1 1 1 1 1 1 1 1 1 1 1 1 1 1 1 1 1 1 1 1 1 1 1 1 1 1 1 1 1 1 1 1 1 1 1 1 1 1 1 1 1 1 1 1 1 1 1 1 1 1 1 1 1 1 1 1 1 1 1 1 1 1 1 1 1 1 1 1 1 1 1 1 1 1 1 1 1 1 1 1 1 1 1 1 1 1 1 1 1 1 1 1 1 1 1 1 1 1 1 1 1 1 1 1 1 1 1 1 1 1 1 1 1 1 1 1 1 1 1 1 1 1 1 1 1 1 1 1 1 1 1 1 1 1 1 1 1 1 1 1 1 1 1 1 1 1 1 1 1 1 1 1 1 1 1 1 1 1 1 1 1 1 1 1 1 1 1 1 1 1 1 1 1 1 1 1 1 1 1 1 1 1 1 1 1 1 1 1 1 1 1 1 1 1 1 1 1 1 1 1 1 1 1 1 1 1 1 1 1 1 1 1 1 1 1 1 1 1 1 1 1 1 1 1 1 1 1 1 1 1 1 1 1 1 1 1 1 1 1 1 1 1 1 1 1 1 1 1 1 1 1 1 1 1 1 1 1 1 1 1 1 1 1 1 1 1 1 1 1 1 1 1 1 1 1 1 1 1 1 1 1 1 1 1 1 1 1 1 1 1 1 1 1 1 1 1 1 1 1 1 1 1 1 1 1 1 1 1 1 1 1 1 1 1 1 1 1 1 1 1 1 1 1 1 1 1 1 1 1 1 1 1 1 1 1 1 1 1 1 1 1 1 1 1 1 1 1 1 1 1 1 1 1 1 1 1 1 1 1 1 1 1 1 1 1 1 1 1 1 1 1 1 1 1 1 1 1 1 1 1 1 1 1 1 1 1 1 1 1 1 1 1 1 1 1 1 1 1 1 1 1 1 1 1 1 1 1 1 1 1 1 1 1 1 1 1 1 1 1 1 1 1 1 1 1 1 1 1 1 1 1 1 1 1 1 1 1 1 1 1 1 1 1 1 1 1 1 1 1 1 1 1 1 1 1 1 1 1 1 1 1 1 1 1 1 1 1 1 1 1 1 1 1 1 1 1 1 1 1 1 1 1 1 1 1 1 1 1 1 1 1 1 1 1 1 1 1 1 1 1 1 1 1 1 1 1 1 1 1 1 1 1 1 1 1 1 1 1 1 1 1 1 1 1 1 1 1 1 1 1 1 1 1 1 1 1 1 1 1 1 1 1 1 1 1 1 1 1 1 1 1 1 1 1 1 1 1 1 1 1 1 1 1 1 1 1 1 1 1 1 1 1 1 1 1 1 1 1 1 1 1 1 1 1 1 1 1 1 1 1 1 1 1 1 1 1 1 1 1 1 1 1 1 1 1 1 1 1 1 1 1 1 1 1 1 1 1 1 1 1 1 1 1 1 1 1 1 1 1 1 1 1 1 1 1 1 1 1 1 1 1 1 1 1 1 1 1 1 1 1 1 1 1 1 1 1 1 1 1 1 1 1 1 1 1 1 1 1 1 1 1 1 1 1 1 1 1 1 1 1 1 1 1 1 1 1 1 1 1 1 1 1 1 1 1 1 1 1 1 1 1 1 1 1 1 1 1 1 1 1 1 1 1 1 1 1 1 1 1 1 1 1 1 1 1 1 1 1 1 1 1 1 1 1 1 1 1 1 1 1 1 1 1 1 1 1 1 1 1 1 1 1 1 1 1 1 1 1 1 1 1 1 1 1 1 1 1 1 1 1 1 1 1 1 1 1 1 1 1 1 1 1 1 1 1 1 1 1 1 1 1 1 1 1 1 1 1 1 1 1 1 1 1 1 1 1 1 1 1 1 1 1 1 1 1 1 1 1 1 1 1 1 1 1 1 1 1 1 1 1 1 1 1 1 1 1 1 1 1 1 1 1 1 1 1 1 1 1 1 1 1 1 1 1 1 1 1 1 1 1 1 1 1 1 1 1 1 1 1 1 1 1 1 1 1 1 1 1 1 1 1 1 1 1 1 1 1 1 1 1 1 1 1 1 1 1 1 1 1 1 1 1 1 1 1 1 1 1 1 1 1 1 1 1 1 1 1 1 1 1 1 1 1 1 1 1 1 1 1 1 1 1 1 1 1 1 1 1 1 1 1 1 1 1 1 1 1 1 1 1 1 1 1 1 1 1 1 1 1 1 1 1 1 1 1 1 1 1 1 1 1 1 1 1 1 1 1 1 1 1 1 1 1 1 1 1 1 1 1 1 1 1 1 1 1 1 1 1 1 1 1 1 1 1 1 1 1 1 1 1 1 1 1 1 1 1 1 1 1 1 1 1 1 1 1 1 1 1 1 1 1 1 1 1 1 1 1 1 1 1 1 1 1 1 1 1 1 1 1 1 1 1 1 1 1 1 1 1 1 1 1 1 1 1 1 1 1 1 1 1 1 1 1 1 1 1 1 1 1 1 1 1 1 1 1 1 1 1 1 1 1 1 1 1 1 1 1 1 1 1 1 1 1 1 1 1 1 1 1 1 1 1 1 1 1 1 1 1 1 1 1 1 1 1 1 1 1 1 1 1 1 1 1 1 1 1 1 1 1 1 1 1 1 1 1 1 1 1 1 1 1 1 1 1 1 1 1 1 1 1 1 1 1 1 1 1 1 1 1 1 1 1 1 1 1 1 1 1 1 1 1 1 1 1 1 1 1 1 1 1 1 1 1 1 1 1 1 1 1 1 1 1 1 1 1 1 1 1 1 1 1 1 1 1 1 1 1 1 1 1 1 1 1 1 1 1 1 1 1 1 1 1 1 1 1 1 1 1 1 1 1 1 1 1 1 1 1 1 1 1 1 1 1 1 1 1 1 1 1 1 1 1 1 1 1 1 1 1 1 1 1 1 1 1 1 1 1 1 1 1 1 1 1 1 1 1 1 1 1 1 1 1 1 1 1 1 1 1 1 1 1 1 1 1 1 1 1 1 1 1 1 1 1 1 1 1 1 1 1 1 1 1 1 1 1 1 1 1 1 1 1 1 1 1 1 1 1 1 1 1 1 1 1 1 1 1 1 1 1 1 1 1 1 1 1 1 1 1 1 1 1 1 1 1 1 1 1 1 1 1 1 1 1 1 1 1 1 1 1 1 1 1 1 1 1 1 1 1 1 1 1 1 1 1 1 1 1 1 1 1 1 1 1 1 1 1 1 1 1 1 1 1 1 1 1 1 1 1 1 1 1 1 1 1 1 1 1 1 1 1 1 1 1 1 1 1 1 1 1 1 1 1 1 1 1 1 1 1 1 1 1 1 1 1 1 1 1 1 1 1 1 1 1 1 1 1 1 1 1 1 1 1 1 1 1 1 1 1 1 1 1 1 1 1 1 1 1 1 1 1 1 1 1 1 1 1 1 1 1 1 1 1 1 1 1 1 1 1 1 1 1 1 1 1 1 1 1 1 1 1 1 1 1 1 1 1 1 1 1 1 1 1 1 1 1 1 1 1 1 1 1 1 1 1 1 1 1 1 1 1 1 1 1 1 1 1 1 1 1 1 1 1 1 1 1 1 1 1 1 1 1 1 1 1 1 1 1 1 1 1 1 1 1 1 1 1 1 1 1 1 1 1 1 1 1 1 1 1 1 1 1 1 1 1 1 1 1 1 1 1 1 1 1 1 1 1 1 1 1 1 1 1 1 1 1 1 1 1 1 1 1 1 1 1 1 1 1 1 1 1 1 1 1 1 1 1 1 1 1 1 1 1 1 1 1 1 1 1 1 1 1 1 1 1 1 1 1 1 1 1 1 1 1 1 1 1 1 1 1 1 1 1 1 1 1 1 1 1 1 1 1 1 1 1 1 1 1 1 1 1 1 1 1 1 1 1 1 1 1 1 1 1 1 1 1 1 1 1 1 1 1 1 1 1 1 1 1 1 1 1 1 1 1 1 1 1 1 1 1 1 1 1 1 1 1 1 1 1 1 1 1 1 1 1 1 1 1 1 1 1 1 1 1 1 1 1 1 1 1 1 1 1 1 1 1 1 1 1 1 1 1 1 1 1 1 1 1 1 1 1 1 1 1 1 1 1 1 1 1 1 1 1 1 1 1 1 1 1 1 1 1 1 1 1 1 1 1 1 1 1 1 1 1 1 1 1 1 1 1 1 1 1 1 1 1 1 1 1 1 1 1 1 1 1 1 1 1 1 1 1 1 1 1 1 1 1 1 1 1 1 1 1 1 1 1 1 1 1 1 1 1 1 1 1 1 1 1 1 1 1 1 1 1 1 1 1 1 1 1 1 1 1 1 1 1 1 1 1 1 1 1 1 1 1 1 1 1 1 1 1 1 1 1 1 1 1 1 1 1 1 1 1 1 1 1 1 1 1 1 1 1 1 1 1 1 1 1 1 1 1 1 1 1 1 1 1 1 1 1 1 1 1 1 1 1 1 1 1 1 1 1 1 1 1 1 1 1 1 1 1 1 1 1 1 1 1 1 1 1 1 1 1 1 1 1 1 1 1 1 1 1 1 1 1 1 1 1 1 1 1 1 1 1 1 1 1 1 1 1 1 1 1 1 1 1 1 1 1 1 1 1 1 1 1 1 1 1 1 1 1 1 1 1 1 1 1 1 1 1 1 1 1 1 1 1 1 1 1 1 1 1 1 1 1 1 1 1 1 1 1 1 1 1 1 1 1 1 1 1 1 1 1 1 1 1 1 1 1 1 1 1 1 1 1 1 1 1 1 1 1 1 1 1 1 1 1 1 1 1 1 1 1 1 1 1 1 1 1 1 1 1 1 1 1 1 1 1 1 1 1 1 1 1 1 1 1 1 1 1 1 1 1 1 1 1 1 1 1 1 1 1 1 1 1 1 1 1 1 1 1 1 1 1 1 1 1 1 1 1 1 1 1 1 1 1 1 1 1 1 1 1 1 1 1 1 1 1 1 1 1 1 1 1 1 1 1 1 1 1 1 1 1 1 1 1 1 1 1 1 1 1 1 1 1 1 1 1 1 1 1 1 1 1 1 1 1 1 1 1 1 1 1 1 1 1 1 1 1 1 1 1 1 1 1 1 1 1 1 1 1 1 1 1 1 1 1 1 1 1 1 1 1 1 1 1 1 1 1 1 1 1 1 1 1 1 1 1 1 1 1 1 1 1 1 1 1 1 1 1 1 1 1 1 1 1 1 1 1 1 1 1 1 1 1 1 1 1 1 1 1 1 1 1 1 1 1 1 1 1 1 1 1 1 1 1 1 1 1 1 1 1 1 1 1 1 1 1 1 1 1 1 1 1 1 1 1 1 1 1 1 1 1 1 1 1 1 1 1 1 1 1 1 1 1 1 1 1 1 1 1 1 1 1 1 1 1 1 1 1 1 1 1 1 1 1 1 1 1 1 1 1 1 1 1 1 1 1 1 1 1 1 1 1 1 1 1 1 1 1 1 1 1 1 1 1 1 1 1 1 1 1 1 1 1 1 1 1 1 1 1 1 1 1 1 1 1 1 1 1 1 1 1 1 1 1 1 1 1 1 1 1 1 1 1 1 1 1 1 1 1 1 1 1 1 1 1 1 1 1 1 1 1 1 1 1 1 1 1 1 1 1 1 1 1 1 1 1 1 1 1 1 1 1 1 1 1 1 1 1 1 1 1 1 1 1 1 1 1 1 1 1 1 1 1 1 1 1 1 1 1 1 1 1 1 1 1 1 1 1 1 1 1 1 1 1 1 1 1 1 1 1 1 1 1 1 1 1 1 1 1 1 1 1 1 1 1 1 1 1 1 1 1 1 1 1 1 1 1 1 1 1 1 1 1 1 1 1 1 1 1 1 1 1 1 1 1 1 1 1 1 1 1 1 1 1 1 1 1 1 1 1 1 1 1 1 1 1 1 1 1 1 1 1 1 1 1 1 1 1 1 1 1 1 1 1 1 1 1 1 1 1 1 1 1 1 1 1 1 1 1 1 1 1 1 1 1 1 1 1 1 1 1 1 1 1 1 1 1 1 1 1 1 1 1 1 1 1 1 1 1 1 1 1 1 1 1 1 1 1 1 1 1 1 1 1 1 1 1 1 1 1 1 1 1 1 1 1 1 1 1 1 1 1 1 1 1 1 1 1 1 1 1 1 1 1 1 1 1 1 1 1 1 1 1 1 1 1 1 1 1 1 1 1 1 1 1 1 1 1 1 1 1 1 1 1 1 1 1 1 1 1 1 1 1 1 1 1 1 1 1 1 1 1 1 1 1 1 1 1 1 1 1 1 1 1 1 1 1 1 1 1 1 1 1 1 1 1 1 1 1 1 1 1 1 1 1 1 1 1 1 1 1 1 1 1 1 1 1 1 1 1 1 1 1 1 1 1 1 1 1 1 1 1 1 1 1 1 1 1 1 1 1 1 1 1 1 1 1 1 1 1 1 1 1 1 1 1 1 1 1 1 1 1 1 1 1 1 1 1 1 1 1 1 1 1 1 1 1 1 1 1 1 1 1 1 1 1 1 1 1 1 1 1 1 1 1 1 1 1 1 1 1 1 1 1 1 1 1 1 1 1 1 1 1 1 1 1 1 1 1 1 1 1 1 1 1 1 1 1 1 1 1 1 1 1 1 1 1 1 1 1 1 1 1 1 1 1 1 1 1 1 1 1 1 1 1 1 1 1 1 1 1 1 1 1 1 1 1 1 1 1 1 1 1 1 1 1 1 1 1 1 1 1 1 1 1 1 1 1 1 1 1 1 1 1 1 1 1 1 1 1 1 1 1 1 1 1 1 1 1 1 1 1 1 1 1 1 1 1 1 1 1 1 1 1 1 1 1 1 1 1 1 1 1 1 1 1 1 1 1 1 1 1 1 1 1 1 1 1 1 1 1 1 1 1 1 1 1 1 1 1 1 1 1 1 1 1 1 1 1 1 1 1 1 1 1 1 1 1 1 1 1 1 1 1 1 1 1 1 1 1 1 1 1 1 1 1 1 1 1 1 1 1 1 1 1 1 1 1 1 1 1 1 1 1 1 1 1 1 1 1 1 1 1 1 1 1 1 1 1 1 1 1 1 1 1 1 1 1 1 1 1 1 1 1 1 1 1 1 1 1 1 1 1 1 1 1 1 1 1 1 1 1 1 1 1 1 1 1 1 1 1 1 1 1 1 1 1 1 1 1 1 1 1 1 1 1 1 1 1 1 1 1 1 1 1 1 1 1 1 1 1 1 1 1 1 1 1 1 1 1 1 1 1 1 1 1 1 1 1 1 1 1 1 1 1 1 1 1 1 1 1 1 1 1 1 1 1 1 1 1 1 1 1 1 1 1 1 1 1 1 1 1 1 1 1 1 1 1 1 1 1 1 1 1 1 1 1 1 1 1 1 1 1 1 1 1 1 1 1 1 1 1 1 1 1 1 1 1 1 1 1 1 1 1 1 1 1 1 1 1 1 1 1 1 1 1 1 1 1 1 1 1 1 1 1 1 1 1 1 1 1 1 1 1 1 1 1 1 1 1 1 1 1 1 1 1 1 1 1 1 1 1 1 1 1 1 1 1 1 1 1 1 1 1 1 1 1 1 1 1 1 1 1 1 1 1 1 1 1 1 1 1 1 1 1 1 1 1 1 1 1 1 1 1 1 1 1 1 1 1 1 1 1 1 1 1 1 1 1 1 1 1 1 1 1 1 1 1 1 1 1 1 1 1 1 1 1 1 1 1 1 1 1 1 1 1 1 1 1 1 1 1 1 1 1 1 1 1 1 1 1 1 1 1 1 1 1 1 1 1 1 1 1 1 1 1 1 1 1 1 1 1 1 1 1 1 1 1 1 1 1 1 1 1 1 1 1 1 1 1 1 1 1 1 1 1 1 1 1 1 1 1 1 1 1 1 1 1 1 1 1 1 1 1 1 1 1 1 1 1 1 1 1 1 1 1 1 1 1 1 1 1 1 1 1 1 1 1 1 1 1 1 1 1 1 1 1 1 1 1 1 1 1 1 1 1 1 1 1 1 1 1 1 1 1 1 1 1 1 1 1 1 1 1 1 1 1 1 1 1 1 1 1 1 1 1 1 1 1 1 1 1 1 1 1 1 1 1 1 1 1 1 1 1 1 1 1 1 1 1 1 1 1 1 1 1 1 1 1 1 1 1 1 1 1 1 1 1 1 1 1 1 1 1 1 1 1 1 1 1 1 1 1 1 1 1 1 1 1 1 1 1 1 1 1 1 1 1 1 1 1 1 1 1 1 1 1 1 1 1 1 1 1 1 1 1 1 1 1 1 1 1 1 1 1 1 1 1 1 1 1 1 1 1 1 1 1 1 1 1 1 1 1 1 1 1 1 1 1 1 1 1 1 1 1 1 1 1 1 1 1 1 1 1 1 1 1 1 1 1 1 1 1 1 1 1 1 1 1 1 1 1 1 1 1 1 1 1 1 1 1 1 1 1 1 1 1 1 1 1 1 1 1 1 1 1 1 1 1 1 1 1 1 1 1 1 1 1 1 1 1 1 1 1 1 1 1 1 1 1 1 1 1 1 1 1 1 1 1 1 1 1 1 1 1 1 1 1 1 1 1 1 1 1 1 1 1 1 1 1 1 1 1 1 1 1 1 1 1 1 1 1 1 1 1 1 1 1 1 1 1 1 1 1 1 1 1 1 1 1 1 1 1 1 1 1 1 1 1 1 1 1 1 1 1 1 1 1 1 1 1 1 1 1 1 1 1 1 1 1 1 1 1 1 1 1 1 1 1 1 1 1 1 1 1 1 1 1 1 1 1 1 1 1 1 1 1 1 1 1 1 1 1 1 1 1 1 1 1 1 1 1 1 1 1 1 1 1 1 1 1 1 1 1 1 1 1 1 1 1 1 1 1 1 1 1 1 1 1 1 1 1 1 1 1 1 1 1 1 1 1 1 1 1 1 1 1 1 1 1 1 1 1 1 1 1 1 1 1 1 1 1 1 1 1 1 1 1 1 1 1 1 1 1 1 1 1 1 1 1 1 1 1 1 1 1 1 1 1 1 1 1 1 1 1 1 1 1 1 1 1 1 1 1 1 1 1 1 1 1 1 1 1 1 1 1 1 1 1 1 1 1 1 1 1 1 1 1 1 1 1 1 1 1 1 1 1 1 1 1 1 1 1 1 1 1 1 1 1 1 1 1 1 1 1 1 1 1 1 1 1 1 1 1 1 1 1 1 1 1 1 1 1 1 1 1 1 1 1 1 1 1 1 1 1 1 1 1 1 1 1 1 1 1 1 1 1 1 1 1 1 1 1 1 1 1 1 1 1 1 1 1 1 1 1 1 1 1 1 1 1 1 1 1 1 1 1 1 1 1 1 1 1 1 1 1 1 1 1 1 1 1 1 1 1 1 1 1 1 1 1 1 1 1 1 1 1 1 1 1 1 1 1 1 1 1 1 1 1 1 1 1 1 1 1 1 1 1 1 1 1 1 1 1 1 1 1 1 1 1 1 1 1 1 1 1 1 1 1 1 1 1 1 1 1 1 1 1 1 1 1 1 1 1 1 1 1 1 1 1 1 1 1 1 1 1 1 1 1 1 1 1 1 1 1 1 1 1 1 1 1 1 1 1 1 1 1 1 1 1 1 1 1 1 1 1 1 1 1 1 1 1 1 1 1 1 1 1 1 1 1 1 1 1 1 1 1 1 1 1 1 1 1 1 1 1 1 1 1 1 1 1 1 1 1 1 1 1 1 1 1 1 1 1 1 1 1 1 1 1 1 1 1 1 1 1 1 1 1 1 1 1 1 1 1 1 1 1 1 1 1 1 1 1 1 1 1 1 1 1 1 1 1 1 1 1 1 1 1 1 1 1 1 1 1 1 1 1 1 1 1 1 1 1 1 1 1 1 1 1 1 1 1 1 1 1 1 1 1 1 1 1 1 1 1 1 1 1 1 1 1 1 1 1 1 1 1 1 1 1 1 1 1 1 1 1 1 1 1 1 1 1 1 1 1 1 1 1 1 1 1 1 1 1 1 1 1 1 1 1 1 1 1 1 1 1 1 1 1 1 1 1 1 1 1 1 1 1 1 1 1 1 1 1 1 1 1 1 1 1 1 1 1 1 1 1 1 1 1 1 1 1 1 1 1 1 1 1 1 1 1 1 1 1 1 1 1 1 1 1 1 1 1 1 1 1 1 1 1 1 1 1 1 1 1 1 1 1 1 1 1 1 1 1 1 1 1 1 1 1 1 1 1 1 1 1 1 1 1 1 1 1 1 1 1 1 1 1 1 1 1 1 1 1 1 1 1 1 1 1 1 1 1 1 1 1 1 1 1 1 1 1 1 1 1 1 1 1 1 1 1 1 1 1 1 1 1 1 1 1 1 1 1 1 1 1 1 1 1 1 1 1 1 1 1 1 1 1 1 1 1 1 1 1 1 1 1 1 1 1 1 1 1 1 1 1 1 1 1 1 1 1 1 1 1 1 1 1 1 1 1 1 1 1 1 1 1 1 1 1 1 1 1 1 1 1 1 1 1 1 1 1 1 1 1 1 1 1 1 1 1 1 1 1 1 1 1 1 1 1 1 1 1 1 1 1 1 1 1 1 1 1 1 1 1 1 1 1 1 1 1 1 1 1 1 1 1 1 1 1 1 1 1 1 1 1 1 1 1 1 1 1 1 1 1 1 1 1 1 1 1 1 1 1 1 1 1 1 1 1 1 1 1 1 1 1 1 1 1 1 1 1 1 1 1 1 1 1 1 1 1 1 1 1 1 1 1 1 1 1 1 1 1 1 1 1 1 1 1 1 1 1 1 1 1 1 1 1 1 1 1 1 1 1 1 1 1 1 1 1 1 1 1 1 1 1 1 1 1 1 1 1 1 1 1 1 1 1 1 1 1 1 1 1 1 1 1 1 1 1 1 1 1 1 1 1 1 1 1 1 1 1 1 1 1 1 1 1 1 1 1 1 1 1 1 1 1 1 1 1 1 1 1 1 1 1 1 1 1 1 1 1 1 1 1 1 1 1 1 1 1 1 1 1 1 1 1 1 1 1 1 1 1 1 1 1 1 1 1 1 1 1 1 1 1 1 1 1 1 1 1 1 1 1 1 1 1 1 1 1 1 1 1 1 1 1 1 1 1 1 1 1 1 1 1 1 1 1 1 1 1 1 1 1 1 1 1 1 1 1 1 1 1 1 1 1 1 1 1 1 1 1 1 1 1 1 1 1 1 1 1 1 1 1 1 1 1 1 1 1 1 1 1 1 1 1 1 1 1 1 1 1 1 1 1 1 1 1 1 1 1 1 1 1 1 1 1 1 1 1 1 1 1 1 1 1 1 1 1 1 1 1 1 1 1 1 1 1 1 1 1 1 1 1 1 1 1 1 1 1 1 1 1 1 1 1 1 1 1 1 1 1 1 1 1 1 1 1 1 1 1 1 1 1 1 1 1 1 1 1 1 1 1 1 1 1 1 1 1 1 1 1 1 1 1 1 1 1 1 1 1 1 1 1 1 1 1 1 1 1 1 1 1 1 1 1 1 1 1 1 1 1 1 1 1 1 1 1 1 1 1 1 1 1 1 1 1 1 1 1 1 1 1 1 1 1 1 1 1 1 1 1 1 1 1 1 1 1 1 1 1 1 1 1 1 1 1 1 1 1 1 1 1 1 1 1 1 1 1 1 1 1 1 1 1 1 1 1 1 1 1 1 1 1 1 1 1 1 1 1 1 1 1 1 1 1 1 1 1 1 1 1 1 1 1 1 1 1 1 1 1 1 1 1 1 1 1 1 1 1 1 1 1 1 1 1 1 1 1 1 1 1 1 1 1 1 1 1 1 1 1 1 1 1 1 1 1 1 1 1 1 1 1 1 1 1 1 1 1 1 1 1 1 1 1 1 1 1 1 1 1 1 1 1 1 1 1 1 1 1 1 1 1 1 1 1 1 1 1 1 1 1 1 1 1 1 1 1 1 1 1 1 1 1 1 1 1 1 1 1 1 1 1 1 1 1 1 1 1 1 1 1 1 1 1 1 1 1 1 1 1 1 1 1 1 1 1 1 1 1 1 1 1 1 1 1 1 1 1 1 1 1 1 1 1 1 1 1 1 1 1 1 1 1 1 1 1 1 1 1 1 1 1 1 1 1 1 1 1 1 1 1 1 1 1 1 1 1 1 1 1 1 1 1 1 1 1 1 1 1 1 1 1 1 1 1 1 1 1 1 1 1 1 1 1 1 1 1 1 1 1 1 1 1 1 1 1 1 1 1 1 1 1 1 1 1 1 1 1 1 1 1 1 1 1 1 1 1 1 1 1 1 1 1 1 1 1 1 1 1 1 1 1 1 1 1 1 1 1 1 1 1 1 1 1 1 1 1 1 1 1 1 1 1 1 1 1 1 1 1 1 1 1 1 1 1 1 1 1 1 1 1 1 1 1 1 1 1 1 1 1 1 1 1 1 1 1 1 1 1 1 1 1 1 1 1 1 1 1 1 1 1 1 1 1 1 1 1 1 1 1 1 1 1 1 1 1 1 1 1 1 1 1 1 1 1 1 1 1 1 1 1 1 1 1 1 1 1 1 1 1 1 1 1 1 1 1 1 1 1 1 1 1 1 1 1 1 1 1 1 1 1 1 1 1 1 1 1 1 1 1 1 1 1 1 1 1 1 1 1 1 1 1 1 1 1 1 1 1 1 1 1 1 1 1 1 1 1 1 1 1 1 1 1 1 1 1 1 1 1 1 1 1 1 1 1 1 1 1 1 1 1 1 1 1 1 1 1 1 1 1 1 1 1 1 1 1 1 1 1 1 1 1 1 1 1 1 1 1 1 1 1 1 1 1 1 1 1 1 1 1 1 1 1 1 1 1 1 1 1 1 1 1 1 1 1 1 1 1 1 1 1 1 1 1 1 1 1 1 1 1 1 1 1 1 1 1 1 1 1 1 1 1 1 1 1 1 1 1 1 1 1 1 1 1 1 1 1 1 1 1 1 1 1 1 1 1 1 1 1 1 1 1 1 1 1 1 1 1 1 1 1 1 1 1 1 1 1 1 1 1 1 1 1 1 1 1 1 1 1 1 1 1 1 1 1 1 1 1 1 1 1 1 1 1 1 1 1 1 1 1 1 1 1 1 1 1 1 1 1 1 1 1 1 1 1 1 1 1 1 1 1 1 1 1 1 1 1 1 1 1 1 1 1 1 1 1 1 1 1 1 1 1 1 1 1 1 1 1 1 1 1 1 1 1 1 1 1 1 1 1 1 1 1 1 1 1 1 1 1 1 1 1 1 1 1 1 1 1 1 1 1 1 1 1 1 1 1 1 1 1 1 1 1 1 1 1 1 1 1 1 1 1 1 1 1 1 1 1 1 1 1 1 1 1 1 1 1 1 1 1 1 1 1 1 1 1 1 1 1 1 1 1 1 1 1 1 1 1 1 1 1 1 1 1 1 1 1 1 1 1 1 1 1 1 1 1 1 1 1 1 1 1 1 1 1 1 1 1 1 1 1 1 1 1 1 1 1 1 1 1 1 1 1 1 1 1 1 1 1 1 1 1 1 1 1 1 1 1 1 1 1 1 1 1 1 1 1 1 1 1 1 1 1 1 1 1 1 1 1 1 1 1 1 1 1 1 1 1 1 1 1 1 1 1 1 1 1 1 1 1 1 1 1 1 1 1 1 1 1 1 1 1 1 1 1 1 1 1 1 1 1 1 1 1 1 1 1 1 1 1 1 1 1 1 1 1 1 1 1 1 1 1 1 1 1 1 1 1 1 1 1 1 1 1 1 1 1 1 1 1 1 1 1 1 1 1 1 1 1 1 1 1 1 1 1 1 1 1 1 1 1 1 1 1 1 1 1 1 1 1 1 1 1 1 1 1 1 1 1 1 1 1 1 1 1 1 1 1 1 1 1 1 1 1 1 1 1 1 1 1 1 1 1 1 1 1 1 1 1 1 1 1 1 1 1 1 1 1 1 1 1 1 1 1 1 1 1 1 1 1 1 1 1 1 1 1 1 1 1 1 1 1 1 1 1 1 1 1 1 1 1 1 1 1 1 1 1 1 1 1 1 1 1 1 1 1 1 1 1 1 1 1 1 1 1 1 1 1 1 1 1 1 1 1 1 1 1 1 1 1 1 1 1 1 1 1 1 1 1 1 1 1 1 1 1 1 1 1 1 1 1 1 1 1 1 1 1 1 1 1 1 1 1 1 1 1 1 1 1 1 1 1 1 1 1 1 1 1 1 1 1 1 1 1 1 1 1 1 1 1 1 1 1 1 1 1 1 1 1 1 1 1 1 1 1 1 1 1 1 1 1 1 1 1 1 1 1 1 1 1 1 1 1 1 1 1 1 1 1 1 1 1 1 1 1 1 1 1 1 1 1 1 1 1 1 1 1 1 1 1 1 1 1 1 1 1 1 1 1 1 1 1 1 1 1 1 1 1 1 1 1 1 1 1 1 1 1 1 1 1 1 1 1 1 1 1 1 1 1 1 1 1 1 1 1 1 1 1 1 1 1 1 1 1 1 1 1 1 1 1 1 1 1 1 1 1 1 1 1 1 1 1 1 1 1 1 1 1 1 1 1 1 1 1 1 1 1 1 1 1 1 1 1 1 1 1 1 1 1 1 1 1 1 1 1 1 1 1 1 1 1 1 1 1 1 1 1 1 1 1 1 1 1 1 1 1 1 1 1 1 1 1 1 1 1 1 1 1 1 1 1 1 1 1 1 1 1 1 1 1 1 1 1 1 1 1 1 1 1 1 1 1 1 1 1 1 1 1 1 1 1 1 1 1 1 1 1 1 1 1 1 1 1 1 1 1 1 1 1 1 1 1 1 1 1 1 1 1 1 1 1 1 1 1 1 1 1 1 1 1 1 1 1 1 1 1 1 1 1 1 1 1 1 1 1 1 1 1 1 1 1 1 1 1 1 1 1 1 1 1 1 1 1 1 1 1 1 1 1 1 1 1 1 1 1 1 1 1 1 1 1 1 1 1 1 1 1 1 1 1 1 1 1 1 1 1 1 1 1 1 1 1 1 1 1 1 1 1 1 1 1 1 1 1 1 1 1 1 1 1 1 1 1 1 1 1 1 1 1 1 1 1 1 1 1 1 1 1 1 1 1 1 1 1 1 1 1 1 1 1 1 1 1 1 1 1 1 1 1 1 1 1 1 1 1 1 1 1 1 1 1 1 1 1 1 1 1 1 1 1 1 1 1 1 1 1 1 1 1 1 1 1 1 1 1 1 1 1 1 1 1 1 1 1 1 1 1 1 1 1 1 1 1 1 1 1 1 1 1 1 1 1 1 1 1 1 1 1 1 1 1 1 1 1 1 1 1 1 1 1 1 1 1 1 1 1 1 1 1 1 1 1 1 1 1 1 1 1 1 1 1 1 1 1 1 1 1 1 1 1 1 1 1 1 1 1 1 1 1 1 1 1 1 1 1 1 1 1 1 1 1 1 1 1 1 1 1 1 1 1 1 1 1 1 1 1 1 1 1 1 1 1 1 1 1 1 1 1 1 1 1 1 1 1 1 1 1 1 1 1 1 1 1 1 1 1 1 1 1 1 1 1 1 1 1 1 1 1 1 1 1 1 1 1 1 1 1 1 1 1 1 1 1 1 1 1 1 1 1 1 1 1 1 1 1 1 1 1 1 1 1 1 1 1 1 1 1 1 1 1 1 1 1 1 1 1 1 1 1 1 1 1 1 1 1 1 1 1 1 1 1 1 1 1 1 1 1 1 1 1 1 1 1 1 1 1 1 1 1 1 1 1 1 1 1 1 1 1 1 1 1 1 1 1 1 1 1 1 1 1 1 1 1 1 1 1 1 1 1 1 1 1 1 1 1 1 1 1 1 1 1 1 1 1 1 1 1 1 1 1 1 1 1 1 1 1 1 1 1 1 1 1 1 1 1 1 1 1 1 1 1 1 1 1 1 1 1 1 1 1 1 1 1 1 1 1 1 1 1 1 1 1 1 1 1 1 1 1 1 1 1 1 1 1 1 1 1 1 1 1 1 1 1 1 1 1 1 1 1 1 1 1 1 1 1 1 1 1 1 1 1 1 1 1 1 1 1 1 1 1 1 1 1 1 1 1 1 1 1 1 1 1 1 1 1 1 1 1 1 1 1 1 1 1 1 1 1 1 1 1 1 1 1 1 1 1 1 1 1 1 1 1 1 1 1 1 1 1 1 1 1 1 1 1 1 1 1 1 1 1 1 1 1 1 1 1 1 1 1 1 1 1 1 1 1 1 1 1 1 1 1 1 1 1 1 1 1 1 1 1 1 1 1 1 1 1 1 1 1 1 1 1 1 1 1 1 1 1 1 1 1 1 1 1 1 1 1 1 1 1 1 1 1 1 1 1 1 1 1 1 1 1 1 1 1 1 1 1 1 1 1 1 1 1 1 1 1 1 1 1 1 1 1 1 1 1 1 1 1 1 1 1 1 1 1 1 1 1 1 1 1 1 1 1 1 1 1 1 1 1 1 1 1 1 1 1 1 1 1 1 1 1 1 1 1 1 1 1 1 1 1 1 1 1 1 1 1 1 1 1 1 1 1 1 1 1 1 1 1 1 1 1 1 1 1 1 1 1 1 1 1 1 1 1 1 1 1 1 1 1 1 1 1 1 1 1 1 1 1 1 1 1 1 1 1 1 1 1 1 1 1 1 1 1 1 1 1 1 1 1 1 1 1 1 1 1 1 1 1 1 1 1 1 1 1 1 1 1 1 1 1 1 1 1 1 1 1 1 1 1 1 1 1 1 1 1 1 1 1 1 1 1 1 1 1 1 1 1 1 1 1 1 1 1 1 1 1 1 1 1 1 1 1 1 1 1 1 1 1 1 1 1 1 1 1 1 1 1 1 1 1 1 1 1 1 1 1 1 1 1 1 1 1 1 1 1 1 1 1 1 1 1 1 1 1 1 1 1 1 1 1 1 1 1 1 1 1 1 1 1 1 1 1 1 1 1 1 1 1 1 1 1 1 1 1 1 1 1 1 1 1 1 1 1 1 1 1 1 1 1 1 1 1 1 1 1 1 1 1 1 1 1 1 1 1 1 1 1 1 1 1 1 1 1 1 1 1 1 1 1 1 1 1 1 1 1 1 1 1 1 1 1 1 1 1 1 1 1 1 1 1 1 1 1 1 1 1 1 1 1 1 1 1 1 1 1 1 1 1 1 1 1 1 1 1 1 1 1 1 1 1 1 1 1 1 1 1 1 1 1 1 1 1 1 1 1 1 1 1 1 1 1 1 1 1 1 1 1 1 1 1 1 1 1 1 1 1 1 1 1 1 1 1 1 1 1 1 1 1 1 1 1 1 1 1 1 1 1 1 1 1 1 1 1 1 1 1 1 1 1 1 1 1 1 1 1 1 1 1 1 1 1 1 1 1 1 1 1 1 1 1 1 1 1 1 1 1 1 1 1 1 1 1 1 1 1 1 1 1 1 1 1 1 1 1 1 1 1 1 1 1 1 1 1 1 1 1 1 1 1 1 1 1 1 1 1 1 1 1 1 1 1 1 1 1 1 1 1 1 1 1 1 1 1 1 1 1 1 1 1 1 1 1 1 1 1 1 1 1 1 1 1 1 1 1 1 1 1 1 1 1 1 1 1 1 1 1 1 1 1 1 1 1 1 1 1 1 1 1 1 1 1 1 1 1 1 1 1 1 1 1 1 1 1 1 1 1 1 1 1 1 1 1 1 1 1 1 1 1 1 1 1 1 1 1 1 1 1 1 1 1 1 1 1 1 1 1 1 1 1 1 1 1 1 1 1 1 1 1 1 1 1 1 1 1 1 1 1 1 1 1 1 1 1 1 1 1 1 1 1 1 1 1 1 1 1 1 1 1 1 1 1 1 1 1 1 1 1 1 1 1 1 1 1 1 1 1 1 1 1 1 1 1 1 1 1 1 1 1 1 1 1 1 1 1 1 1 1 1 1 1 1 1 1 1 1 1 1 1 1 1 1 1 1 1 1 1 1 1 1 1 1 1 1 1 1 1 1 1 1 1 1 1 1 1 1 1 1 1 1 1 1 1 1 1 1 1 1 1 1 1 1 1 1 1 1 1 1 1 1 1 1 1 1 1 1 1 1 1 1 1 1 1 1 1 1 1 1 1 1 1 1 1 1 1 1 1 1 1 1 1 1 1 1 1 1 1 1 1 1 1 1 1 1 1 1 1 1 1 1 1 1 1 1 1 1 1 1 1 1 1 1 1 1 1 1 1 1 1 1 1 1 1 1 1 1 1 1 1 1 1 1 1 1 1 1 1 1 1 1 1 1 1 1 1 1 1 1 1 1 1 1 1 1 1 1 1 1 1 1 1 1 1 1 1 1 1 1 1 1 1 1 1 1 1 1 1 1 1 1 1 1 1 1 1 1 1 1 1 1 1 1 1 1 1 1 1 1 1 1 1 1 1 1 1 1 1 1 1 1 1 1 1 1 1 1 1 1 1 1 1 1 1 1 1 1 1 1 1 1 1 1 1 1 1 1 1 1 1 1 1 1 1 1 1 1 1 1 1 1 1 1 1 1 1 1 1 1 1 1 1 1 1 1 1 1 1 1 1 1 1 1 1 1 1 1 1 1 1 1 1 1 1 1 1 1 1 1 1 1 1 1 1 1 1 1 1 1 1 1 1 1 1 1 1 1 1 1 1 1 1 1 1 1 1 1 1 1 1 1 1 1 1 1 1 1 1 1 1 1 1 1 1 1 1 1 1 1 1 1 1 1 1 1 1 1 1 1 1 1 1 1 1 1 1 1 1 1 1 1 1 1 1 1 1 1 1 1 1 1 1 1 1 1 1 1 1 1 1 1 1 1 1 1 1 1 1 1 1 1 1 1 1 1 1 1 1 1 1 1 1 1 1 1 1 1 1 1 1 1 1 1 1 1 1 1 1 1 1 1 1 1 1 1 1 1 1 1 1 1 1 1 1 1 1 1 1 1 1 1 1 1 1 1 1 1 1 1 1 1 1 1 1 1 1 1 1 1 1 1 1 1 1 1 1 1 1 1 1 1 1 1 1 1 1 1 1 1 1 1 1 1 1 1 1 1 1 1 1 1 1 1 1 1 1 1 1 1 1 1 1 1 1 1 1 1 1 1 1 1 1 1 1 1 1 1 1 1 1 1 1 1 1 1 1 1 1 1 1 1 1 1 1 1 1 1 1 1 1 1 1 1 1 1 1 1 1 1 1 1 1 1 1 1 1 1 1 1 1 1 1 1 1 1 1 1 1 1 1 1 1 1 1 1 1 1 1 1 1 1 1 1 1 1 1 1 1 1 1 1 1 1 1 1 1 1 1 1 1 1 1 1 1 1 1 1 1 1 1 1 1 1 1 1 1 1 1 1 1 1 1 1 1 1 1 1 1 1 1 1 1 1 1 1 1 1 1 1 1 1 1 1 1 1 1 1 1 1 1 1 1 1 1 1 1 1 1 1 1 1 1 1 1 1 1 1 1 1 1 1 1 1 1 1 1 1 1 1 1 1 1 1 1 1 1 1 1 1 1 1 1 1 1 1 1 1 1 1 1 1 1 1 1 1 1 1 1 1 1 1 1 1 1 1 1 1 1 1 1 1 1 1 1 1 1 1 1 1 1 1 1 1 1 1 1 1 1 1 1 1 1 1 1 1 1 1 1 1 1 1 1 1 1 1 1 1 1 1 1 1 1 1 1 1 1 1 1 1 1 1 1 1 1 1 1 1 1 1 1 1 1 1 1 1 1 1 1 1 1 1 1 1 1 1 1 1 1 1 1 1 1 1 1 1 1 1 1 1 1 1 1 1 1 1 1 1 1 1 1 1 1 1 1 1 1 1 1 1 1 1 1 1 1 1 1 1 1 1 1 1 1 1 1 1 1 1 1 1 1 1 1 1 1 1 1 1 1 1 1 1 1 1 1 1 1 1 1 1 1 1 1 1 1 1 1 1 1 1 1 1 1 1 1 1 1 1 1 1 1 1 1 1 1 1 1 1 1 1 1 1 1 1 1 1 1 1 1 1 1 1 1 1 1 1 1 1 1 1 1 1 1 1 1 1 1 1 1 1 1 1 1 1 1 1 1 1 1 1 1 1 1 1 1 1 1 1 1 1 1 1 1 1 1 1 1 1 1 1 1 1 1 1 1 1 1 1 1 1 1 1 1 1 1 1 1 1 1 1 1 1 1 1 1 1 1 1 1 1 1 1 1 1 1 1 1 1 1 1 1 1 1 1 1 1 1 1 1 1 1 1 1 1 1 1 1 1 1 1 1 1 1 1 1 1 1 1 1 1 1 1 1 1 1 1 1 1 1 1 1 1 1 1 1 1 1 1 1 1 1 1 1 1 1 1 1 1 1 1 1 1 1 1 1 1 1 1 1 1 1 1 1 1 1 1 1 1 1 1 1 1 1 1 1 1 1 1 1 1 1 1 1 1 1 1 1 1 1 1 1 1 1 1 1 1 1 1 1 1 1 1 1 1 1 1 1 1 1 1 1 1 1 1 1 1 1 1 1 1 1 1 1 1 1 1 1 1 1 1 1 1 1 1 1 1 1 1 1 1 1 1 1 1 1 1 1 1 1 1 1 1 1 1 1 1 1 1 1 1 1 1 1 1 1 1 1 1 1 1 1 1 1 1 1 1 1 1 1 1 1 1 1 1 1 1 1 1 1 1 1 1 1 1 1 1 1 1 1 1 1 1 1 1 1 1 1 1 1 1 1 1 1 1 1 1 1 1 1 1 1 1 1 1 1 1 1 1 1 1 1 1 1 1 1 1 1 1 1 1 1 1 1 1 1 1 1 1 1 1 1 1 1 1 1 1 1 1 1 1 1 1 1 1 1 1 1 1 1 1 1 1 1 1 1 1 1 1 1 1 1 1 1 1 1 1 1 1 1 1 1 1 1 1 1 1 1 1 1 1 1 1 1 1 1 1 1 1 1 1 1 1 1 1 1 1 1 1 1 1 1 1 1 1 1 1 1 1 1 1 1 1 1 1 1 1 1 1 1 1 1 1 1 1 1 1 1 1 1 1 1 1 1 1 1 1 1 1 1 1 1 1 1 1 1 1 1 1 1 1 1 1 1 1 1 1 1 1 1 1 1 1 1 1 1 1 1 1 1 1 1 1 1 1 1 1 1 1 1 1 1 1 1 1 1 1 1 1 1 1 1 1 1 1 1 1 1 1 1 1 1 1 1 1 1 1 1 1 1 1 1 1 1 1 1 1 1 1 1 1 1 1 1 1 1 1 1 1 1 1 1 1 1 1 1 1 1 1 1 1 1 1 1 1 1 1 1 1 1 1 1 1 1 1 1 1 1 1 1 1 1 1 1 1 1 1 1 1 1 1 1 1 1 1 1 1 1 1 1 1 1 1 1 1 1 1 1 1 1 1 1 1 1 1 1 1 1 1 1 1 1 1 1 1 1 1 1 1 1 1 1 1 1 1 1 1 1 1 1 1 1 1 1 1 1 1 1 1 1 1 1 1 1 1 1 1 1 1 1 1 1 1 1 1 1 1 1 1 1 1 1 1 1 1 1 1 1 1 1 1 1 1 1 1 1 1 1 1 1 1 1 1 1 1 1 1 1 1 1 1 1 1 1 1 1 1 1 1 1 1 1 1 1 1 1 1 1 1 1 1 1 1 1 1 1 1 1 1 1 1 1 1 1 1 1 1 1 1 1 1 1 1 1 1 1 1 1 1 1 1 1 1 1 1 1 1 1 1 1 1 1 1 1 1 1 1 1 1 1 1 1 1 1 1 1 1 1 1 1 1 1 1 1 1 1 1 1 1 1 1 1 1 1 1 1 1 1 1 1 1 1 1 1 1 1 1 1 1 1 1 1 1 1 1 1 1 1 1 1 1 1 1 1 1 1 1 1 1 1 1 1 1 1 1 1 1 1 1 1 1 1 1 1 1 1 1 1 1 1 1 1 1 1 1 1 1 1 1 1 1 1 1 1 1 1 1 1 1 1 1 1 1 1 1 1 1 1 1 1 1 1 1 1 1 1 1 1 1 1 1 1 1 1 1 1 1 1 1 1 1 1 1 1 1 1 1 1 1 1 1 1 1 1 1 1 1 1 1 1 1 1 1 1 1 1 1 1 1 1 1 1 1 1 1 1 1 1 1 1 1 1 1 1 1 1 1 1 1 1 1 1 1 1 1 1 1 1 1 1 1 1 1 1 1 1 1 1 1 1 1 1 1 1 1 1 1 1 1 1 1 1 1 1 1 1 1 1 1 1 1 1 1 1 1 1 1 1 1 1 1 1 1 1 1 1 1 1 1 1 1 1 1 1 1 1 1 1 1 1 1 1 1 1 1 1 1 1 1 1 1 1 1 1 1 1 1 1 1 1 1 1 1 1 1 1 1 1 1 1 1 1 1 1 1 1 1 1 1 1 1 1 1 1 1 1 1 1 1 1 1 1 1 1 1 1 1 1 1 1 1 1 1 1 1 1 1 1 1 1 1 1 1 1 1 1 1 1 1 1 1 1 1 1 1 1 1 1 1 1 1 1 1 1 1 1 1 1 1 1 1 1 1 1 1 1 1 1 1 1 1 1 1 1 1 1 1 1 1 1 1 1 1 1 1 1 1 1 1 1 1 1 1 1 1 1 1 1 1 1 1 1 1 1 1 1 1 1 1 1 1 1 1 1 1 1 1 1 1 1 1 1 1 1 1 1 1 1 1 1 1 1 1 1 1 1 1 1 1 1 1 1 1 1 1 1 1 1 1 1 1 1 1 1 1 1 1 1 1 1 1 1 1 1 1 1 1 1 1 1 1 1 1 1 1 1 1 1 1 1 1 1 1 1 1 1 1 1 1 1 1 1 1 1 1 1 1 1 1 1 1 1 1 1 1 1 1 1 1 1 1 1 1 1 1 1 1 1 1 1 1 1 1 1 1 1 1 1 1 1 1 1 1 1 1 1 1 1 1 1 1 1 1 1 1 1 1 1 1 1 1 1 1 1 1 1 1 1 1 1 1 1 1 1 1 1 1 1 1 1 1 1 1 1 1 1 1 1 1 1 1 1 1 1 1 1 1 1 1 1 1 1 1 1 1 1 1 1 1 1 1 1 1 1 1 1 1 1 1 1 1 1 1 1 1 1 1 1 1 1 1 1 1 1 1 1 1 1 1 1 1 1 1 1 1 1 1 1 1 1 1 1 1 1 1 1 1 1 1 1 1 1 1 1 1 1 1 1 1 1 1 1 1 1 1 1 1 1 1 1 1 1 1 1 1 1 1 1 1 1 1 1 1 1 1 1 1 1 1 1 1 1 1 1 1 1 1 1 1 1 1 1 1 1 1 1 1 1 1 1 1 1 1 1 1 1 1 1 1 1 1 1 1 1 1 1 1 1 1 1 1 1 1 1 1 1 1 1 1 1 1 1 1 1 1 1 1 1 1 1 1 1 1 1 1 1 1 1 1 1 1 1 1 1 1 1 1 1 1 1 1 1 1 1 1 1 1 1 1 1 1 1 1 1 1 1 1 1 1 1 1 1 1 1 1 1 1 1 1 1 1 1 1 1 1 1 1 1 1 1 1 1 1 1 1 1 1 1 1 1 1 1 1 1 1 1 1 1 1 1 1 1 1 1 1 1 1 1 1 1 1 1 1 1 1 1 1 1 1 1 1 1 1 1 1 1 1 1 1 1 1 1 1 1 1 1 1 1 1 1 1 1 1 1 1 1 1 1 1 1 1 1 1 1 1 1 1 1 1 1 1 1 1 1 1 1 1 1 1 1 1 1 1 1 1 1 1 1 1 1 1 1 1 1 1 1 1 1 1 1 1 1 1 1 1 1 1 1 1 1 1 1 1 1 1 1 1 1 1 1 1 1 1 1 1 1 1 1 1 1 1 1 1 1 1 1 1 1 1 1 1 1 1 1 1 1 1 1 1 1 1 1 1 1 1 1 1 1 1 1 1 1 1 1 1 1 1 1 1 1 1 1 1 1 1 1 1 1 1 1 1 1 1 1 1 1 1 1 1 1 1 1 1 1 1 1 1 1 1 1 1 1 1 1 1 1 1 1 1 1 1 1 1 1 1 1 1 1 1 1 1 1 1 1 1 1 1 1 1 1 1 1 1 1 1 1 1 1 1 1 1 1 1 1 1 1 1 1 1 1 1 1 1 1 1 1 1 1 1 1 1 1 1 1 1 1 1 1 1 1 1 1 1 1 1 1 1 1 1 1 1 1 1 1 1 1 1 1 1 1 1 1 1 1 1 1 1 1 1 1 1 1 1 1 1 1 1 1 1 1 1 1 1 1 1 1 1 1 1 1 1 1 1 1 1 1 1 1 1 1 1 1 1 1 1 1 1 1 1 1 1 1 1 1 1 1 1 1 1 1 1 1 1 1 1 1 1 1 1 1 1 1 1 1 1 1 1 1 1 1 1 1 1 1 1 1 1 1 1 1 1 1 1 1 1 1 1 1 1 1 1 1 1 1 1 1 1 1 1 1 1 1 1 1 1 1 1 1 1 1 1 1 1 1 1 1 1 1 1 1 1 1 1 1 1 1 1 1 1 1 1 1 1 1 1 1 1 1 1 1 1 1 1 1 1 1 1 1 1 1 1 1 1 1 1 1 1 1 1 1 1 1 1 1 1 1 1 1 1 1 1 1 1 1 1 1 1 1 1 1 1 1 1 1 1 1 1 1 1 1 1 1 1 1 1 1 1 1 1 1 1 1 1 1 1 1 1 1 1 1 1 1 1 1 1 1 1 1 1 1 1 1 1 1 1 1 1 1 1 1 1 1 1 1 1 1 1 1 1 1 1 1 1 1 1 1 1 1 1 1 1 1 1 1 1 1 1 1 1 1 1 1 1 1 1 1 1 1 1 1 1 1 1 1 1 1 1 1 1 1 1 1 1 1 1 1 1 1 1 1 1 1 1 1 1 1 1 1 1 1 1 1 1 1 1 1 1 1 1 1 1 1 1 1 1 1 1 1 1 1 1 1 1 1 1 1 1 1 1 1 1 1 1 1 1 1 1 1 1 1 1 1 1 1 1 1 1 1 1 1 1 1 1 1 1 1 1 1 1 1 1 1 1 1 1 1 1 1 1 1 1 1 1 1 1 1 1 1 1 1 1 1 1 1 1 1 1 1 1 1 1 1 1 1 1 1 1 1 1 1 1 1 1 1 1 1 1 1 1 1 1 1 1 1 1 1 1 1 1 1 1 1 1 1 1 1 1 1 1 1 1 1 1 1 1 1 1 1 1 1 1 1 1 1 1 1 1 1 1 1 1 1 1 1 1 1 1 1 1 1 1 1 1 1 1 1 1 1 1 1 1 1 1 1 1 1 1 1 1 1 1 1 1 1 1 1 1 1 1 1 1 1 1 1 1 1 1 1 1 1 1 1 1 1 1 1 1 1 1 1 1 1 1 1 1 1 1 1 1 1 1 1 1 1 1 1 1 1 1 1 1 1 1 1 1 1 1 1 1 1 1 1 1 1 1 1 1 1 1 1 1 1 1 1 1 1 1 1 1 1 1 1 1 1 1 1 1 1 1 1 1 1 1 1 1 1 1 1 1 1 1 1 1 1 1 1 1 1 1 1 1 1 1 1 1 1 1 1 1 1 1 1 1 1 1 1 1 1 1 1 1 1 1 1 1 1 1 1 1 1 1 1 1 1 1 1 1 1 1 1 1 1 1 1 1 1 1 1 1 1 1 1 1 1 1 1 1 1 1 1 1 1 1 1 1 1 1 1 1 1 1 1 1 1 1 1 1 1 1 1 1 1 1 1 1 1 1 1 1 1 1 1 1 1 1 1 1 1 1 1 1 1 1 1 1 1 1 1 1 1 1 1 1 1 1 1 1 1 1 1 1 1 1 1 1 1 1 1 1 1 1 1 1 1 1 1 1 1 1 1 1 1 1 1 1 1 1 1 1 1 1 1 1 1 1 1 1 1 1 1 1 1 1 1 1 1 1 1 1 1 1 1 1 1 1 1 1 1 1 1 1 1 1 1 1 1 1 1 1 1 1 1 1 1 1 1 1 1 1 1 1 1 1 1 1 1 1 1 1 1 1 1 1 1 1 1 1 1 1 1 1 1 1 1 1 1 1 1 1 1 1 1 1 1 1 1 1 1 1 1 1 1 1 1 1 1 1 1 1 1 1 1 1 1 1 1 1 1 1 1 1 1 1 1 1 1 1 1 1 1 1 1 1 1 1 1 1 1 1 1 1 1 1 1 1 1 1 1 1 1 1 1 1 1 1 1 1 1 1 1 1 1 1 1 1 1 1 1 1 1 1 1 1 1 1 1 1 1 1 1 1 1 1 1 1 1 1 1 1 1 1 1 1 1 1 1 1 1 1 1 1 1 1 1 1 1 1 1 1 1 1 1 1 1 1 1 1 1 1 1 1 1 1 1 1 1 1 1 1 1 1 1 1 1 1 1 1 1 1 1 1 1 1 1 1 1 1 1 1 1 1 1 1 1 1 1 1 1 1 1 1 1 1 1 1 1 1 1 1 1 1 1 1 1 1 1 1 1 1 1 1 1 1 1 1 1 1 1 1 1 1 1 1 1 1 1 1 1 1 1 1 1 1 1 1 1 1 1 1 1 1 1 1 1 1 1 1 1 1 1 1 1 1 1 1 1 1 1 1 1 1 1 1 1 1 1 1 1 1 1 1 1 1 1 1 1 1 1 1 1 1 1 1 1 1 1 1 1 1 1 1 1 1 1 1 1 1 1 1 1 1 1 1 1 1 1 1 1 1 1 1 1 1 1 1 1 1 1 1 1 1 1 1 1 1 1 1 1 1 1 1 1 1 1 1 1 1 1 1 1 1 1 1 1 1 1 1 1 1 1 1 1 1 1 1 1 1 1 1 1 1 1 1 1 1 1 1 1 1 1 1 1 1 1 1 1 1 1 1 1 1 1 1 1 1 1 1 1 1 1 1 1 1 1 1 1 1 1 1 1 1 1 1 1 1 1 1 1 1 1 1 1 1 1 1 1 1 1 1 1 1 1 1 1 1 1 1 1 1 1 1 1 1 1 1 1 1 1 1 1 1 1 1 1 1 1 1 1 1 1 1 1 1 1 1 1 1 1 1 1 1 1 1 1 1 1 1 1 1 1 1 1 1 1 1 1 1 1 1 1 1 1 1 1 1 1 1 1 1 1 1 1 1 1 1 1 1 1 1 1 1 1 1 1 1 1 1 1 1 1 1 1 1 1 1 1 1 1 1 1 1 1 1 1 1 1 1 1 1 1 1 1 1 1 1 1 1 1 1 1 1 1 1 1 1 1 1 1 1 1 1 1 1 1 1 1 1 1 1 1 1 1 1 1 1 1 1 1 1 1 1 1 1 1 1 1 1 1 1 1 1 1 1 1 1 1 1 1 1 1 1 1 1 1 1 1 1 1 1 1 1 1 1 1 1 1 1 1 1 1 1 1 1 1 1 1 1 1 1 1 1 1 1 1 1 1 1 1 1 1 1 1 1 1 1 1 1 1 1 1 1 1 1 1 1 1 1 1 1 1 1 1 1 1 1 1 1 1 1 1 1 1 1 1 1 1 1 1 1 1 1 1 1 1 1 1 1 1 1 1 1 1 1 1 1 1 1 1 1 1 1 1 1 1 1 1 1 1 1 1 1 1 1 1 1 1 1 1 1 1 1 1 1 1 1 1 1 1 1 1 1 1 1 1 1 1 1 1 1 1 1 1 1 1 1 1 1 1 1 1 1 1 1 1 1 1 1 1 1 1 1 1 1 1 1 1 1 1 1 1 1 1 1 1 1 1 1 1 1 1 1 1 1 1 1 1 1 1 1 1 1 1 1 1 1 1 1 1 1 1 1 1 1 1 1 1 1 1 1 1 1 1 1 1 1 1 1 1 1 1 1 1 1 1 1 1 1 1 1 1 1 1 1 1 1 1 1 1 1 1 1 1 1 1 1 1 1 1 1 1 1 1 1 1 1 1 1 1 1 1 1 1 1 1 1 1 1 1 1 1 1 1 1 1 1 1 1 1 1 1 1 1 1 1 1 1 1 1 1 1 1 1 1 1 1 1 1 1 1 1 1 1 1 1 1 1 1 1 1 1 1 1 1 1 1 1 1 1 1 1 1 1 1 1 1 1 1 1 1 1 1 1 1 1 1 1 1 1 1 1 1 1 1 1 1 1 1 1 1 1 1 1 1 1 1 1 1 1 1 1 1 1 1 1 1 1 1 1 1 1 1 1 1 1 1 1 1 1 1 1 1 1 1 1 1 1 1 1 1 1 1 1 1 1 1 1 1 1 1 1 1 1 1 1 1 1 1 1 1 1 1 1 1 1 1 1 1 1 1 1 1 1 1 1 1 1 1 1 1 1 1 1 1 1 1 1 1 1 1 1 1 1 1 1 1 1 1 1 1 1 1 1 1 1 1 1 1 1 1 1 1 1 1 1 1 1 1 1 1 1 1 1 1 1 1 1 1 1 1 1 1 1 1 1 1 1 1 1 1 1 1 1 1 1 1 1 1 1 1 1 1 1 1 1 1 1 1 1 1 1 1 1 1 1 1 1 1 1 1 1 1 1 1 1 1 1 1 1 1 1 1 1 1 1 1 1 1 1 1 1 1 1 1 1 1 1 1 1 1 1 1 1 1 1 1 1 1 1 1 1 1 1 1 1 1 1 1 1 1 1 1 1 1 1 1 1 1 1 1 1 1 1 1 1 1 1 1 1 1 1 1 1 1 1 1 1 1 1 1 1 1 1 1 1 1 1 1 1 1 1 1 1 1 1 1 1 1 1 1 1 1 1 1 1 1 1 1 1 1 1 1 1 1 1 1 1 1 1 1 1 1 1 1 1 1 1 1 1 1 1 1 1 1 1 1 1 1 1 1 1 1 1 1 1 1 1 1 1 1 1 1 1 1 1 1 1 1 1 1 1 1 1 1 1 1 1 1 1 1 1 1 1 1 1 1 1 1 1 1 1 1 1 1 1 1 1 1 1 1 1 1 1 1 1 1 1 1 1 1 1 1 1 1 1 1 1 1 1 1 1 1 1 1 1 1 1 1 1 1 1 1 1 1 1 1 1 1 1 1 1 1 1 1 1 1 1 1 1 1 1 1 1 1 1 1 1 1 1 1 1 1 1 1 1 1 1 1 1 1 1 1 1 1 1 1 1 1 1 1 1 1 1 1 1 1 1 1 1 1 1 1 1 1 1 1 1 1 1 1 1 1 1 1 1 1 1 1 1 1 1 1 1 1 1 1 1 1 1 1 1 1 1 1 1 1 1 1 1 1 1 1 1 1 1 1 1 1 1 1 1 1 1 1 1 1 1 1 1 1 1 1 1 1 1 1 1 1 1 1 1 1 1 1 1 1 1 1 1 1 1 1 1 1 1 1 1 1 1 1 1 1 1 1 1 1 1 1 1 1 1 1 1 1 1 1 1 1 1 1 1 1 1 1 1 1 1 1 1 1 1 1 1 1 1 1 1 1 1 1 1 1 1 1 1 1 1 1 1 1 1 1 1 1 1 1 1 1 1 1 1 1 1 1 1 1 1 1 1 1 1 1 1 1 1 1 1 1 1 1 1 1 1 1 1 1 1 1 1 1 1 1 1 1 1 1 1 1 1 1 1 1 1 1 1 1 1 1 1 1 1 1 1 1 1 1 1 1 1 1 1 1 1 1 1 1 1 1 1 1 1 1 1 1 1 1 1 1 1 1 1 1 1 1 1 1 1 1 1 1 1 1 1 1 1 1 1 1 1 1 1 1 1 1 1 1 1 1 1 1 1 1 1 1 1 1 1 1 1 1 1 1 1 1 1 1 1 1 1 1 1 1 1 1 1 1 1 1 1 1 1 1 1 1 1 1 1 1 1 1 1 1 1 1 1 1 1 1 1 1 1 1 1 1 1 1 1 1 1 1 1 1 1 1 1 1 1 1 1 1 1 1 1 1 1 1 1 1 1 1 1 1 1 1 1 1 1 1 1 1 1 1 1 1 1 1 1 1 1 1 1 1 1 1 1 1 1 1 1 1 1 1 1 1 1 1 1 1 1 1 1 1 1 1 1 1 1 1 1 1 1 1 1 1 1 1 1 1 1 1 1 1 1 1 1 1 1 1 1 1 1 1 1 1 1 1 1 1 1 1 1 1 1 1 1 1 1 1 1 1 1 1 1 1 1 1 1 1 1 1 1 1 1 1 1 1 1 1 1 1 1 1 1 1 1 1 1 1 1 1 1 1 1 1 1 1 1 1 1 1 1 1 1 1 1 1 1 1 1 1 1 1 1 1 1 1 1 1 1 1 1 1 1 1 1 1 1 1 1 1 1 1 1 1 1 1 1 1 1 1 1 1 1 1 1 1 1 1 1 1 1 1 1 1 1 1 1 1 1 1 1 1 1 1 1 1 1 1 1 1 1 1 1 1 1 1 1 1 1 1 1 1 1 1 1 1 1 1 1 1 1 1 1 1 1 1 1 1 1 1 1 1 1 1 1 1 1 1 1 1 1 1 1 1 1 1 1 1 1 1 1 1 1 1 1 1 1 1 1 1 1 1 1 1 1 1 1 1 1 1 1 1 1 1 1 1 1 1 1 1 1 1 1 1 1 1 1 1 1 1 1 1 1 1 1 1 1 1 1 1 1 1 1 1 1 1 1 1 1 1 1 1 1 1 1 1 1 1 1 1 1 1 1 1 1 1 1 1 1 1 1 1 1 1 1 1 1 1 1 1 1 1 1 1 1 1 1 1 1 1 1 1 1 1 1 1 1 1 1 1 1 1 1 1 1 1 1 1 1 1 1 1 1 1 1 1 1 1 1 1 1 1 1 1 1 1 1 1 1 1 1 1 1 1 1 1 1 1 1 1 1 1 1 1 1 1 1 1 1 1 1 1 1 1 1 1 1 1 1 1 1 1 1 1 1 1 1 1 1 1 1 1 1 1 1 1 1 1 1 1 1 1 1 1 1 1 1 1 1 1 1 1 1 1 1 1 1 1 1 1 1 1 1 1 1 1 1 1 1 1 1 1 1 1 1 1 1 1 1 1 1 1 1 1 1 1 1 1 1 1 1 1 1 1 1 1 1 1 1 1 1 1 1 1 1 1 1 1 1 1 1 1 1 1 1 1 1 1 1 1 1 1 1 1 1 1 1 1 1 1 1 1 1 1 1 1 1 1 1 1 1 1 1 1 1 1 1 1 1 1 1 1 1 1 1 1 1 1 1 1 1 1 1 1 1 1 1 1 1 1 1 1 1 1 1 1 1 1 1 1 1 1 1 1 1 1 1 1 1 1 1 1 1 1 1 1 1 1 1 1 1 1 1 1 1 1 1 1 1 1 1 1 1 1 1 1 1 1 1 1 1 1 1 1 1 1 1 1 1 1 1 1 1 1 1 1 1 1 1 1 1 1 1 1 1 1 1 1 1 1 1 1 1 1 1 1 1 1 1 1 1 1 1 1 1 1 1 1 1 1 1 1 1 1 1 1 1 1 1 1 1 1 1 1 1 1 1 1 1 1 1 1 1 1 1 1 1 1 1 1 1 1 1 1 1 1 1 1 1 1 1 1 1 1 1 1 1 1 1 1 1 1 1 1 1 1 1 1 1 1 1 1 1 1 1 1 1 1 1 1 1 1 1 1 1 1 1 1 1 1 1 1 1 1 1 1 1 1 1 1 1 1 1 1 1 1 1 1 1 1 1 1 1 1 1 1 1 1 1 1 1 1 1 1 1 1 1 1 1 1 1 1 1 1 1 1 1 1 1 1 1 1 1 1 1 1 1 1 1 1 1 1 1 1 1 1 1 1 1 1 1 1 1 1 1 1 1 1 1 1 1 1 1 1 1 1 1 1 1 1 1 1 1 1 1 1 1 1 1 1 1 1 1 1 1 1 1 1 1 1 1 1 1 1 1 1 1 1 1 1 1 1 1 1 1 1 1 1 1 1 1 1 1 1 1 1 1 1 1 1 1 1 1 1 1 1 1 1 1 1 1 1 1 1 1 1 1 1 1 1 1 1 1 1 1 1 1 1 1 1 1 1 1 1 1 1 1 1 1 1 1 1 1 1 1 1 1 1 1 1 1 1 1 1 1 1 1 1 1 1 1 1 1 1 1 1 1 1 1 1 1 1 1 1 1 1 1 1 1 1 1 1 1 1 1 1 1 1 1 1 1 1 1 1 1 1 1 1 1 1 1 1 1 1 1 1 1 1 1 1 1 1 1 1 1 1 1 1 1 1 1 1 1 1 1 1 1 1 1 1 1 1 1 1 1 1 1 1 1 1 1 1 1 1 1 1 1 1 1 1 1 1 1 1 1 1 1 1 1 1 1 1 1 1 1 1 1 1 1 1 1 1 1 1 1 1 1 1 1 1 1 1 1 1 1 1 1 1 1 1 1 1 1 1 1 1 1 1 1 1 1 1 1 1 1 1 1 1 1 1 1 1 1 1 1 1 1 1 1 1 1 1 1 1 1 1 1 1 1 1 1 1 1 1 1 1 1 1 1 1 1 1 1 1 1 1 1 1 1 1 1 1 1 1 1 1 1 1 1 1 1 1 1 1 1 1 1 1 1 1 1 1 1 1 1 1 1 1 1 1 1 1 1 1 1 1 1 1 1 1 1 1 1 1 1 1 1 1 1 1 1 1 1 1 1 1 1 1 1 1 1 1 1 1 1 1 1 1 1 1 1 1 1 1 1 1 1 1 1 1 1 1 1 1 1 1 1 1 1 1 1 1 1 1 1 1 1 1 1 1 1 1 1 1 1 1 1 1 1 1 1 1 1 1 1 1 1 1 1 1 1 1 1 1 1 1 1 1 1 1 1 1 1 1 1 1 1 1 1 1 1 1 1 1 1 1 1 1 1 1 1 1 1 1 1 1 1 1 1 1 1 1 1 1 1 1 1 1 1 1 1 1 1 1 1 1 1 1 1 1 1 1 1 1 1 1 1 1 1 1 1 1 1 1 1 1 1 1 1 1 1 1 1 1 1 1 1 1 1 1 1 1 1 1 1 1 1 1 1 1 1 1 1 1 1 1 1 1 1 1 1 1 1 1 1 1 1 1 1 1 1 1 1 1 1 1 1 1 1 1 1 1 1 1 1 1 1 1 1 1 1 1 1 1 1 1 1 1 1 1 1 1 1 1 1 1 1 1 1 1 1 1 1 1 1 1 1 1 1 1 1 1 1 1 1 1 1 1 1 1 1 1 1 1 1 1 1 1 1 1 1 1 1 1 1 1 1 1 1 1 1 1 1 1 1 1 1 1 1 1 1 1 1 1 1 1 1 1 1 1 1 1 1 1 1 1 1 1 1 1 1 1 1 1 1 1 1 1 1 1 1 1 1 1 1 1 1 1 1 1 1 1 1 1 1 1 1 1 1 1 1 1 1 1 1 1 1 1 1 1 1 1 1 1 1 1 1 1 1 1 1 1 1 1 1 1 1 1 1 1 1 1 1 1 1 1 1 1 1 1 1 1 1 1 1 1 1 1 1 1 1 1 1 1 1 1 1 1 1 1 1 1 1 1 1 1 1 1 1 1 1 1 1 1 1 1 1 1 1 1 1 1 1 1 1 1 1 1 1 1 1 1 1 1 1 1 1 1 1 1 1 1 1 1 1 1 1 1 1 1 1 1 1 1 1 1 1 1 1 1 1 1 1 1 1 1 1 1 1 1 1 1 1 1 1 1 1 1 1 1 1 1 1 1 1 1 1 1 1 1 1 1 1 1 1 1 1 1 1 1 1 1 1 1 1 1 1 1 1 1 1 1 1 1 1 1 1 1 1 1 1 1 1 1 1 1 1 1 1 1 1 1 1 1 1 1 1 1 1 1 1 1 1 1 1 1 1 1 1 1 1 1 1 1 1 1 1 1 1 1 1 1 1 1 1 1 1 1 1 1 1 1 1 1 1 1 1 1 1 1 1 1 1 1 1 1 1 1 1 1 1 1 1 1 1 1 1 1 1 1 1 1 1 1 1 1 1 1 1 1 1 1 1 1 1 1 1 1 1 1 1 1 1 1 1 1 1 1 1 1 1 1 1 1 1 1 1 1 1 1 1 1 1 1 1 1 1 1 1 1 1 1 1 1 1 1 1 1 1 1 1 1 1 1 1 1 1 1 1 1 1 1 1 1 1 1 1 1 1 1 1 1 1 1 1 1 1 1 1 1 1 1 1 1 1 1 1 1 1 1 1 1 1 1 1 1 1 1 1 1 1 1 1 1 1 1 1 1 1 1 1 1 1 1 1 1 1 1 1 1 1 1 1 1 1 1 1 1 1 1 1 1 1 1 1 1 1 1 1 1 1 1 1 1 1 1 1 1 1 1 1 1 1 1 1 1 1 1 1 1 1 1 1 1 1 1 1 1 1 1 1 1 1 1 1 1 1 1 1 1 1 1 1 1 1 1 1 1 1 1 1 1 1 1 1 1 1 1 1 1 1 1 1 1 1 1 1 1 1 1 1 1 1 1 1 1 1 1 1 1 1 1 1 1 1 1 1 1 1 1 1 1 1 1 1 1 1 1 1 1 1 1 1 1 1 1 1 1 1 1 1 1 1 1 1 1 1 1 1 1 1 1 1 1 1 1 1 1 1 1 1 1 1 1 1 1 1 1 1 1 1 1 1 1 1 1 1 1 1 1 1 1 1 1 1 1 1 1 1 1 1 1 1 1 1 1 1 1 1 1 1 1 1 1 1 1 1 1 1 1 1 1 1 1 1 1 1 1 1 1 1 1 1 1 1 1 1 1 1 1 1 1 1 1 1 1 1 1 1 1 1 1 1 1 1 1 1 1 1 1 1 1 1 1 1 1 1 1 1 1 1 1 1 1 1 1 1 1 1 1 1 1 1 1 1 1 1 1 1 1 1 1 1 1 1 1 1 1 1 1 1 1 1 1 1 1 1 1 1 1 1 1 1 1 1 1 1 1 1 1 1 1 1 1 1 1 1 1 1 1 1 1 1 1 1 1 1 1 1 1 1 1 1 1 1 1 1 1 1 1 1 1 1 1 1 1 1 1 1 1 1 1 1 1 1 1 1 1 1 1 1 1 1 1 1 1 1 1 1 1 1 1 1 1 1 1 1 1 1 1 1 1 1 1 1 1 1 1 1 1 1 1 1 1 1 1 1 1 1 1 1 1 1 1 1 1 1 1 1 1 1 1 1 1 1 1 1 1 1 1 1 1 1 1 1 1 1 1 1 1 1 1 1 1 1 1 1 1 1 1 1 1 1 1 1 1 1 1 1 1 1 1 1 1 1 1 1 1 1 1 1 1 1 1 1 1 1 1 1 1 1 1 1 1 1 1 1 1 1 1 1 1 1 1 1 1 1 1 1 1 1 1 1 1 1 1 1 1 1 1 1 1 1 1 1 1 1 1 1 1 1 1 1 1 1 1 1 1 1 1 1 1 1 1 1 1 1 1 1 1 1 1 1 1 1 1 1 1 1 1 1 1 1 1 1 1 1 1 1 1 1 1 1 1 1 1 1 1 1 1 1 1 1 1 1 1 1 1 1 1 1 1 1 1 1 1 1 1 1 1 1 1 1 1 1 1 1 1 1 1 1 1 1 1 1 1 1 1 1 1 1 1 1 1 1 1 1 1 1 1 1 1 1 1 1 1 1 1 1 1 1 1 1 1 1 1 1 1 1 1 1 1 1 1 1 1 1 1 1 1 1 1 1 1 1 1 1 1 1 1 1 1 1 1 1 1 1 1 1 1 1 1 1 1 1 1 1 1 1 1 1 1 1 1 1 1 1 1 1 1 1 1 1 1 1 1 1 1 1 1 1 1 1 1 1 1 1 1 1 1 1 1 1 1 1 1 1 1 1 1 1 1 1 1 1 1 1 1 1 1 1 1 1 1 1 1 1 1 1 1 1 1 1 1 1 1 1 1 1 1 1 1 1 1 1 1 1 1 1 1 1 1 1 1 1 1 1 1 1 1 1 1 1 1 1 1 1 1 1 1 1 1 1 1 1 1 1 1 1 1 1 1 1 1 1 1 1 1 1 1 1 1 1 1 1 1 1 1 1 1 1 1 1 1 1 1 1 1 1 1 1 1 1 1 1 1 1 1 1 1 1 1 1 1 1 1 1 1 1 1 1 1 1 1 1 1 1 1 1 1 1 1 1 1 1 1 1 1 1 1 1 1 1 1 1 1 1 1 1 1 1 1 1 1 1 1 1 1 1 1 1 1 1 1 1 1 1 1 1 1 1 1 1 1 1 1 1 1 1 1 1 1 1 1 1 1 1 1 1 1 1 1 1 1 1 1 1 1 1 1 1 1 1 1 1 1 1 1 1 1 1 1 1 1 1 1 1 1 1 1 1 1 1 1 1 1 1 1 1 1 1 1 1 1 1 1 1 1 1 1 1 1 1 1 1 1 1 1 1 1 1 1 1 1 1 1 1 1 1 1 1 1 1 1 1 1 1 1 1 1 1 1 1 1 1 1 1 1 1 1 1 1 1 1 1 1 1 1 1 1 1 1 1 1 1 1 1 1 1 1 1 1 1 1 1 1 1 1 1 1 1 1 1 1 1 1 1 1 1 1 1 1 1 1 1 1 1 1 1 1 1 1 1 1 1 1 1 1 1 1 1 1 1 1 1 1 1 1 1 1 1 1 1 1 1 1 1 1 1 1 1 1 1 1 1 1 1 1 1 1 1 1 1 1 1 1 1 1 1 1 1 1 1 1 1 1 1 1 1 1 1 1 1 1 1 1 1 1 1 1 1 1 1 1 1 1 1 1 1 1 1 1 1 1 1 1 1 1 1 1 1 1 1 1 1 1 1 1 1 1 1 1 1 1 1 1 1 1 1 1 1 1 1 1 1 1 1 1 1 1 1 1 1 1 1 1 1 1 1 1 1 1 1 1 1 1 1 1 1 1 1 1 1 1 1 1 1 1 1 1 1 1 1 1 1 1 1 1 1 1 1 1 1 1 1 1 1 1 1 1 1 1 1 1 1 1 1 1 1 1 1 1 1 1 1 1 1 1 1 1 1 1 1 1 1 1 1 1 1 1 1 1 1 1 1 1 1 1 1 1 1 1 1 1 1 1 1 1 1 1 1 1 1 1 1 1 1 1 1 1 1 1 1 1 1 1 1 1 1 1 1 1 1 1 1 1 1 1 1 1 1 1 1 1 1 1 1 1 1 1 1 1 1 1 1 1 1 1 1 1 1 1 1 1 1 1 1 1 1 1 1 1 1 1 1 1 1 1 1 1 1 1 1 1 1 1 1 1 1 1 1 1 1 1 1 1 1 1 1 1 1 1 1 1 1 1 1 1 1 1 1 1 1 1 1 1 1 1 1 1 1 1 1 1 1 1 1 1 1 1 1 1 1 1 1 1 1 1 1 1 1 1 1 1 1 1 1 1 1 1 1 1 1 1 1 1 1 1 1 1 1 1 1 1 1 1 1 1 1 1 1 1 1 1 1 1 1 1 1 1 1 1 1 1 1 1 1 1 1 1 1 1 1 1 1 1 1 1 1 1 1 1 1 1 1 1 1 1 1 1 1 1 1 1 1 1 1 1 1 1 1 1 1 1 1 1 1 1 1 1 1 1 1 1 1 1 1 1 1 1 1 1 1 1 1 1 1 1 1 1 1 1 1 1 1 1 1 1 1 1 1 1 1 1 1 1 1 1 1 1 1 1 1 1 1 1 1 1 1 1 1 1 1 1 1 1 1 1 1 1 1 1 1 1 1 1 1 1 1 1 1 1 1 1 1 1 1 1 1 1 1 1 1 1 1 1 1 1 1 1 1 1 1 1 1 1 1 1 1 1 1 1 1 1 1 1 1 1 1 1 1 1 1 1 1 1 1 1 1 1 1 1 1 1 1 1 1 1 1 1 1 1 1 1 1 1 1 1 1 1 1 1 1 1 1 1 1 1 1 1 1 1 1 1 1 1 1 1 1 1 1 1 1 1 1 1 1 1 1 1 1 1 1 1 1 1 1 1 1 1 1 1 1 1 1 1 1 1 1 1 1 1 1 1 1 1 1 1 1 1 1 1 1 1 1 1 1 1 1 1 1 1 1 1 1 1 1 1 1 1 1 1 1 1 1 1 1 1 1 1 1 1 1 1 1 1 1 1 1 1 1 1 1 1 1 1 1 1 1 1 1 1 1 1 1 1 1 1 1 1 1 1 1 1 1 1 1 1 1 1 1 1 1 1 1 1 1 1 1 1 1 1 1 1 1 1 1 1 1 1 1 1 1 1 1 1 1 1 1 1 1 1 1 1 1 1 1 1 1 1 1 1 1 1 1 1 1 1 1 1 1 1 1 1 1 1 1 1 1 1 1 1 1 1 1 1 1 1 1 1 1 1 1 1 1 1 1 1 1 1 1 1 1 1 1 1 1 1 1 1 1 1 1 1 1 1 1 1 1 1 1 1 1 1 1 1 1 1 1 1 1 1 1 1 1 1 1 1 1 1 1 1 1 1 1 1 1 1 1 1 1 1 1 1 1 1 1 1 1 1 1 1 1 1 1 1 1 1 1 1 1 1 1 1 1 1 1 1 1 1 1 1 1 1 1 1 1 1 1 1 1 1 1 1 1 1 1 1 1 1 1 1 1 1 1 1 1 1 1 1 1 1 1 1 1 1 1 1 1 1 1 1 1 1 1 1 1 1 1 1 1 1 1 1 1 1 1 1 1 1 1 1 1 1 1 1 1 1 1 1 1 1 1 1 1 1 1 1 1 1 1 1 1 1 1 1 1 1 1 1 1 1 1 1 1 1 1 1 1 1 1 1 1 1 1 1 1 1 1 1 1 1 1 1 1 1 1 1 1 1 1 1 1 1 1 1 1 1 1 1 1 1 1 1 1 1 1 1 1 1 1 1 1 1 1 1 1 1 1 1 1 1 1 1 1 1 1 1 1 1 1 1 1 1 1 1 1 1 1 1 1 1 1 1 1 1 1 1 1 1 1 1 1 1 1 1 1 1 1 1 1 1 1 1 1 1 1 1 1 1 1 1 1 1 1 1 1 1 1 1 1 1 1 1 1 1 1 1 1 1 1 1 1 1 1 1 1 1 1 1 1 1 1 1 1 1 1 1 1 1 1 1 1 1 1 1 1 1 1 1 1 1 1 1 1 1 1 1 1 1 1 1 1 1 1 1 1 1 1 1 1 1 1 1 1 1 1 1 1 1 1 1 1 1 1 1 1 1 1 1 1 1 1 1 1 1 1 1 1 1 1 1 1 1 1 1 1 1 1 1 1 1 1 1 1 1 1 1 1 1 1 1 1 1 1 1 1 1 1 1 1 1 1 1 1 1 1 1 1 1 1 1 1 1 1 1 1 1 1 1 1 1 1 1 1 1 1 1 1 1 1 1 1 1 1 1 1 1 1 1 1 1 1 1 1 1 1 1 1 1 1 1 1 1 1 1 1 1 1 1 1 1 1 1 1 1 1 1 1 1 1 1 1 1 1 1 1 1 1 1 1 1 1 1 1 1 1 1 1 1 1 1 1 1 1 1 1 1 1 1 1 1 1 1 1 1 1 1 1 1 1 1 1 1 1 1 1 1 1 1 1 1 1 1 1 1 1 1 1 1 1 1 1 1 1 1 1 1 1 1 1 1 1 1 1 1 1 1 1 1 1 1 1 1 1 1 1 1 1 1 1 1 1 1 1 1 1 1 1 1 1 1 1 1 1 1 1 1 1 1 1 1 1 1 1 1 1 1 1 1 1 1 1 1 1 1 1 1 1 1 1 1 1 1 1 1 1 1 1 1 1 1 1 1 1 1 1 1 1 1 1 1 1 1 1 1 1 1 1 1 1 1 1 1 1 1 1 1 1 1 1 1 1 1 1 1 1 1 1 1 1 1 1 1 1 1 1 1 1 1 1 1 1 1 1 1 1 1 1 1 1 1 1 1 1 1 1 1 1 1 1 1 1 1 1 1 1 1 1 1 1 1 1 1 1 1 1 1 1 1 1 1 1 1 1 1 1 1 1 1 1 1 1 1 1 1 1 1 1 1 1 1 1 1 1 1 1 1 1 1 1 1 1 1 1 1 1 1 1 1 1 1 1 1 1 1 1 1 1 1 1 1 1 1 1 1 1 1 1 1 1 1 1 1 1 1 1 1 1 1 1 1 1 1 1 1 1 1 1 1 1 1 1 1 1 1 1 1 1 1 1 1 1 1 1 1 1 1 1 1 1 1 1 1 1 1 1 1 1 1 1 1 1 1 1 1 1 1 1 1 1 1 1 1 1 1 1 1 1 1 1 1 1 1 1 1 1 1 1 1 1 1 1 1 1 1 1 1 1 1 1 1 1 1 1 1 1 1 1 1 1 1 1 1 1 1 1 1 1 1 1 1 1 1 1 1 1 1 1 1 1 1 1 1 1 1 1 1 1 1 1 1 1 1 1 1 1 1 1 1 1 1 1 1 1 1 1 1 1 1 1 1 1 1 1 1 1 1 1 1 1 1 1 1 1 1 1 1 1 1 1 1 1 1 1 1 1 1 1 1 1 1 1 1 1 1 1 1 1 1 1 1 1 1 1 1 1 1 1 1 1 1 1 1 1 1 1 1 1 1 1 1 1 1 1 1 1 1 1 1 1 1 1 1 1 1 1 1 1 1 1 1 1 1 1 1 1 1 1 1 1 1 1 1 1 1 1 1 1 1 1 1 1 1 1 1 1 1 1 1 1 1 1 1 1 1 1 1 1 1 1 1 1 1 1 1 1 1 1 1 1 1 1 1 1 1 1 1 1 1 1 1 1 1 1 1 1 1 1 1 1 1 1 1 1 1 1 1 1 1 1 1 1 1 1 1 1 1 1 1 1 1 1 1 1 1 1 1 1 1 1 1 1 1 1 1 1 1 1 1 1 1 1 1 1 1 1 1 1 1 1 1 1 1 1 1 1 1 1 1 1 1 1 1 1 1 1 1 1 1 1 1 1 1 1 1 1 1 1 1 1 1 1 1 1 1 1 1 1 1 1 1 1 1 1 1 1 1 1 1 1 1 1 1 1 1 1 1 1 1 1 1 1 1 1 1 1 1 1 1 1 1 1 1 1 1 1 1 1 1 1 1 1 1 1 1 1 1 1 1 1 1 1 1 1 1 1 1 1 1 1 1 1 1 1 1 1 1 1 1 1 1 1 1 1 1 1 1 1 1 1 1 1 1 1 1 1 1 1 1 1 1 1 1 1 1 1 1 1 1 1 1 1 1 1 1 1 1 1 1 1 1 1 1 1 1 1 1 1 1 1 1 1 1 1 1 1 1 1 1 1 1 1 1 1 1 1 1 1 1 1 1 1 1 1 1 1 1 1 1 1 1 1 1 1 1 1 1 1 1 1 1 1 1 1 1 1 1 1 1 1 1 1 1 1 1 1 1 1 1 1 1 1 1 1 1 1 1 1 1 1 1 1 1 1 1 1 1 1 1 1 1 1 1 1 1 1 1 1 1 1 1 1 1 1 1 1 1 1 1 1 1 1 1 1 1 1 1 1 1 1 1 1 1 1 1 1 1 1 1 1 1 1 1 1 1 1 1 1 1 1 1 1 1 1 1 1 1 1 1 1 1 1 1 1 1 1 1 1 1 1 1 1 1 1 1 1 1 1 1 1 1 1 1 1 1 1 1 1 1 1 1 1 1 1 1 1 1 1 1 1 1 1 1 1 1 1 1 1 1 1 1 1 1 1 1 1 1 1 1 1 1 1 1 1 1 1 1 1 1 1 1 1 1 1 1 1 1 1 1 1 1 1 1 1 1 1 1 1 1 1 1 1 1 1 1 1 1 1 1 1 1 1 1 1 1 1 1 1 1 1 1 1 1 1 1 1 1 1 1 1 1 1 1 1 1 1 1 1 1 1 1 1 1 1 1 1 1 1 1 1 1 1 1 1 1 1 1 1 1 1 1 1 1 1 1 1 1 1 1 1 1 1 1 1 1 1 1 1 1 1 1 1 1 1 1 1 1 1 1 1 1 1 1 1 1 1 1 1 1 1 1 1 1 1 1 1 1 1 1 1 1 1 1 1 1 1 1 1 1 1 1 1 1 1 1 1 1 1 1 1 1 1 1 1 1 1 1 1 1 1 1 1 1 1 1 1 1 1 1 1 1 1 1 1 1 1 1 1 1 1 1 1 1 1 1 1 1 1 1 1 1 1 1 1 1 1 1 1 1 1 1 1 1 1 1 1 1 1 1 1 1 1 1 1 1 1 1 1 1 1 1 1 1 1 1 1 1 1 1 1 1 1 1 1 1 1 1 1 1 1 1 1 1 1 1 1 1 1 1 1 1 1 1 1 1 1 1 1 1 1 1 1 1 1 1 1 1 1 1 1 1 1 1 1 1 1 1 1 1 1 1 1 1 1 1 1 1 1 1 1 1 1 1 1 1 1 1 1 1 1 1 1 1 1 1 1 1 1 1 1 1 1 1 1 1 1 1 1 1 1 1 1 1 1 1 1 1 1 1 1 1 1 1 1 1 1 1 1 1 1 1 1 1 1 1 1 1 1 1 1 1 1 1 1 1 1 1 1 1 1 1 1 1 1 1 1 1 1 1 1 1 1 1 1 1 1 1 1 1 1 1 1 1 1 1 1 1 1 1 1 1 1 1 1 1 1 1 1 1 1 1 1 1 1 1 1 1 1 1 1 1 1 1 1 1 1 1 1 1 1 1 1 1 1 1 1 1 1 1 1 1 1 1 1 1 1 1 1 1 1 1 1 1 1 1 1 1 1 1 1 1 1 1 1 1 1 1 1 1 1 1 1 1 1 1 1 1 1 1 1 1 1 1 1 1 1 1 1 1 1 1 1 1 1 1 1 1 1 1 1 1 1 1 1 1 1 1 1 1 1 1 1 1 1 1 1 1 1 1 1 1 1 1 1 1 1 1 1 1 1 1 1 1 1 1 1 1 1 1 1 1 1 1 1 1 1 1 1 1 1 1 1 1 1 1 1 1 1 1 1 1 1 1 1 1 1 1 1 1 1 1 1 1 1 1 1 1 1 1 1 1 1 1 1 1 1 1 1 1 1 1 1 1 1 1 1 1 1 1 1 1 1 1 1 1 1 1 1 1 1 1 1 1 1 1 1 1 1 1 1 1 1 1 1 1 1 1 1 1 1 1 1 1 1 1 1 1 1 1 1 1 1 1 1 1 1 1 1 1 1 1 1 1 1 1 1 1 1 1 1 1 1 1 1 1 1 1 1 1 1 1 1 1 1 1 1 1 1 1 1 1 1 1 1 1 1 1 1 1 1 1 1 1 1 1 1 1 1 1 1 1 1 1 1 1 1 1 1 1 1 1 1 1 1 1 1 1 1 1 1 1 1 1 1 1 1 1 1 1 1 1 1 1 1 1 1 1 1 1 1 1 1 1 1 1 1 1 1 1 1 1 1 1 1 1 1 1 1 1 1 1 1 1 1 1 1 1 1 1 1 1 1 1 1 1 1 1 1 1 1 1 1 1 1 1 1 1 1 1 1 1 1 1 1 1 1 1 1 1 1 1 1 1 1 1 1 1 1 1 1 1 1 1 1 1 1 1 1 1 1 1 1 1 1 1 1 1 1 1 1 1 1 1 1 1 1 1 1 1 1 1 1 1 1 1 1 1 1 1 1 1 1 1 1 1 1 1 1 1 1 1 1 1 1 1 1 1 1 1 1 1 1 1 1 1 1 1 1 1 1 1 1 1 1 1 1 1 1 1 1 1 1 1 1 1 1 1 1 1 1 1 1 1 1 1 1 1 1 1 1 1 1 1 1 1 1 1 1 1 1 1 1 1 1 1 1 1 1 1 1 1 1 1 1 1 1 1 1 1 1 1 1 1 1 1 1 1 1 1 1 1 1 1 1 1 1 1 1 1 1 1 1 1 1 1 1 1 1 1 1 1 1 1 1 1 1 1 1 1 1 1 1 1 1 1 1 1 1 1 1 1 1 1 1 1 1 1 1 1 1 1 1 1 1 1 1 1 1 1 1 1 1 1 1 1 1 1 1 1 1 1 1 1 1 1 1 1 1 1 1 1 1 1 1 1 1 1 1 1 1 1 1 1 1 1 1 1 1 1 1 1 1 1 1 1 1 1 1 1 1 1 1 1 1 1 1 1 1 1 1 1 1 1 1 1 1 1 1 1 1 1 1 1 1 1 1 1 1 1 1 1 1 1 1 1 1 1 1 1 1 1 1 1 1 1 1 1 1 1 1 1 1 1 1 1 1 1 1 1 1 1 1 1 1 1 1 1 1 1 1 1 1 1 1 1 1 1 1 1 1 1 1 1 1 1 1 1 1 1 1 1 1 1 1 1 1 1 1 1 1 1 1 1 1 1 1 1 1 1 1 1 1 1 1 1 1 1 1 1 1 1 1 1 1 1 1 1 1 1 1 1 1 1 1 1 1 1 1 1 1 1 1 1 1 1 1 1 1 1 1 1 1 1 1 1 1 1 1 1 1 1 1 1 1 1 1 1 1 1 1 1 1 1 1 1 1 1 1 1 1 1 1 1 1 1 1 1 1 1 1 1 1 1 1 1 1 1 1 1 1 1 1 1 1 1 1 1 1 1 1 1 1 1 1 1 1 1 1 1 1 1 1 1 1 1 1 1 1 1 1 1 1 1 1 1 1 1 1 1 1 1 1 1 1 1 1 1 1 1 1 1 1 1 1 1 1 1 1 1 1 1 1 1 1 1 1 1 1 1 1 1 1 1 1 1 1 1 1 1 1 1 1 1 1 1 1 1 1 1 1 1 1 1 1 1 1 1 1 1 1 1 1 1 1 1 1 1 1 1 1 1 1 1 1 1 1 1 1 1 1 1 1 1 1 1 1 1 1 1 1 1 1 1 1 1 1 1 1 1 1 1 1 1 1 1 1 1 1 1 1 1 1 1 1 1 1 1 1 1 1 1 1 1 1 1 1 1 1 1 1 1 1 1 1 1 1 1 1 1 1 1 1 1 1 1 1 1 1 1 1 1 1 1 1 1 1 1 1 1 1 1 1 1 1 1 1 1 1 1 1 1 1 1 1 1 1 1 1 1 1 1 1 1 1 1 1 1 1 1 1 1 1 1 1 1 1 1 1 1 1 1 1 1 1 1 1 1 1 1 1 1 1 1 1 1 1 1 1 1 1 1 1 1 1 1 1 1 1 1 1 1 1 1 1 1 1 1 1 1 1 1 1 1 1 1 1 1 1 1 1 1 1 1 1 1 1 1 1 1 1 1 1 1 1 1 1 1 1 1 1 1 1 1 1 1 1 1 1 1 1 1 1 1 1 1 1 1 1 1 1 1 1 1 1 1 1 1 1 1 1 1 1 1 1 1 1 1 1 1 1 1 1 1 1 1 1 1 1 1 1 1 1 1 1 1 1 1 1 1 1 1 1 1 1 1 1 1 1 1 1 1 1 1 1 1 1 1 1 1 1 1 1 1 1 1 1 1 1 1 1 1 1 1 1 1 1 1 1 1 1 1 1 1 1 1 1 1 1 1 1 1 1 1 1 1 1 1 1 1 1 1 1 1 1 1 1 1 1 1 1 1 1 1 1 1 1 1 1 1 1 1 1 1 1 1 1 1 1 1 1 1 1 1 1 1 1 1 1 1 1 1 1 1 1 1 1 1 1 1 1 1 1 1 1 1 1 1 1 1 1 1 1 1 1 1 1 1 1 1 1 1 1 1 1 1 1 1 1 1 1 1 1 1 1 1 1 1 1 1 1 1 1 1 1 1 1 1 1 1 1 1 1 1 1 1 1 1 1 1 1 1 1 1 1 1 1 1 1 1 1 1 1 1 1 1 1 1 1 1 1 1 1 1 1 1 1 1 1 1 1 1 1 1 1 1 1 1 1 1 1 1 1 1 1 1 1 1 1 1 1 1 1 1 1 1 1 1 1 1 1 1 1 1 1 1 1 1 1 1 1 1 1 1 1 1 1 1 1 1 1 1 1 1 1 1 1 1 1 1 1 1 1 1 1 1 1 1 1 1 1 1 1 1 1 1 1 1 1 1 1 1 1 1 1 1 1 1 1 1 1 1 1 1 1 1 1 1 1 1 1 1 1 1 1 1 1 1 1 1 1 1 1 1 1 1 1 1 1 1 1 1 1 1 1 1 1 1 1 1 1 1 1 1 1 1 1 1 1 1 1 1 1 1 1 1 1 1 1 1 1 1 1 1 1 1 1 1 1 1 1 1 1 1 1 1 1 1 1 1 1 1 1 1 1 1 1 1 1 1 1 1 1 1 1 1 1 1 1 1 1 1 1 1 1 1 1 1 1 1 1 1 1 1 1 1 1 1 1 1 1 1 1 1 1 1 1 1 1 1 1 1 1 1 1 1 1 1 1 1 1 1 1 1 1 1 1 1 1 1 1 1 1 1 1 1 1 1 1 1 1 1 1 1 1 1 1 1 1 1 1 1 1 1 1 1 1 1 1 1 1 1 1 1 1 1 1 1 1 1 1 1 1 1 1 1 1 1 1 1 1 1 1 1 1 1 1 1 1 1 1 1 1 1 1 1 1 1 1 1 1 1 1 1 1 1 1 1 1 1 1 1 1 1 1 1 1 1 1 1 1 1 1 1 1 1 1 1 1 1 1 1 1 1 1 1 1 1 1 1 1 1 1 1 1 1 1 1 1 1 1 1 1 1 1 1 1 1 1 1 1 1 1 1 1 1 1 1 1 1 1 1 1 1 1 1 1 1 1 1 1 1 1 1 1 1 1 1 1 1 1 1 1 1 1 1 1 1 1 1 1 1 1 1 1 1 1 1 1 1 1 1 1 1 1 1 1 1 1 1 1 1 1 1 1 1 1 1 1 1 1 1 1 1 1 1 1 1 1 1 1 1 1 1 1 1 1 1 1 1 1 1 1 1 1 1 1 1 1 1 1 1 1 1 1 1 1 1 1 1 1 1 1 1 1 1 1 1 1 1 1 1 1 1 1 1 1 1 1 1 1 1 1 1 1 1 1 1 1 1 1 1 1 1 1 1 1 1 1 1 1 1 1 1 1 1 1 1 1 1 1 1 1 1 1 1 1 1 1 1 1 1 1 1 1 1 1 1 1 1 1 1 1 1 1 1 1 1 1 1 1 1 1 1 1 1 1 1 1 1 1 1 1 1 1 1 1 1 1 1 1 1 1 1 1 1 1 1 1 1 1 1 1 1 1 1 1 1 1 1 1 1 1 1 1 1 1 1 1 1 1 1 1 1 1 1 1 1 1 1 1 1 1 1 1 1 1 1 1 1 1 1 1 1 1 1 1 1 1 1 1 1 1 1 1 1 1 1 1 1 1 1 1 1 1 1 1 1 1 1 1 1 1 1 1 1 1 1 1 1 1 1 1 1 1 1 1 1 1 1 1 1 1 1 1 1 1 1 1 1 1 1 1 1 1 1 1 1 1 1 1 1 1 1 1 1 1 1 1 1 1 1 1 1 1 1 1 1 1 1 1 1 1 1 1 1 1 1 1 1 1 1 1 1 1 1 1 1 1 1 1 1 1 1 1 1 1 1 1 1 1 1 1 1 1 1 1 1 1 1 1 1 1 1 1 1 1 1 1 1 1 1 1 1 1 1 1 1 1 1 1 1 1 1 1 1 1 1 1 1 1 1 1 1 1 1 1 1 1 1 1 1 1 1 1 1 1 1 1 1 1 1 1 1 1 1 1 1 1 1 1 1 1 1 1 1 1 1 1 1 1 1 1 1 1 1 1 1 1 1 1 1 1 1 1 1 1 1 1 1 1 1 1 1 1 1 1 1 1 1 1 1 1 1 1 1 1 1 1 1 1 1 1 1 1 1 1 1 1 1 1 1 1 1 1 1 1 1 1 1 1 1 1 1 1 1 1 1 1 1 1 1 1 1 1 1 1 1 1 1 1 1 1 1 1 1 1 1 1 1 1 1 1 1 1 1 1 1 1 1 1 1 1 1 1 1 1 1 1 1 1 1 1 1 1 1 1 1 1 1 1 1 1 1 1 1 1 1 1 1 1 1 1 1 1 1 1 1 1 1 1 1 1 1 1 1 1 1 1 1 1 1 1 1 1 1 1 1 1 1 1 1 1 1 1 1 1 1 1 1 1 1 1 1 1 1 1 1 1 1 1 1 1 1 1 1 1 1 1 1 1 1 1 1 1 1 1 1 1 1 1 1 1 1 1 1 1 1 1 1 1 1 1 1 1 1 1 1 1 1 1 1 1 1 1 1 1 1 1 1 1 1 1 1 1 1 1 1 1 1 1 1 1 1 1 1 1 1 1 1 1 1 1 1 1 1 1 1 1 1 1 1 1 1 1 1 1 1 1 1 1 1 1 1 1 1 1 1 1 1 1 1 1 1 1 1 1 1 1 1 1 1 1 1 1 1 1 1 1 1 1 1 1 1 1 1 1 1 1 1 1 1 1 1 1 1 1 1 1 1 1 1 1 1 1 1 1 1 1 1 1 1 1 1 1 1 1 1 1 1 1 1 1 1 1 1 1 1 1 1 1 1 1 1 1 1 1 1 1 1 1 1 1 1 1 1 1 1 1 1 1 1 1 1 1 1 1 1 1 1 1 1 1 1 1 1 1 1 1 1 1 1 1 1 1 1 1 1 1 1 1 1 1 1 1 1 1 1 1 1 1 1 1 1 1 1 1 1 1 1 1 1 1 1 1 1 1 1 1 1 1 1 1 1 1 1 1 1 1 1 1 1 1 1 1 1 1 1 1 1 1 1 1 1 1 1 1 1 1 1 1 1 1 1 1 1 1 1 1 1 1 1 1 1 1 1 1 1 1 1 1 1 1 1 1 1 1 1 1 1 1 1 1 1 1 1 1 1 1 1 1 1 1 1 1 1 1 1 1 1 1 1 1 1 1 1 1 1 1 1 1 1 1 1 1 1 1 1 1 1 1 1 1 1 1 1 1 1 1 1 1 1 1 1 1 1 1 1 1 1 1 1 1 1 1 1 1 1 1 1 1 1 1 1 1 1 1 1 1 1 1 1 1 1 1 1 1 1 1 1 1 1 1 1 1 1 1 1 1 1 1 1 1 1 1 1 1 1 1 1 1 1 1 1 1 1 1 1 1 1 1 1 1 1 1 1 1 1 1 1 1 1 1 1 1 1 1 1 1 1 1 1 1 1 1 1 1 1 1 1 1 1 1 1 1 1 1 1 1 1 1 1 1 1 1 1 1 1 1 1 1 1 1 1 1 1 1 1 1 1 1 1 1 1 1 1 1 1 1 1 1 1 1 1 1 1 1 1 1 1 1 1 1 1 1 1 1 1 1 1 1 1 1 1 1 1 1 1 1 1 1 1 1 1 1 1 1 1 1 1 1 1 1 1 1 1 1 1 1 1 1 1 1 1 1 1 1 1 1 1 1 1 1 1 1 1 1 1 1 1 1 1 1 1 1 1 1 1 1 1 1 1 1 1 1 1 1 1 1 1 1 1 1 1 1 1 1 1 1 1 1 1 1 1 1 1 1 1 1 1 1 1 1 1 1 1 1 1 1 1 1 1 1 1 1 1 1 1 1 1 1 1 1 1 1 1 1 1 1 1 1 1 1 1 1 1 1 1 1 1 1 1 1 1 1 1 1 1 1 1 1 1 1 1 1 1 1 1 1 1 1 1 1 1 1 1 1 1 1 1 1 1 1 1 1 1 1 1 1 1 1 1 1 1 1 1 1 1 1 1 1 1 1 1 1 1 1 1 1 1 1 1 1 1 1 1 1 1 1 1 1 1 1 1 1 1 1 1 1 1 1 1 1 1 1 1 1 1 1 1 1 1 1 1 1 1 1 1 1 1 1 1 1 1 1 1 1 1 1 1 1 1 1 1 1 1 1 1 1 1 1 1 1 1 1 1 1 1 1 1 1 1 1 1 1 1 1 1 1 1 1 1 1 1 1 1 1 1 1 1 1 1 1 1 1 1 1 1 1 1 1 1 1 1 1 1 1 1 1 1 1 1 1 1 1 1 1 1 1 1 1 1 1 1 1 1 1 1 1 1 1 1 1 1 1 1 1 1 1 1 1 1 1 1 1 1 1 1 1 1 1 1 1 1 1 1 1 1 1 1 1 1 1 1 1 1 1 1 1 1 1 1 1 1 1 1 1 1 1 1 1 1 1 1 1 1 1 1 1 1 1 1 1 1 1 1 1 1 1 1 1 1 1 1 1 1 1 1 1 1 1 1 1 1 1 1 1 1 1 1 1 1 1 1 1 1 1 1 1 1 1 1 1 1 1 1 1 1 1 1 1 1 1 1 1 1 1 1 1 1 1 1 1 1 1 1 1 1 1 1 1 1 1 1 1 1 1 1 1 1 1 1 1 1 1 1 1 1 1 1 1 1 1 1 1 1 1 1 1 1 1 1 1 1 1 1 1 1 1 1 1 1 1 1 1 1 1 1 1 1 1 1 1 1 1 1 1 1 1 1 1 1 1 1 1 1 1 1 1 1 1 1 1 1 1 1 1 1 1 1 1 1 1 1 1 1 1 1 1 1 1 1 1 1 1 1 1 1 1 1 1 1 1 1 1 1 1 1 1 1 1 1 1 1 1 1 1 1 1 1 1 1 1 1 1 1 1 1 1 1 1 1 1 1 1 1 1 1 1 1 1 1 1 1 1 1 1 1 1 1 1 1 1 1 1 1 1 1 1 1 1 1 1 1 1 1 1 1 1 1 1 1 1 1 1 1 1 1 1 1 1 1 1 1 1 1 1 1 1 1 1 1 1 1 1 1 1 1 1 1 1 1 1 1 1 1 1 1 1 1 1 1 1 1 1 1 1 1 1 1 1 1 1 1 1 1 1 1 1 1 1 1 1 1 1 1 1 1 1 1 1 1 1 1 1 1 1 1 1 1 1 1 1 1 1 1 1 1 1 1 1 1 1 1 1 1 1 1 1 1 1 1 1 1 1 1 1 1 1 1 1 1 1 1 1 1 1 1 1 1 1 1 1 1 1 1 1 1 1 1 1 1 1 1 1 1 1 1 1 1 1 1 1 1 1 1 1 1 1 1 1 1 1 1 1 1 1 1 1 1 1 1 1 1 1 1 1 1 1 1 1 1 1 1 1 1 1 1 1 1 1 1 1 1 1 1 1 1 1 1 1 1 1 1 1 1 1 1 1 1 1 1 1 1 1 1 1 1 1 1 1 1 1 1 1 1 1 1 1 1 1 1 1 1 1 1 1 1 1 1 1 1 1 1 1 1 1 1 1 1 1 1 1 1 1 1 1 1 1 1 1 1 1 1 1 1 1 1 1 1 1 1 1 1 1 1 1 1 1 1 1 1 1 1 1 1 1 1 1 1 1 1 1 1 1 1 1 1 1 1 1 1 1 1 1 1 1 1 1 1 1 1 1 1 1 1 1 1 1 1 1 1 1 1 1 1 1 1 1 1 1 1 1 1 1 1 1 1 1 1 1 1 1 1 1 1 1 1 1 1 1 1 1 1 1 1 1 1 1 1 1 1 1 1 1 1 1 1 1 1 1 1 1 1 1 1 1 1 1 1 1 1 1 1 1 1 1 1 1 1 1 1 1 1 1 1 1 1 1 1 1 1 1 1 1 1 1 1 1 1 1 1 1 1 1 1 1 1 1 1 1 1 1 1 1 1 1 1 1 1 1 1 1 1 1 1 1 1 1 1 1 1 1 1 1 1 1 1 1 1 1 1 1 1 1 1 1 1 1 1 1 1 1 1 1 1 1 1 1 1 1 1 1 1 1 1 1 1 1 1 1 1 1 1 1 1 1 1 1 1 1 1 1 1 1 1 1 1 1 1 1 1 1 1 1 1 1 1 1 1 1 1 1 1 1 1 1 1 1 1 1 1 1 1 1 1 1 1 1 1 1 1 1 1 1 1 1 1 1 1 1 1 1 1 1 1 1 1 1 1 1 1 1 1 1 1 1 1 1 1 1 1 1 1 1 1 1 1 1 1 1 1 1 1 1 1 1 1 1 1 1 1 1 1 1 1 1 1 1 1 1 1 1 1 1 1 1 1 1 1 1 1 1 1 1 1 1 1 1 1 1 1 1 1 1 1 1 1 1 1 1 1 1 1 1 1 1 1 1 1 1 1 1 1 1 1 1 1 1 1 1 1 1 1 1 1 1 1 1 1 1 1 1 1 1 1 1 1 1 1 1 1 1 1 1 1 1 1 1 1 1 1 1 1 1 1 1 1 1 1 1 1 1 1 1 1 1 1 1 1 1 1 1 1 1 1 1 1 1 1 1 1 1 1 1 1 1 1 1 1 1 1 1 1 1 1 1 1 1 1 1 1 1 1 1 1 1 1 1 1 1 1 1 1 1 1 1 1 1 1 1 1 1 1 1 1 1 1 1 1 1 1 1 1 1 1 1 1 1 1 1 1 1 1 1 1 1 1 1 1 1 1 1 1 1 1 1 1 1 1 1 1 1 1 1 1 1 1 1 1 1 1 1 1 1 1 1 1 1 1 1 1 1 1 1 1 1 1 1 1 1 1 1 1 1 1 1 1 1 1 1 1 1 1 1 1 1 1 1 1 1 1 1 1 1 1 1 1 1 1 1 1 1 1 1 1 1 1 1 1 1 1 1 1 1 1 1 1 1 1 1 1 1 1 1 1 1 1 1 1 1 1 1 1 1 1 1 1 1 1 1 1 1 1 1 1 1 1 1 1 1 1 1 1 1 1 1 1 1 1 1 1 1 1 1 1 1 1 1 1 1 1 1 1 1 1 1 1 1 1 1 1 1 1 1 1 1 1 1 1 1 1 1 1 1 1 1 1 1 1 1 1 1 1 1 1 1 1 1 1 1 1 1 1 1 1 1 1 1 1 1 1 1 1 1 1 1 1 1 1 1 1 1 1 1 1 1 1 1 1 1 1 1 1 1 1 1 1 1 1 1 1 1 1 1 1 1 1 1 1 1 1 1 1 1 1 1 1 1 1 1 1 1 1 1 1 1 1 1 1 1 1 1 1 1 1 1 1 1 1 1 1 1 1 1 1 1 1 1 1 1 1 1 1 1 1 1 1 1 1 1 1 1 1 1 1 1 1 1 1 1 1 1 1 1 1 1 1 1 1 1 1 1 1 1 1 1 1 1 1 1 1 1 1 1 1 1 1 1 1 1 1 1 1 1 1 1 1 1 1 1 1 1 1 1 1 1 1 1 1 1 1 1 1 1 1 1 1 1 1 1 1 1 1 1 1 1 1 1 1 1 1 1 1 1 1 1 1 1 1 1 1 1 1 1 1 1 1 1 1 1 1 1 1 1 1 1 1 1 1 1 1 1 1 1 1 1 1 1 1 1 1 1 1 1 1 1 1 1 1 1 1 1 1 1 1 1 1 1 1 1 1 1 1 1 1 1 1 1 1 1 1 1 1 1 1 1 1 1 1 1 1 1 1 1 1 1 1 1 1 1 1 1 1 1 1 1 1 1 1 1 1 1 1 1 1 1 1 1 1 1 1 1 1 1 1 1 1 1 1 1 1 1 1 1 1 1 1 1 1 1 1 1 1 1 1 1 1 1 1 1 1 1 1 1 1 1 1 1 1 1 1 1 1 1 1 1 1 1 1 1 1 1 1 1 1 1 1 1 1 1 1 1 1 1 1 1 1 1 1 1 1 1 1 1 1 1 1 1 1 1 1 1 1 1 1 1 1 1 1 1 1 1 1 1 1 1 1 1 1 1 1 1 1 1 1 1 1 1 1 1 1 1 1 1 1 1 1 1 1 1 1 1 1 1 1 1 1 1 1 1 1 1 1 1 1 1 1 1 1 1 1 1 1 1 1 1 1 1 1 1 1 1 1 1 1 1 1 1 1 1 1 1 1 1 1 1 1 1 1 1 1 1 1 1 1 1 1 1 1 1 1 1 1 1 1 1 1 1 1 1 1 1 1 1 1 1 1 1 1 1 1 1 1 1 1 1 1 1 1 1 1 1 1 1 1 1 1 1 1 1 1 1 1 1 1 1 1 1 1 1 1 1 1 1 1 1 1 1 1 1 1 1 1 1 1 1 1 1 1 1 1 1 1 1 1 1 1 1 1 1 1 1 1 1 1 1 1 1 1 1 1 1 1 1 1 1 1 1 1 1 1 1 1 1 1 1 1 1 1 1 1 1 1 1 1 1 1 1 1 1 1 1 1 1 1 1 1 1 1 1 1 1 1 1 1 1 1 1 1 1 1 1 1 1 1 1 1 1 1 1 1 1 1 1 1 1 1 1 1 1 1 1 1 1 1 1 1 1 1 1 1 1 1 1 1 1 1 1 1 1 1 1</float_array>
          <technique_common>
            <accessor source="#Untitled-mesh-colors-Col-array" count="10422" stride="3">
              <param name="R" type="float"/>
              <param name="G" type="float"/>
              <param name="B" type="float"/>
            </accessor>
          </technique_common>
        </source>
        <vertices id="Untitled-mesh-vertices">
          <input semantic="POSITION" source="#Untitled-mesh-positions"/>
        </vertices>
        <triangles material="GNN_avt_base_png-material" count="3474">
          <input semantic="VERTEX" source="#Untitled-mesh-vertices" offset="0"/>
          <input semantic="NORMAL" source="#Untitled-mesh-normals" offset="1"/>
          <input semantic="TEXCOORD" source="#Untitled-mesh-map-0" offset="2" set="0"/>
          <input semantic="COLOR" source="#Untitled-mesh-colors-Col" offset="3" set="0"/>
          <p>0 0 0 0 1 1 1 1 2 2 2 2 3 3 3 3 4 4 4 4 5 5 5 5 6 6 6 6 5 5 7 7 4 4 8 8 5 7 9 9 6 8 10 10 7 9 11 11 8 10 12 12 7 11 13 13 6 12 14 14 7 11 15 15 8 10 16 16 9 13 17 17 10 14 18 18 9 13 19 19 8 10 20 20 9 15 21 21 10 16 22 22 11 17 23 23 12 18 24 24 11 19 25 25 10 20 26 26 13 21 27 27 14 22 28 28 12 23 29 29 15 24 30 30 14 22 31 31 13 21 32 32 16 25 33 33 15 24 34 34 13 21 35 35 17 26 36 36 15 24 37 37 16 25 38 38 18 27 39 39 17 26 40 40 16 25 41 41 19 28 42 42 17 29 43 43 18 30 44 44 20 31 45 45 19 32 46 46 18 33 47 47 21 34 48 48 19 32 49 49 20 31 50 50 22 35 51 51 23 36 52 52 24 37 53 53 25 38 54 54 24 37 55 55 23 36 56 56 24 37 57 57 25 38 58 58 26 39 59 59 27 40 60 60 26 39 61 61 25 38 62 62 26 39 63 63 27 40 64 64 28 41 65 65 29 42 66 66 28 41 67 67 27 40 68 68 28 41 69 69 29 42 70 70 30 43 71 71 31 44 72 72 30 43 73 73 29 42 74 74 31 44 75 75 32 45 76 76 30 43 77 77 30 43 78 78 32 45 79 79 33 46 80 80 32 45 81 81 34 47 82 82 33 46 83 83 33 46 84 84 34 47 85 85 35 48 86 86 34 47 87 87 36 49 88 88 35 48 89 89 35 48 90 90 36 49 91 91 37 50 92 92 36 51 93 93 38 52 94 94 37 53 95 95 37 54 96 96 38 55 97 97 39 56 98 98 40 57 99 99 41 58 100 100 42 59 101 101 41 58 102 102 43 60 103 103 42 59 104 104 44 61 105 105 43 60 106 106 41 58 107 107 45 62 108 108 43 60 109 109 44 61 110 110 44 61 111 111 46 63 112 112 45 62 113 113 44 61 114 114 47 64 115 115 46 63 116 116 48 65 117 117 49 66 118 118 50 67 119 119 48 65 120 120 51 68 121 121 49 66 122 122 52 69 123 123 49 66 124 124 51 68 125 125 52 69 126 126 51 68 127 127 53 70 128 128 53 70 129 129 54 71 130 130 52 69 131 131 54 71 132 132 55 72 133 133 52 69 134 134 56 73 135 135 57 74 136 136 58 75 137 137 59 76 138 138 58 75 139 139 57 74 140 140 60 77 141 141 58 75 142 142 59 76 143 143 60 77 144 144 61 78 145 145 58 75 146 146 62 79 147 147 60 77 148 148 59 76 149 149 61 78 150 150 60 77 151 151 63 80 152 152 61 78 153 153 63 80 154 154 64 81 155 155 60 77 156 156 62 79 157 157 65 82 158 158 64 81 159 159 63 80 160 160 66 83 161 161 64 81 162 162 66 83 163 163 67 84 164 164 68 85 165 165 63 80 166 166 60 77 167 167 60 77 168 168 65 82 169 169 68 85 170 170 66 83 171 171 63 80 172 172 68 85 173 173 66 83 174 174 69 86 175 175 67 84 176 176 70 87 177 177 65 82 178 178 62 79 179 179 68 85 180 180 65 82 181 181 70 87 182 182 70 87 183 183 62 79 184 184 71 88 185 185 72 89 186 186 66 83 187 187 68 85 188 188 66 90 189 189 72 90 190 190 69 90 191 191 73 91 192 192 68 85 193 193 70 87 194 194 68 85 195 195 73 91 196 196 72 89 197 197 70 87 198 198 71 88 199 199 74 92 200 200 71 88 201 201 75 93 202 202 74 92 203 203 76 94 204 204 70 87 205 205 74 92 206 206 73 91 207 207 70 87 208 208 76 94 209 209 74 92 210 210 77 95 211 211 76 94 212 212 78 96 213 213 77 95 214 214 74 92 215 215 79 97 216 216 73 91 217 217 76 94 218 218 80 98 219 219 77 95 220 220 78 96 221 221 81 99 222 222 80 98 223 223 78 96 224 224 82 100 225 225 76 94 226 226 77 95 227 227 79 97 228 228 76 94 229 229 82 100 230 230 77 95 231 231 83 101 232 232 82 100 233 233 77 95 234 234 80 98 235 235 83 101 236 236 84 102 237 237 79 97 238 238 82 100 239 239 82 100 240 240 83 101 241 241 84 102 242 242 79 97 243 243 85 103 244 244 73 91 245 245 85 103 246 246 79 97 247 247 84 102 248 248 72 89 249 249 73 91 250 250 85 103 251 251 85 103 252 252 86 104 253 253 72 89 254 254 69 105 255 255 72 89 256 256 86 104 257 257 85 103 258 258 84 102 259 259 87 106 260 260 87 106 261 261 86 104 262 262 85 103 263 263 88 107 264 264 69 105 265 265 89 108 266 266 86 104 267 267 90 109 268 268 69 105 269 269 91 110 270 270 90 109 271 271 86 104 272 272 87 106 273 273 91 110 274 274 86 104 275 275 92 111 276 276 69 105 277 277 90 109 278 278 93 112 279 279 92 113 280 280 91 114 281 281 89 108 282 282 69 105 283 283 94 115 284 284 92 111 285 285 94 115 286 286 69 105 287 287 94 115 288 288 95 116 289 289 89 108 290 290 96 117 291 291 97 118 292 292 92 111 293 293 97 118 294 294 94 115 295 295 92 111 296 296 94 115 297 297 98 119 298 298 95 116 299 299 97 118 300 300 98 119 301 301 94 115 302 302 98 119 303 303 99 120 304 304 95 116 305 305 100 121 306 306 98 119 307 307 97 118 308 308 101 122 309 309 100 121 310 310 97 118 311 311 102 123 312 312 103 124 313 313 91 110 314 314 102 123 315 315 91 110 316 316 87 106 317 317 104 125 318 318 102 123 319 319 105 126 320 320 102 123 321 321 87 106 322 322 105 126 323 323 87 106 324 324 106 127 325 325 105 126 326 326 87 106 327 327 84 102 328 328 106 127 329 329 107 128 330 330 105 126 331 331 108 129 332 332 106 127 333 333 108 129 334 334 105 126 335 335 106 127 336 336 84 102 337 337 109 130 338 338 109 130 339 339 84 102 340 340 83 101 341 341 110 131 342 342 108 129 343 343 106 127 344 344 109 130 345 345 110 131 346 346 106 127 347 347 111 132 348 348 112 133 349 349 108 129 350 350 111 132 351 351 108 129 352 352 110 131 353 353 113 134 354 354 109 130 355 355 83 101 356 356 113 134 357 357 83 101 358 358 80 98 359 359 114 135 360 360 115 136 361 361 111 132 362 362 116 137 363 363 117 138 364 364 114 135 365 365 116 137 366 366 114 135 367 367 118 139 368 368 114 135 369 369 111 132 370 370 119 140 371 371 119 140 372 372 111 132 373 373 110 131 374 374 118 139 375 375 114 135 376 376 119 140 377 377 120 141 378 378 110 131 379 379 109 130 380 380 120 142 381 381 119 142 382 382 110 142 383 383 121 143 384 384 120 141 385 385 109 130 386 386 109 130 387 387 113 134 388 388 121 143 389 389 122 144 390 390 119 140 391 391 120 141 392 392 122 144 393 393 120 141 394 394 123 145 395 395 120 141 396 396 121 143 397 397 123 145 398 398 119 140 399 399 122 144 400 400 124 146 401 401 124 146 402 402 122 144 403 403 123 145 404 404 118 139 405 405 119 140 406 406 124 146 407 407 125 147 408 408 123 145 409 409 121 143 410 410 124 146 411 411 123 145 412 412 126 148 413 413 125 147 414 414 126 148 415 415 123 145 416 416 127 149 417 417 124 146 418 418 126 148 419 419 127 149 420 420 128 150 421 421 124 146 422 422 128 150 423 423 118 139 424 424 124 146 425 425 129 151 426 426 127 149 427 427 126 148 428 428 128 150 429 429 130 152 430 430 118 139 431 431 131 153 432 432 130 152 433 433 128 150 434 434 129 151 435 435 126 148 436 436 132 154 437 437 125 147 438 438 132 154 439 439 126 148 440 440 129 151 441 441 132 154 442 442 133 155 443 443 134 156 444 444 129 151 445 445 133 155 446 446 133 155 447 447 132 154 448 448 125 147 449 449 135 157 450 450 133 155 451 451 125 147 452 452 136 158 453 453 135 157 454 454 125 147 455 455 125 147 456 456 121 143 457 457 136 158 458 458 136 158 459 459 121 143 460 460 113 134 461 461 136 158 462 462 137 159 463 463 135 157 464 464 113 134 465 465 138 160 466 466 136 158 467 467 137 159 468 468 136 158 469 469 138 160 470 470 138 160 471 471 113 134 472 472 80 98 473 473 138 160 474 474 80 98 475 475 81 99 476 476 138 160 477 477 139 161 478 478 137 159 479 479 139 161 480 480 138 160 481 481 81 99 482 482 139 161 483 483 140 162 484 484 137 159 485 485 141 163 486 486 139 161 487 487 81 99 488 488 139 161 489 489 141 163 490 490 140 162 491 491 142 164 492 492 140 162 493 493 141 163 494 494 131 153 495 495 143 165 496 496 130 152 497 497 144 166 498 498 143 165 499 499 131 153 500 500 145 167 501 501 146 168 502 502 144 166 503 503 144 166 504 504 147 169 505 505 143 165 506 506 144 166 507 507 146 168 508 508 147 169 509 509 146 168 510 510 148 170 511 511 147 169 512 512 148 170 513 513 143 165 514 514 147 169 515 515 149 171 516 516 148 170 517 517 146 168 518 518 130 152 519 519 143 165 520 520 150 172 521 521 148 170 522 522 150 172 523 523 143 165 524 524 151 173 525 525 148 170 526 526 149 171 527 527 151 173 528 528 149 171 529 529 152 174 530 530 148 170 531 531 153 175 532 532 150 172 533 533 148 170 534 534 151 173 535 535 153 175 536 536 130 152 537 537 150 172 538 538 154 176 539 539 154 176 540 540 150 172 541 541 155 177 542 542 155 177 543 543 150 172 544 544 153 175 545 545 156 178 546 546 130 152 547 547 154 176 548 548 155 177 549 549 156 178 550 550 154 176 551 551 118 139 552 552 130 152 553 553 156 178 554 554 153 175 555 555 157 179 556 556 155 177 557 557 156 178 558 558 158 180 559 559 118 139 560 560 118 139 561 561 158 180 562 562 159 181 563 563 159 181 564 564 158 180 565 565 160 182 566 566 156 178 567 567 161 183 568 568 158 180 569 569 158 180 570 570 161 183 571 571 162 184 572 572 163 185 573 573 156 178 574 574 155 177 575 575 163 185 576 576 161 183 577 577 156 178 578 578 157 179 579 579 163 185 580 580 155 177 581 581 161 183 582 582 164 186 583 583 165 187 584 584 163 185 585 585 164 186 586 586 161 183 587 587 166 188 588 588 164 186 589 589 163 185 590 590 166 188 591 591 163 185 592 592 157 179 593 593 167 189 594 594 164 186 595 595 168 190 596 596 166 188 597 597 168 190 598 598 164 186 599 599 169 191 600 600 168 190 601 601 170 192 602 602 171 193 603 603 168 190 604 604 166 188 605 605 170 192 606 606 168 190 607 607 171 193 608 608 170 192 609 609 172 194 610 610 173 195 611 611 171 193 612 612 172 194 613 613 170 192 614 614 166 188 615 615 174 196 616 616 171 193 617 617 157 179 618 618 174 196 619 619 166 188 620 620 175 197 621 621 172 194 622 622 171 193 623 623 176 198 624 624 171 193 625 625 174 196 626 626 176 198 627 627 175 197 628 628 171 193 629 629 172 194 630 630 175 197 631 631 177 199 632 632 172 194 633 633 177 199 634 634 178 200 635 635 179 201 636 636 178 200 637 637 177 199 638 638 180 202 639 639 177 199 640 640 175 197 641 641 179 201 642 642 177 199 643 643 180 202 644 644 181 203 645 645 175 197 646 646 176 198 647 647 175 197 648 648 181 203 649 649 180 202 650 650 182 204 651 651 179 201 652 652 183 205 653 653 184 206 654 654 183 205 655 655 185 207 656 656 183 205 657 657 186 208 658 658 185 207 659 659 179 201 660 660 187 209 661 661 183 205 662 662 187 209 663 663 186 208 664 664 183 205 665 665 180 202 666 666 187 209 667 667 179 201 668 668 186 208 669 669 188 210 670 670 189 211 671 671 187 209 672 672 188 210 673 673 186 208 674 674 187 209 675 675 190 212 676 676 188 210 677 677 190 212 678 678 187 209 679 679 180 202 680 680 191 213 681 681 190 212 682 682 180 202 683 683 180 202 684 684 181 203 685 685 192 214 686 686 192 214 687 687 193 215 688 688 180 202 689 689 194 216 690 690 193 215 691 691 192 214 692 692 194 216 693 693 192 214 694 694 195 217 695 695 196 218 696 696 194 216 697 697 195 217 698 698 181 203 699 699 197 219 700 700 192 214 701 701 192 214 702 702 197 219 703 703 195 217 704 704 196 218 705 705 195 217 706 706 198 220 707 707 197 219 708 708 198 220 709 709 195 217 710 710 198 220 711 711 199 221 712 712 196 218 713 713 200 222 714 714 199 221 715 715 201 223 716 716 202 224 717 717 201 223 718 718 199 221 719 719 198 220 720 720 202 224 721 721 199 221 722 722 203 225 723 723 202 224 724 724 198 220 725 725 198 220 726 726 204 226 727 727 203 225 728 728 198 220 729 729 197 219 730 730 204 226 731 731 204 226 732 732 205 227 733 733 203 225 734 734 197 219 735 735 205 227 736 736 204 226 737 737 205 227 738 738 206 228 739 739 203 225 740 740 197 219 741 741 181 203 742 742 207 229 743 743 207 229 744 744 205 227 745 745 197 219 746 746 181 203 747 747 176 198 748 748 207 229 749 749 205 227 750 750 208 230 751 751 206 228 752 752 206 228 753 753 208 230 754 754 209 231 755 755 207 229 756 756 210 232 757 757 205 227 758 758 210 232 759 759 208 230 760 760 205 227 761 761 211 233 762 762 207 229 763 763 176 198 764 764 211 234 765 765 210 234 766 766 207 234 767 767 174 196 768 768 211 233 769 769 176 198 770 770 210 232 771 771 212 235 772 772 208 230 773 773 208 230 774 774 212 235 775 775 213 236 776 776 214 237 777 777 210 232 778 778 211 233 779 779 214 237 780 780 211 233 781 781 174 196 782 782 212 235 783 783 210 232 784 784 214 237 785 785 214 237 786 786 174 196 787 787 215 238 788 788 212 235 789 789 214 237 790 790 215 238 791 791 157 179 792 792 215 238 793 793 174 196 794 794 216 239 795 795 213 236 796 796 212 235 797 797 212 235 798 798 215 238 799 799 216 239 800 800 217 240 801 801 213 236 802 802 216 239 803 803 218 241 804 804 215 238 805 805 157 179 806 806 218 241 807 807 216 239 808 808 215 238 809 809 157 179 810 810 153 175 811 811 218 241 812 812 151 173 813 813 218 241 814 814 153 175 815 815 219 242 816 816 216 239 817 817 218 241 818 818 218 241 819 819 151 173 820 820 219 242 821 821 219 242 822 822 217 240 823 823 216 239 824 824 152 174 825 825 219 242 826 826 151 173 827 827 220 243 828 828 217 240 829 829 219 242 830 830 219 242 831 831 152 174 832 832 220 243 833 833 221 244 834 834 217 240 835 835 220 243 836 836 220 243 837 837 152 174 838 838 222 245 839 839 220 243 840 840 222 245 841 841 221 244 842 842 223 246 843 843 221 244 844 844 222 245 845 845 224 247 846 846 225 248 847 847 226 249 848 848 227 250 849 849 225 248 850 850 224 247 851 851 227 250 852 852 228 251 853 853 225 248 854 854 229 252 855 855 228 251 856 856 227 250 857 857 228 251 858 858 230 253 859 859 225 248 860 860 231 254 861 861 229 252 862 862 232 255 863 863 228 251 864 864 229 252 865 865 231 254 866 866 233 256 867 867 228 251 868 868 231 254 869 869 230 253 870 870 228 251 871 871 233 256 872 872 233 256 873 873 234 257 874 874 230 253 875 875 230 253 876 876 234 257 877 877 235 258 878 878 234 257 879 879 236 259 880 880 235 258 881 881 235 258 882 882 236 259 883 883 237 260 884 884 237 260 885 885 236 259 886 886 238 261 887 887 239 262 888 888 238 261 889 889 236 259 890 890 240 263 891 891 238 261 892 892 239 262 893 893 240 263 894 894 239 262 895 895 241 264 896 896 241 264 897 897 239 262 898 898 242 265 899 899 241 264 900 900 242 265 901 901 243 266 902 902 243 266 903 903 242 265 904 904 244 267 905 905 242 265 906 906 245 268 907 907 244 267 908 908 244 267 909 909 245 268 910 910 246 269 911 911 245 268 912 912 247 270 913 913 246 269 914 914 246 269 915 915 247 270 916 916 248 271 917 917 248 271 918 918 247 270 919 919 249 272 920 920 249 272 921 921 247 270 922 922 250 273 923 923 251 274 924 924 249 272 925 925 250 273 926 926 250 273 927 927 252 275 928 928 251 274 929 929 251 274 930 930 252 275 931 931 253 276 932 932 250 273 933 933 254 277 934 934 252 275 935 935 253 276 936 936 252 275 937 937 255 278 938 938 256 279 939 939 252 275 940 940 254 277 941 941 257 280 942 942 255 278 943 943 252 275 944 944 257 280 945 945 252 275 946 946 256 279 947 947 258 281 948 948 257 280 949 949 256 279 950 950 259 282 951 951 255 278 952 952 257 280 953 953 260 283 954 954 257 280 955 955 258 281 956 956 257 280 957 957 260 283 958 958 259 282 959 959 259 282 960 960 260 283 961 961 261 284 962 962 249 285 963 963 262 286 964 964 263 287 965 965 263 287 966 966 262 286 967 967 264 288 968 968 265 289 969 969 262 286 970 970 249 285 971 971 264 288 972 972 262 286 973 973 266 290 974 974 267 291 975 975 265 289 976 976 249 285 977 977 264 288 978 978 266 290 979 979 268 292 980 980 268 292 981 981 266 290 982 982 269 293 983 983 268 292 984 984 269 293 985 985 270 294 986 986 270 294 987 987 269 293 988 988 271 295 989 989 269 293 990 990 272 296 991 991 271 295 992 992 271 295 993 993 272 296 994 994 273 297 995 995 273 297 996 996 272 296 997 997 274 298 998 998 272 296 999 999 275 299 1000 1000 274 298 1001 1001 276 300 1002 1002 274 298 1003 1003 275 299 1004 1004 276 300 1005 1005 275 299 1006 1006 277 301 1007 1007 277 301 1008 1008 275 299 1009 1009 278 302 1010 1010 277 301 1011 1011 278 302 1012 1012 279 303 1013 1013 279 303 1014 1014 278 302 1015 1015 280 304 1016 1016 280 304 1017 1017 281 305 1018 1018 279 303 1019 1019 282 306 1020 1020 281 305 1021 1021 280 304 1022 1022 281 305 1023 1023 283 307 1024 1024 279 303 1025 1025 284 308 1026 1026 285 309 1027 1027 282 306 1028 1028 282 306 1029 1029 285 309 1030 1030 281 305 1031 1031 285 309 1032 1032 286 310 1033 1033 281 305 1034 1034 286 310 1035 1035 283 307 1036 1036 281 305 1037 1037 286 310 1038 1038 287 311 1039 1039 283 307 1040 1040 287 311 1041 1041 288 312 1042 1042 283 307 1043 1043 265 289 1044 1044 267 291 1045 1045 289 313 1046 1046 265 289 1047 1047 289 313 1048 1048 290 314 1049 1049 267 291 1050 1050 291 315 1051 1051 289 313 1052 1052 291 315 1053 1053 292 316 1054 1054 289 313 1055 1055 290 314 1056 1056 289 313 1057 1057 293 317 1058 1058 289 313 1059 1059 292 316 1060 1060 294 318 1061 1061 293 317 1062 1062 289 313 1063 1063 294 318 1064 1064 294 318 1065 1065 292 316 1066 1066 295 319 1067 1067 296 320 1068 1068 297 321 1069 1069 295 319 1070 1070 295 319 1071 1071 297 321 1072 1072 294 318 1073 1073 298 322 1074 1074 294 318 1075 1075 297 321 1076 1076 293 317 1077 1077 294 318 1078 1078 298 322 1079 1079 298 322 1080 1080 299 323 1081 1081 293 317 1082 1082 300 324 1083 1083 299 323 1084 1084 298 322 1085 1085 299 323 1086 1086 301 325 1087 1087 293 317 1088 1088 299 323 1089 1089 300 324 1090 1090 302 326 1091 1091 303 327 1092 1092 302 326 1093 1093 300 324 1094 1094 303 327 1095 1095 304 328 1096 1096 302 326 1097 1097 301 325 1098 1098 299 323 1099 1099 305 329 1100 1100 302 326 1101 1101 304 328 1102 1102 306 330 1103 1103 304 328 1104 1104 307 331 1105 1105 306 330 1106 1106 302 326 1107 1107 308 332 1108 1108 299 323 1109 1109 306 330 1110 1110 308 332 1111 1111 302 326 1112 1112 299 323 1113 1113 309 333 1114 1114 305 329 1115 1115 299 323 1116 1116 308 332 1117 1117 309 333 1118 1118 301 325 1119 1119 305 329 1120 1120 310 334 1121 1121 309 333 1122 1122 310 334 1123 1123 305 329 1124 1124 310 334 1125 1125 311 335 1126 1126 301 325 1127 1127 310 334 1128 1128 312 336 1129 1129 311 335 1130 1130 313 337 1131 1131 312 336 1132 1132 310 334 1133 1133 310 334 1134 1134 309 333 1135 1135 313 337 1136 1136 312 336 1137 1137 313 337 1138 1138 314 338 1139 1139 309 333 1140 1140 308 332 1141 1141 315 339 1142 1142 315 339 1143 1143 308 332 1144 1144 306 330 1145 1145 313 337 1146 1146 309 333 1147 1147 316 340 1148 1148 309 333 1149 1149 315 339 1150 1150 316 340 1151 1151 314 338 1152 1152 313 337 1153 1153 317 341 1154 1154 314 338 1155 1155 317 341 1156 1156 318 342 1157 1157 318 342 1158 1158 317 341 1159 1159 319 343 1160 1160 317 341 1161 1161 313 337 1162 1162 320 344 1163 1163 317 341 1164 1164 320 344 1165 1165 319 343 1166 1166 320 344 1167 1167 313 337 1168 1168 316 340 1169 1169 319 343 1170 1170 320 344 1171 1171 321 345 1172 1172 321 345 1173 1173 320 344 1174 1174 322 346 1175 1175 320 344 1176 1176 316 340 1177 1177 323 347 1178 1178 322 346 1179 1179 320 344 1180 1180 323 347 1181 1181 316 340 1182 1182 315 339 1183 1183 324 348 1184 1184 323 347 1185 1185 316 340 1186 1186 324 348 1187 1187 324 348 1188 1188 315 339 1189 1189 325 349 1190 1190 324 348 1191 1191 325 349 1192 1192 323 347 1193 1193 325 349 1194 1194 315 339 1195 1195 306 330 1196 1196 306 330 1197 1197 307 331 1198 1198 325 349 1199 1199 323 347 1200 1200 326 350 1201 1201 322 346 1202 1202 323 347 1203 1203 325 349 1204 1204 326 350 1205 1205 326 350 1206 1206 325 349 1207 1207 307 331 1208 1208 322 346 1209 1209 326 350 1210 1210 327 351 1211 1211 326 350 1212 1212 307 331 1213 1213 328 352 1214 1214 327 351 1215 1215 326 350 1216 1216 329 353 1217 1217 326 350 1218 1218 328 352 1219 1219 329 353 1220 1220 330 354 1221 1221 331 355 1222 1222 332 356 1223 1223 333 357 1224 1224 332 356 1225 1225 331 355 1226 1226 333 357 1227 1227 334 358 1228 1228 332 356 1229 1229 332 356 1230 1230 334 358 1231 1231 335 359 1232 1232 336 360 1233 1233 335 359 1234 1234 334 358 1235 1235 337 361 1236 1236 335 359 1237 1237 336 360 1238 1238 337 361 1239 1239 336 360 1240 1240 338 362 1241 1241 333 357 1242 1242 339 363 1243 1243 334 358 1244 1244 338 362 1245 1245 336 360 1246 1246 340 364 1247 1247 341 365 1248 1248 334 358 1249 1249 339 363 1250 1250 336 360 1251 1251 334 358 1252 1252 341 365 1253 1253 340 364 1254 1254 342 366 1255 1255 338 362 1256 1256 338 362 1257 1257 342 366 1258 1258 343 367 1259 1259 343 367 1260 1260 342 366 1261 1261 344 368 1262 1262 340 364 1263 1263 336 360 1264 1264 345 369 1265 1265 340 364 1266 1266 345 369 1267 1267 342 366 1268 1268 345 369 1269 1269 336 360 1270 1270 341 365 1271 1271 344 368 1272 1272 342 366 1273 1273 346 370 1274 1274 344 368 1275 1275 346 370 1276 1276 347 371 1277 1277 342 366 1278 1278 345 369 1279 1279 348 372 1280 1280 342 366 1281 1281 348 372 1282 1282 346 370 1283 1283 349 373 1284 1284 345 369 1285 1285 341 365 1286 1286 347 371 1287 1287 346 370 1288 1288 350 374 1289 1289 345 369 1290 1290 349 373 1291 1291 351 375 1292 1292 351 375 1293 1293 348 372 1294 1294 345 369 1295 1295 341 365 1296 1296 352 376 1297 1297 349 373 1298 1298 352 376 1299 1299 341 365 1300 1300 339 363 1301 1301 349 373 1302 1302 353 377 1303 1303 351 375 1304 1304 349 373 1305 1305 352 376 1306 1306 353 377 1307 1307 339 363 1308 1308 354 378 1309 1309 352 376 1310 1310 339 363 1311 1311 333 357 1312 1312 354 378 1313 1313 354 378 1314 1314 333 357 1315 1315 355 379 1316 1316 355 379 1317 1317 333 357 1318 1318 356 380 1319 1319 354 378 1320 1320 357 381 1321 1321 352 376 1322 1322 354 378 1323 1323 355 379 1324 1324 357 381 1325 1325 352 376 1326 1326 357 381 1327 1327 358 382 1328 1328 353 377 1329 1329 352 376 1330 1330 358 382 1331 1331 355 379 1332 1332 356 380 1333 1333 359 383 1334 1334 359 383 1335 1335 356 380 1336 1336 360 384 1337 1337 357 381 1338 1338 355 379 1339 1339 361 385 1340 1340 355 379 1341 1341 359 383 1342 1342 361 385 1343 1343 357 381 1344 1344 362 386 1345 1345 358 382 1346 1346 362 386 1347 1347 353 377 1348 1348 358 382 1349 1349 357 381 1350 1350 361 385 1351 1351 363 387 1352 1352 362 386 1353 1353 357 381 1354 1354 363 387 1355 1355 359 383 1356 1356 364 388 1357 1357 361 385 1358 1358 363 387 1359 1359 361 385 1360 1360 364 388 1361 1361 359 383 1362 1362 360 384 1363 1363 365 389 1364 1364 364 388 1365 1365 359 383 1366 1366 365 389 1367 1367 365 389 1368 1368 360 384 1369 1369 366 390 1370 1370 363 387 1371 1371 364 388 1372 1372 367 391 1373 1373 363 387 1374 1374 367 391 1375 1375 362 386 1376 1376 365 389 1377 1377 366 390 1378 1378 368 392 1379 1379 368 392 1380 1380 366 390 1381 1381 369 393 1382 1382 369 393 1383 1383 370 394 1384 1384 368 392 1385 1385 365 389 1386 1386 371 395 1387 1387 364 388 1388 1388 371 395 1389 1389 365 389 1390 1390 368 392 1391 1391 372 396 1392 1392 370 394 1393 1393 373 397 1394 1394 374 398 1395 1395 368 392 1396 1396 370 394 1397 1397 374 398 1398 1398 370 394 1399 1399 372 396 1400 1400 371 395 1401 1401 368 392 1402 1402 374 398 1403 1403 374 398 1404 1404 372 396 1405 1405 375 399 1406 1406 375 399 1407 1407 372 396 1408 1408 376 400 1409 1409 377 401 1410 1410 375 399 1411 1411 376 400 1412 1412 371 395 1413 1413 374 398 1414 1414 378 402 1415 1415 378 402 1416 1416 374 398 1417 1417 375 399 1418 1418 371 395 1419 1419 379 403 1420 1420 364 388 1421 1421 379 403 1422 1422 371 395 1423 1423 378 402 1424 1424 367 391 1425 1425 364 388 1426 1426 379 403 1427 1427 375 399 1428 1428 380 404 1429 1429 378 402 1430 1430 379 403 1431 1431 378 402 1432 1432 381 405 1433 1433 381 405 1434 1434 378 402 1435 1435 380 404 1436 1436 367 391 1437 1437 379 403 1438 1438 382 406 1439 1439 382 406 1440 1440 379 403 1441 1441 381 405 1442 1442 375 399 1443 1443 383 407 1444 1444 380 404 1445 1445 383 407 1446 1446 375 399 1447 1447 377 401 1448 1448 380 404 1449 1449 384 408 1450 1450 381 405 1451 1451 384 408 1452 1452 382 406 1453 1453 381 405 1454 1454 380 404 1455 1455 383 407 1456 1456 385 409 1457 1457 385 409 1458 1458 384 408 1459 1459 380 404 1460 1460 383 407 1461 1461 377 401 1462 1462 386 410 1463 1463 386 410 1464 1464 377 401 1465 1465 387 411 1466 1466 388 412 1467 1467 386 410 1468 1468 387 411 1469 1469 389 413 1470 1470 386 410 1471 1471 388 412 1472 1472 383 407 1473 1473 390 414 1474 1474 385 409 1475 1475 386 410 1476 1476 390 414 1477 1477 383 407 1478 1478 390 414 1479 1479 391 415 1480 1480 385 409 1481 1481 385 409 1482 1482 391 415 1483 1483 384 408 1484 1484 386 410 1485 1485 392 416 1486 1486 390 414 1487 1487 390 414 1488 1488 392 416 1489 1489 391 415 1490 1490 393 417 1491 1491 386 410 1492 1492 389 413 1493 1493 392 416 1494 1494 386 410 1495 1495 393 417 1496 1496 394 418 1497 1497 393 417 1498 1498 389 413 1499 1499 395 419 1500 1500 393 417 1501 1501 394 418 1502 1502 396 420 1503 1503 392 416 1504 1504 393 417 1505 1505 396 420 1506 1506 391 415 1507 1507 392 416 1508 1508 397 421 1509 1509 393 417 1510 1510 395 419 1511 1511 393 417 1512 1512 397 421 1513 1513 396 420 1514 1514 398 422 1515 1515 397 421 1516 1516 395 419 1517 1517 399 423 1518 1518 397 421 1519 1519 398 422 1520 1520 400 424 1521 1521 399 423 1522 1522 398 422 1523 1523 397 421 1524 1524 401 425 1525 1525 396 420 1526 1526 399 423 1527 1527 401 425 1528 1528 397 421 1529 1529 402 426 1530 1530 399 423 1531 1531 400 424 1532 1532 402 427 1533 1533 401 427 1534 1534 399 427 1535 1535 400 424 1536 1536 403 428 1537 1537 402 426 1538 1538 404 429 1539 1539 403 428 1540 1540 400 424 1541 1541 405 430 1542 1542 401 425 1543 1543 402 426 1544 1544 403 428 1545 1545 405 430 1546 1546 402 426 1547 1547 396 420 1548 1548 401 425 1549 1549 406 431 1550 1550 405 430 1551 1551 406 431 1552 1552 401 425 1553 1553 396 420 1554 1554 406 431 1555 1555 391 415 1556 1556 404 429 1557 1557 407 432 1558 1558 403 428 1559 1559 391 415 1560 1560 406 431 1561 1561 408 433 1562 1562 391 415 1563 1563 408 433 1564 1564 384 408 1565 1565 404 429 1566 1566 409 434 1567 1567 407 432 1568 1568 410 435 1569 1569 409 434 1570 1570 404 429 1571 1571 409 434 1572 1572 410 435 1573 1573 411 436 1574 1574 407 432 1575 1575 412 437 1576 1576 403 428 1577 1577 407 432 1578 1578 409 434 1579 1579 412 437 1580 1580 403 428 1581 1581 412 437 1582 1582 405 430 1583 1583 409 434 1584 1584 411 436 1585 1585 413 438 1586 1586 405 430 1587 1587 412 437 1588 1588 414 439 1589 1589 414 439 1590 1590 406 431 1591 1591 405 430 1592 1592 415 440 1593 1593 412 437 1594 1594 409 434 1595 1595 409 434 1596 1596 413 438 1597 1597 415 440 1598 1598 414 439 1599 1599 412 437 1600 1600 416 441 1601 1601 416 441 1602 1602 412 437 1603 1603 415 440 1604 1604 411 436 1605 1605 417 442 1606 1606 413 438 1607 1607 418 443 1608 1608 417 442 1609 1609 411 436 1610 1610 419 444 1611 1611 415 440 1612 1612 413 438 1613 1613 417 442 1614 1614 419 444 1615 1615 413 438 1616 1616 420 445 1617 1617 421 446 1618 1618 418 443 1619 1619 418 443 1620 1620 421 446 1621 1621 417 442 1622 1622 417 442 1623 1623 421 446 1624 1624 422 447 1625 1625 422 447 1626 1626 419 444 1627 1627 417 442 1628 1628 422 447 1629 1629 421 446 1630 1630 423 448 1631 1631 423 448 1632 1632 424 449 1633 1633 422 447 1634 1634 415 440 1635 1635 419 444 1636 1636 425 450 1637 1637 415 440 1638 1638 425 450 1639 1639 416 441 1640 1640 422 447 1641 1641 424 449 1642 1642 426 451 1643 1643 424 449 1644 1644 427 452 1645 1645 426 451 1646 1646 419 444 1647 1647 422 447 1648 1648 428 453 1649 1649 428 453 1650 1650 422 447 1651 1651 426 451 1652 1652 428 453 1653 1653 425 450 1654 1654 419 444 1655 1655 426 451 1656 1656 427 452 1657 1657 429 454 1658 1658 426 451 1659 1659 429 454 1660 1660 428 453 1661 1661 427 452 1662 1662 430 455 1663 1663 429 454 1664 1664 429 454 1665 1665 430 455 1666 1666 431 456 1667 1667 430 455 1668 1668 347 371 1669 1669 431 456 1670 1670 431 456 1671 1671 347 371 1672 1672 350 374 1673 1673 428 453 1674 1674 429 454 1675 1675 432 457 1676 1676 429 454 1677 1677 431 456 1678 1678 432 457 1679 1679 432 457 1680 1680 433 458 1681 1681 428 453 1682 1682 425 450 1683 1683 428 453 1684 1684 433 458 1685 1685 432 457 1686 1686 431 456 1687 1687 434 459 1688 1688 431 456 1689 1689 350 374 1690 1690 434 459 1691 1691 435 460 1692 1692 433 458 1693 1693 432 457 1694 1694 432 457 1695 1695 434 459 1696 1696 435 460 1697 1697 433 458 1698 1698 436 461 1699 1699 425 450 1700 1700 435 460 1701 1701 437 462 1702 1702 433 458 1703 1703 433 458 1704 1704 437 462 1705 1705 436 461 1706 1706 425 450 1707 1707 436 461 1708 1708 438 463 1709 1709 416 441 1710 1710 425 450 1711 1711 438 463 1712 1712 414 439 1713 1713 416 441 1714 1714 438 463 1715 1715 439 464 1716 1716 438 463 1717 1717 436 461 1718 1718 439 464 1719 1719 436 461 1720 1720 437 462 1721 1721 414 439 1722 1722 438 463 1723 1723 440 465 1724 1724 438 463 1725 1725 439 464 1726 1726 440 465 1727 1727 440 465 1728 1728 441 466 1729 1729 414 439 1730 1730 441 466 1731 1731 406 431 1732 1732 414 439 1733 1733 441 466 1734 1734 442 467 1735 1735 406 431 1736 1736 441 466 1737 1737 440 465 1738 1738 442 467 1739 1739 406 431 1740 1740 442 467 1741 1741 408 433 1742 1742 439 464 1743 1743 443 468 1744 1744 440 465 1745 1745 437 462 1746 1746 443 468 1747 1747 439 464 1748 1748 442 467 1749 1749 440 465 1750 1750 444 469 1751 1751 440 465 1752 1752 443 468 1753 1753 444 469 1754 1754 442 467 1755 1755 445 470 1756 1756 408 433 1757 1757 444 469 1758 1758 445 470 1759 1759 442 467 1760 1760 408 433 1761 1761 445 470 1762 1762 446 471 1763 1763 384 408 1764 1764 408 433 1765 1765 446 471 1766 1766 446 471 1767 1767 382 406 1768 1768 384 408 1769 1769 447 472 1770 1770 445 470 1771 1771 444 469 1772 1772 443 468 1773 1773 447 472 1774 1774 444 469 1775 1775 445 470 1776 1776 448 473 1777 1777 446 471 1778 1778 446 471 1779 1779 448 473 1780 1780 382 406 1781 1781 447 472 1782 1782 448 473 1783 1783 445 470 1784 1784 448 473 1785 1785 449 474 1786 1786 382 406 1787 1787 382 406 1788 1788 449 474 1789 1789 367 391 1790 1790 362 386 1791 1791 367 391 1792 1792 449 474 1793 1793 450 475 1794 1794 448 473 1795 1795 447 472 1796 1796 448 473 1797 1797 450 475 1798 1798 449 474 1799 1799 362 386 1800 1800 449 474 1801 1801 451 476 1802 1802 449 474 1803 1803 450 475 1804 1804 451 476 1805 1805 451 476 1806 1806 353 377 1807 1807 362 386 1808 1808 452 477 1809 1809 450 475 1810 1810 447 472 1811 1811 452 477 1812 1812 447 472 1813 1813 443 468 1814 1814 450 475 1815 1815 453 478 1816 1816 451 476 1817 1817 453 478 1818 1818 450 475 1819 1819 452 477 1820 1820 454 479 1821 1821 353 377 1822 1822 451 476 1823 1823 451 476 1824 1824 453 478 1825 1825 454 479 1826 1826 353 377 1827 1827 454 479 1828 1828 455 480 1829 1829 351 375 1830 1830 353 377 1831 1831 455 480 1832 1832 455 480 1833 1833 454 479 1834 1834 456 481 1835 1835 456 481 1836 1836 351 375 1837 1837 455 480 1838 1838 454 479 1839 1839 453 478 1840 1840 456 481 1841 1841 457 482 1842 1842 351 375 1843 1843 456 481 1844 1844 457 482 1845 1845 348 372 1846 1846 351 375 1847 1847 456 481 1848 1848 453 478 1849 1849 458 483 1850 1850 458 483 1851 1851 457 482 1852 1852 456 481 1853 1853 453 478 1854 1854 452 477 1855 1855 458 483 1856 1856 457 482 1857 1857 459 484 1858 1858 348 372 1859 1859 459 484 1860 1860 457 482 1861 1861 458 483 1862 1862 460 485 1863 1863 458 483 1864 1864 452 477 1865 1865 460 485 1866 1866 459 484 1867 1867 458 483 1868 1868 461 486 1869 1869 452 477 1870 1870 443 468 1871 1871 460 485 1872 1872 452 477 1873 1873 461 486 1874 1874 443 468 1875 1875 437 462 1876 1876 461 486 1877 1877 437 462 1878 1878 435 460 1879 1879 461 486 1880 1880 461 486 1881 1881 435 460 1882 1882 462 487 1883 1883 461 486 1884 1884 462 487 1885 1885 460 485 1886 1886 435 460 1887 1887 434 459 1888 1888 462 487 1889 1889 460 485 1890 1890 462 487 1891 1891 463 488 1892 1892 462 487 1893 1893 434 459 1894 1894 463 488 1895 1895 463 488 1896 1896 459 484 1897 1897 460 485 1898 1898 463 488 1899 1899 434 459 1900 1900 464 489 1901 1901 463 488 1902 1902 464 489 1903 1903 459 484 1904 1904 434 459 1905 1905 350 374 1906 1906 464 489 1907 1907 459 484 1908 1908 464 489 1909 1909 465 490 1910 1910 350 374 1911 1911 465 490 1912 1912 464 489 1913 1913 348 372 1914 1914 459 484 1915 1915 465 490 1916 1916 346 370 1917 1917 465 490 1918 1918 350 374 1919 1919 346 370 1920 1920 348 372 1921 1921 465 490 1922 1922 466 491 1923 1923 467 492 1924 1924 468 493 1925 1925 467 492 1926 1926 466 491 1927 1927 469 494 1928 1928 469 494 1929 1929 466 491 1930 1930 470 495 1931 1931 471 496 1932 1932 470 495 1933 1933 466 491 1934 1934 472 497 1935 1935 469 494 1936 1936 470 495 1937 1937 472 497 1938 1938 473 498 1939 1939 469 494 1940 1940 474 499 1941 1941 473 498 1942 1942 472 497 1943 1943 475 500 1944 1944 470 495 1945 1945 471 496 1946 1946 472 497 1947 1947 470 495 1948 1948 475 500 1949 1949 471 496 1950 1950 476 501 1951 1951 475 500 1952 1952 477 502 1953 1953 476 501 1954 1954 471 496 1955 1955 478 503 1956 1956 472 497 1957 1957 475 500 1958 1958 478 503 1959 1959 475 500 1960 1960 476 501 1961 1961 479 504 1962 1962 474 499 1963 1963 472 497 1964 1964 474 499 1965 1965 479 504 1966 1966 480 505 1967 1967 472 497 1968 1968 478 503 1969 1969 481 506 1970 1970 479 504 1971 1971 472 497 1972 1972 481 506 1973 1973 476 501 1974 1974 482 507 1975 1975 478 503 1976 1976 476 501 1977 1977 477 502 1978 1978 483 508 1979 1979 483 508 1980 1980 482 507 1981 1981 476 501 1982 1982 483 508 1983 1983 477 502 1984 1984 484 509 1985 1985 485 510 1986 1986 484 509 1987 1987 486 511 1988 1988 483 508 1989 1989 484 509 1990 1990 485 510 1991 1991 487 512 1992 1992 483 508 1993 1993 485 510 1994 1994 482 507 1995 1995 483 508 1996 1996 487 512 1997 1997 488 513 1998 1998 478 503 1999 1999 482 507 2000 2000 482 507 2001 2001 487 512 2002 2002 488 513 2003 2003 481 506 2004 2004 478 503 2005 2005 488 513 2006 2006 488 513 2007 2007 487 512 2008 2008 489 514 2009 2009 490 515 2010 2010 488 513 2011 2011 489 514 2012 2012 488 513 2013 2013 491 516 2014 2014 481 506 2015 2015 491 516 2016 2016 488 513 2017 2017 490 515 2018 2018 481 506 2019 2019 491 516 2020 2020 479 504 2021 2021 490 515 2022 2022 492 517 2023 2023 491 516 2024 2024 491 516 2025 2025 492 517 2026 2026 493 518 2027 2027 491 516 2028 2028 493 518 2029 2029 479 504 2030 2030 492 517 2031 2031 494 519 2032 2032 493 518 2033 2033 479 504 2034 2034 493 518 2035 2035 495 520 2036 2036 480 505 2037 2037 479 504 2038 2038 495 520 2039 2039 493 518 2040 2040 494 519 2041 2041 496 521 2042 2042 493 518 2043 2043 496 521 2044 2044 495 520 2045 2045 494 519 2046 2046 497 522 2047 2047 496 521 2048 2048 496 521 2049 2049 497 522 2050 2050 498 523 2051 2051 499 524 2052 2052 496 521 2053 2053 498 523 2054 2054 495 520 2055 2055 500 525 2056 2056 480 505 2057 2057 495 520 2058 2058 496 521 2059 2059 500 525 2060 2060 500 525 2061 2061 496 521 2062 2062 499 524 2063 2063 480 505 2064 2064 500 525 2065 2065 501 526 2066 2066 502 527 2067 2067 500 525 2068 2068 499 524 2069 2069 501 526 2070 2070 500 525 2071 2071 502 527 2072 2072 503 528 2073 2073 504 529 2074 2074 505 530 2075 2075 505 530 2076 2076 506 531 2077 2077 503 528 2078 2078 506 531 2079 2079 505 530 2080 2080 507 532 2081 2081 508 533 2082 2082 507 532 2083 2083 505 530 2084 2084 506 531 2085 2085 507 532 2086 2086 509 534 2087 2087 508 533 2088 2088 510 535 2089 2089 507 532 2090 2090 509 534 2091 2091 507 532 2092 2092 511 536 2093 2093 507 532 2094 2094 510 535 2095 2095 511 536 2096 2096 509 534 2097 2097 511 536 2098 2098 512 537 2099 2099 511 536 2100 2100 510 535 2101 2101 513 538 2102 2102 510 535 2103 2103 514 539 2104 2104 513 538 2105 2105 514 539 2106 2106 515 540 2107 2107 513 538 2108 2108 512 537 2109 2109 511 536 2110 2110 516 541 2111 2111 511 536 2112 2112 513 538 2113 2113 516 541 2114 2114 512 537 2115 2115 516 541 2116 2116 517 542 2117 2117 513 538 2118 2118 515 540 2119 2119 518 543 2120 2120 515 540 2121 2121 519 544 2122 2122 518 543 2123 2123 520 545 2124 2124 518 543 2125 2125 519 544 2126 2126 513 538 2127 2127 518 543 2128 2128 521 546 2129 2129 521 546 2130 2130 518 543 2131 2131 520 545 2132 2132 516 541 2133 2133 513 538 2134 2134 521 546 2135 2135 521 546 2136 2136 520 545 2137 2137 522 547 2138 2138 516 541 2139 2139 521 546 2140 2140 522 547 2141 2141 517 542 2142 2142 516 541 2143 2143 522 547 2144 2144 522 547 2145 2145 520 545 2146 2146 523 548 2147 2147 517 542 2148 2148 522 547 2149 2149 524 549 2150 2150 522 547 2151 2151 523 548 2152 2152 525 550 2153 2153 524 549 2154 2154 522 547 2155 2155 525 550 2156 2156 525 550 2157 2157 523 548 2158 2158 526 551 2159 2159 524 549 2160 2160 525 550 2161 2161 527 552 2162 2162 526 551 2163 2163 527 552 2164 2164 525 550 2165 2165 528 553 2166 2166 529 554 2167 2167 530 555 2168 2168 530 555 2169 2169 529 554 2170 2170 531 556 2171 2171 529 554 2172 2172 532 557 2173 2173 531 556 2174 2174 529 554 2175 2175 533 558 2176 2176 532 557 2177 2177 532 557 2178 2178 534 559 2179 2179 531 556 2180 2180 535 560 2181 2181 534 559 2182 2182 532 557 2183 2183 532 557 2184 2184 533 558 2185 2185 536 561 2186 2186 536 561 2187 2187 535 560 2188 2188 532 557 2189 2189 535 560 2190 2190 537 562 2191 2191 534 559 2192 2192 536 561 2193 2193 537 562 2194 2194 535 560 2195 2195 534 559 2196 2196 537 562 2197 2197 538 563 2198 2198 538 563 2199 2199 537 562 2200 2200 539 564 2201 2201 539 564 2202 2202 540 565 2203 2203 541 566 2204 2204 537 562 2205 2205 540 565 2206 2206 539 564 2207 2207 540 565 2208 2208 537 562 2209 2209 542 567 2210 2210 542 567 2211 2211 537 562 2212 2212 536 561 2213 2213 542 567 2214 2214 536 561 2215 2215 543 568 2216 2216 543 568 2217 2217 536 561 2218 2218 544 569 2219 2219 533 558 2220 2220 544 569 2221 2221 536 561 2222 2222 543 568 2223 2223 544 569 2224 2224 545 570 2225 2225 546 571 2226 2226 544 569 2227 2227 533 558 2228 2228 545 570 2229 2229 544 569 2230 2230 547 572 2231 2231 544 569 2232 2232 546 571 2233 2233 547 572 2234 2234 547 572 2235 2235 548 573 2236 2236 545 570 2237 2237 547 572 2238 2238 546 571 2239 2239 549 574 2240 2240 549 574 2241 2241 548 573 2242 2242 547 572 2243 2243 550 575 2244 2244 551 576 2245 2245 552 577 2246 2246 553 578 2247 2247 552 577 2248 2248 551 576 2249 2249 553 578 2250 2250 551 576 2251 2251 554 579 2252 2252 551 576 2253 2253 555 580 2254 2254 554 579 2255 2255 554 579 2256 2256 555 580 2257 2257 556 581 2258 2258 556 581 2259 2259 555 580 2260 2260 557 582 2261 2261 558 583 2262 2262 556 581 2263 2263 557 582 2264 2264 553 578 2265 2265 554 579 2266 2266 559 584 2267 2267 560 585 2268 2268 556 581 2269 2269 558 583 2270 2270 561 586 2271 2271 554 579 2272 2272 556 581 2273 2273 559 584 2274 2274 554 579 2275 2275 561 586 2276 2276 562 587 2277 2277 556 581 2278 2278 560 585 2279 2279 561 586 2280 2280 556 581 2281 2281 562 587 2282 2282 558 583 2283 2283 563 588 2284 2284 560 585 2285 2285 563 588 2286 2286 562 587 2287 2287 560 585 2288 2288 564 589 2289 2289 563 588 2290 2290 558 583 2291 2291 565 590 2292 2292 563 588 2293 2293 564 589 2294 2294 566 591 2295 2295 563 588 2296 2296 565 590 2297 2297 567 592 2298 2298 566 591 2299 2299 565 590 2300 2300 568 593 2301 2301 562 587 2302 2302 563 588 2303 2303 566 591 2304 2304 568 593 2305 2305 563 588 2306 2306 569 594 2307 2307 561 586 2308 2308 562 587 2309 2309 570 595 2310 2310 566 591 2311 2311 567 592 2312 2312 561 586 2313 2313 569 594 2314 2314 571 596 2315 2315 571 596 2316 2316 559 584 2317 2317 561 586 2318 2318 562 587 2319 2319 572 597 2320 2320 569 594 2321 2321 572 597 2322 2322 562 587 2323 2323 568 593 2324 2324 559 584 2325 2325 571 596 2326 2326 573 598 2327 2327 559 584 2328 2328 573 598 2329 2329 553 578 2330 2330 574 599 2331 2331 571 596 2332 2332 569 594 2333 2333 572 597 2334 2334 574 599 2335 2335 569 594 2336 2336 573 598 2337 2337 575 600 2338 2338 553 578 2339 2339 575 600 2340 2340 576 601 2341 2341 553 578 2342 2342 571 596 2343 2343 577 602 2344 2344 573 598 2345 2345 577 602 2346 2346 575 600 2347 2347 573 598 2348 2348 578 603 2349 2349 576 601 2350 2350 575 600 2351 2351 579 604 2352 2352 576 601 2353 2353 578 603 2354 2354 580 605 2355 2355 575 600 2356 2356 577 602 2357 2357 575 600 2358 2358 580 605 2359 2359 578 603 2360 2360 581 606 2361 2361 577 602 2362 2362 571 596 2363 2363 581 606 2364 2364 571 596 2365 2365 574 599 2366 2366 582 607 2367 2367 580 605 2368 2368 577 602 2369 2369 577 602 2370 2370 581 606 2371 2371 583 608 2372 2372 583 608 2373 2373 582 607 2374 2374 577 602 2375 2375 583 608 2376 2376 581 606 2377 2377 574 599 2378 2378 584 609 2379 2379 580 605 2380 2380 582 607 2381 2381 578 603 2382 2382 580 605 2383 2383 584 609 2384 2384 583 608 2385 2385 585 610 2386 2386 582 607 2387 2387 585 610 2388 2388 584 609 2389 2389 582 607 2390 2390 586 611 2391 2391 579 604 2392 2392 578 603 2393 2393 584 609 2394 2394 586 611 2395 2395 578 603 2396 2396 587 612 2397 2397 579 604 2398 2398 586 611 2399 2399 588 613 2400 2400 587 612 2401 2401 586 611 2402 2402 589 614 2403 2403 587 612 2404 2404 588 613 2405 2405 589 614 2406 2406 588 613 2407 2407 590 615 2408 2408 586 611 2409 2409 584 609 2410 2410 591 616 2411 2411 591 616 2412 2412 588 613 2413 2413 586 611 2414 2414 592 617 2415 2415 590 615 2416 2416 593 618 2417 2417 590 615 2418 2418 588 613 2419 2419 594 619 2420 2420 593 618 2421 2421 590 615 2422 2422 594 619 2423 2423 594 619 2424 2424 588 613 2425 2425 591 616 2426 2426 595 620 2427 2427 593 618 2428 2428 594 619 2429 2429 596 621 2430 2430 593 618 2431 2431 595 620 2432 2432 596 621 2433 2433 595 620 2434 2434 597 622 2435 2435 598 623 2436 2436 594 619 2437 2437 591 616 2438 2438 595 620 2439 2439 594 619 2440 2440 598 623 2441 2441 591 616 2442 2442 584 609 2443 2443 599 624 2444 2444 599 624 2445 2445 598 623 2446 2446 591 616 2447 2447 599 624 2448 2448 584 609 2449 2449 585 610 2450 2450 595 620 2451 2451 598 623 2452 2452 600 625 2453 2453 601 626 2454 2454 598 623 2455 2455 599 624 2456 2456 600 625 2457 2457 598 623 2458 2458 601 626 2459 2459 602 627 2460 2460 599 624 2461 2461 585 610 2462 2462 601 626 2463 2463 599 624 2464 2464 602 627 2465 2465 595 620 2466 2466 600 625 2467 2467 603 628 2468 2468 597 622 2469 2469 595 620 2470 2470 603 628 2471 2471 601 626 2472 2472 604 629 2473 2473 600 625 2474 2474 601 626 2475 2475 602 627 2476 2476 604 629 2477 2477 600 625 2478 2478 605 630 2479 2479 603 628 2480 2480 600 625 2481 2481 604 629 2482 2482 605 630 2483 2483 606 631 2484 2484 597 622 2485 2485 603 628 2486 2486 607 632 2487 2487 597 622 2488 2488 606 631 2489 2489 607 632 2490 2490 606 631 2491 2491 608 633 2492 2492 608 633 2493 2493 606 631 2494 2494 609 634 2495 2495 603 628 2496 2496 605 630 2497 2497 610 635 2498 2498 606 631 2499 2499 603 628 2500 2500 610 635 2501 2501 605 630 2502 2502 611 636 2503 2503 610 635 2504 2504 604 629 2505 2505 611 636 2506 2506 605 630 2507 2507 606 631 2508 2508 610 635 2509 2509 612 637 2510 2510 610 635 2511 2511 611 636 2512 2512 612 637 2513 2513 609 634 2514 2514 606 631 2515 2515 613 638 2516 2516 613 638 2517 2517 606 631 2518 2518 612 637 2519 2519 614 639 2520 2520 609 634 2521 2521 613 638 2522 2522 614 639 2523 2523 613 638 2524 2524 615 640 2525 2525 616 641 2526 2526 613 638 2527 2527 612 637 2528 2528 616 641 2529 2529 612 637 2530 2530 611 636 2531 2531 615 640 2532 2532 613 638 2533 2533 617 642 2534 2534 613 638 2535 2535 616 641 2536 2536 617 642 2537 2537 615 640 2538 2538 617 642 2539 2539 618 643 2540 2540 618 643 2541 2541 617 642 2542 2542 619 644 2543 2543 618 643 2544 2544 619 644 2545 2545 620 645 2546 2546 616 641 2547 2547 621 646 2548 2548 617 642 2549 2549 617 642 2550 2550 621 646 2551 2551 619 644 2552 2552 620 645 2553 2553 619 644 2554 2554 622 647 2555 2555 619 644 2556 2556 621 646 2557 2557 622 647 2558 2558 620 645 2559 2559 622 647 2560 2560 623 648 2561 2561 624 649 2562 2562 620 645 2563 2563 623 648 2564 2564 622 647 2565 2565 621 646 2566 2566 625 650 2567 2567 623 648 2568 2568 622 647 2569 2569 625 650 2570 2570 616 641 2571 2571 626 651 2572 2572 621 646 2573 2573 625 650 2574 2574 621 646 2575 2575 626 651 2576 2576 611 636 2577 2577 626 651 2578 2578 616 641 2579 2579 624 649 2580 2580 623 648 2581 2581 627 652 2582 2582 628 653 2583 2583 626 651 2584 2584 611 636 2585 2585 604 629 2586 2586 628 653 2587 2587 611 636 2588 2588 627 652 2589 2589 629 654 2590 2590 624 649 2591 2591 624 649 2592 2592 629 654 2593 2593 630 655 2594 2594 629 654 2595 2595 631 656 2596 2596 630 655 2597 2597 627 652 2598 2598 623 648 2599 2599 632 657 2600 2600 627 652 2601 2601 632 657 2602 2602 629 654 2603 2603 623 648 2604 2604 625 650 2605 2605 632 657 2606 2606 629 654 2607 2607 633 658 2608 2608 631 656 2609 2609 625 650 2610 2610 634 659 2611 2611 632 657 2612 2612 634 659 2613 2613 625 650 2614 2614 626 651 2615 2615 635 660 2616 2616 629 654 2617 2617 632 657 2618 2618 629 654 2619 2619 635 660 2620 2620 633 658 2621 2621 634 659 2622 2622 636 661 2623 2623 632 657 2624 2624 636 661 2625 2625 635 660 2626 2626 632 657 2627 2627 633 658 2628 2628 637 662 2629 2629 631 656 2630 2630 631 656 2631 2631 637 662 2632 2632 638 663 2633 2633 639 664 2634 2634 633 658 2635 2635 635 660 2636 2636 633 658 2637 2637 639 664 2638 2638 637 662 2639 2639 638 663 2640 2640 640 665 2641 2641 641 666 2642 2642 637 662 2643 2643 640 665 2644 2644 638 663 2645 2645 642 667 2646 2646 640 665 2647 2647 637 662 2648 2648 637 662 2649 2649 639 664 2650 2650 642 667 2651 2651 643 668 2652 2652 640 665 2653 2653 642 667 2654 2654 642 667 2655 2655 644 669 2656 2656 643 668 2657 2657 645 670 2658 2658 644 669 2659 2659 642 667 2660 2660 645 670 2661 2661 646 671 2662 2662 644 669 2663 2663 647 672 2664 2664 642 667 2665 2665 639 664 2666 2666 645 670 2667 2667 642 667 2668 2668 647 672 2669 2669 648 673 2670 2670 646 671 2671 2671 645 670 2672 2672 647 672 2673 2673 648 673 2674 2674 645 670 2675 2675 648 673 2676 2676 649 674 2677 2677 646 671 2678 2678 647 672 2679 2679 639 664 2680 2680 650 675 2681 2681 635 660 2682 2682 650 675 2683 2683 639 664 2684 2684 636 661 2685 2685 650 675 2686 2686 635 660 2687 2687 651 676 2688 2688 649 674 2689 2689 648 673 2690 2690 651 676 2691 2691 567 592 2692 2692 649 674 2693 2693 570 595 2694 2694 567 592 2695 2695 651 676 2696 2696 652 677 2697 2697 651 676 2698 2698 648 673 2699 2699 652 677 2700 2700 648 673 2701 2701 647 672 2702 2702 653 678 2703 2703 570 595 2704 2704 651 676 2705 2705 653 678 2706 2706 651 676 2707 2707 652 677 2708 2708 652 677 2709 2709 647 672 2710 2710 654 679 2711 2711 650 675 2712 2712 654 679 2713 2713 647 672 2714 2714 655 680 2715 2715 653 678 2716 2716 652 677 2717 2717 655 680 2718 2718 652 677 2719 2719 654 679 2720 2720 656 681 2721 2721 650 675 2722 2722 636 661 2723 2723 634 659 2724 2724 656 681 2725 2725 636 661 2726 2726 650 675 2727 2727 657 682 2728 2728 654 679 2729 2729 656 681 2730 2730 657 682 2731 2731 650 675 2732 2732 657 682 2733 2733 658 683 2734 2734 654 679 2735 2735 654 679 2736 2736 658 683 2737 2737 655 680 2738 2738 659 684 2739 2739 657 682 2740 2740 656 681 2741 2741 659 684 2742 2742 658 683 2743 2743 657 682 2744 2744 634 659 2745 2745 660 685 2746 2746 656 681 2747 2747 656 681 2748 2748 660 685 2749 2749 659 684 2750 2750 660 685 2751 2751 634 659 2752 2752 661 686 2753 2753 661 686 2754 2754 634 659 2755 2755 626 651 2756 2756 626 651 2757 2757 662 687 2758 2758 661 686 2759 2759 662 687 2760 2760 660 685 2761 2761 661 686 2762 2762 628 653 2763 2763 662 687 2764 2764 626 651 2765 2765 660 685 2766 2766 663 688 2767 2767 659 684 2768 2768 658 683 2769 2769 659 684 2770 2770 663 688 2771 2771 664 689 2772 2772 660 685 2773 2773 662 687 2774 2774 664 689 2775 2775 663 688 2776 2776 660 685 2777 2777 628 653 2778 2778 665 690 2779 2779 662 687 2780 2780 662 687 2781 2781 665 690 2782 2782 664 689 2783 2783 666 691 2784 2784 665 690 2785 2785 628 653 2786 2786 666 691 2787 2787 628 653 2788 2788 604 629 2789 2789 604 629 2790 2790 602 627 2791 2791 666 691 2792 2792 664 689 2793 2793 665 690 2794 2794 667 692 2795 2795 664 689 2796 2796 667 692 2797 2797 663 688 2798 2798 666 691 2799 2799 668 693 2800 2800 665 690 2801 2801 602 627 2802 2802 668 693 2803 2803 666 691 2804 2804 665 690 2805 2805 668 693 2806 2806 667 692 2807 2807 602 627 2808 2808 669 694 2809 2809 668 693 2810 2810 585 610 2811 2811 669 694 2812 2812 602 627 2813 2813 669 694 2814 2814 585 610 2815 2815 583 608 2816 2816 667 692 2817 2817 668 693 2818 2818 670 695 2819 2819 669 694 2820 2820 670 695 2821 2821 668 693 2822 2822 583 608 2823 2823 671 696 2824 2824 669 694 2825 2825 671 696 2826 2826 670 695 2827 2827 669 694 2828 2828 671 696 2829 2829 583 608 2830 2830 574 599 2831 2831 667 692 2832 2832 670 695 2833 2833 672 697 2834 2834 663 688 2835 2835 667 692 2836 2836 672 697 2837 2837 671 696 2838 2838 673 698 2839 2839 670 695 2840 2840 672 697 2841 2841 670 695 2842 2842 673 698 2843 2843 674 699 2844 2844 671 696 2845 2845 574 599 2846 2846 674 699 2847 2847 673 698 2848 2848 671 696 2849 2849 574 599 2850 2850 675 700 2851 2851 674 699 2852 2852 675 700 2853 2853 574 599 2854 2854 572 597 2855 2855 675 700 2856 2856 676 701 2857 2857 674 699 2858 2858 675 700 2859 2859 572 597 2860 2860 676 701 2861 2861 674 699 2862 2862 676 701 2863 2863 673 698 2864 2864 676 701 2865 2865 572 597 2866 2866 677 702 2867 2867 677 702 2868 2868 572 597 2869 2869 568 593 2870 2870 676 701 2871 2871 678 703 2872 2872 673 698 2873 2873 676 701 2874 2874 677 702 2875 2875 678 703 2876 2876 673 698 2877 2877 678 703 2878 2878 672 697 2879 2879 568 593 2880 2880 679 704 2881 2881 677 702 2882 2882 678 703 2883 2883 677 702 2884 2884 679 704 2885 2885 680 705 2886 2886 672 697 2887 2887 678 703 2888 2888 678 703 2889 2889 679 704 2890 2890 680 705 2891 2891 681 706 2892 2892 663 688 2893 2893 672 697 2894 2894 680 705 2895 2895 681 706 2896 2896 672 697 2897 2897 663 688 2898 2898 681 706 2899 2899 658 683 2900 2900 681 706 2901 2901 655 680 2902 2902 658 683 2903 2903 682 707 2904 2904 655 680 2905 2905 681 706 2906 2906 680 705 2907 2907 682 707 2908 2908 681 706 2909 2909 682 707 2910 2910 653 678 2911 2911 655 680 2912 2912 683 708 2913 2913 682 707 2914 2914 680 705 2915 2915 683 708 2916 2916 653 678 2917 2917 682 707 2918 2918 680 705 2919 2919 679 704 2920 2920 683 708 2921 2921 684 709 2922 2922 653 678 2923 2923 683 708 2924 2924 679 704 2925 2925 684 709 2926 2926 683 708 2927 2927 684 709 2928 2928 570 595 2929 2929 653 678 2930 2930 685 710 2931 2931 684 709 2932 2932 679 704 2933 2933 684 709 2934 2934 685 710 2935 2935 570 595 2936 2936 685 710 2937 2937 679 704 2938 2938 568 593 2939 2939 570 595 2940 2940 685 710 2941 2941 566 591 2942 2942 685 710 2943 2943 568 593 2944 2944 566 591 2945 2945 686 711 2946 2946 687 712 2947 2947 688 713 2948 2948 689 714 2949 2949 686 711 2950 2950 688 713 2951 2951 690 715 2952 2952 686 711 2953 2953 689 714 2954 2954 686 711 2955 2955 690 715 2956 2956 691 716 2957 2957 692 717 2958 2958 690 715 2959 2959 689 714 2960 2960 692 717 2961 2961 689 714 2962 2962 693 718 2963 2963 694 719 2964 2964 692 717 2965 2965 693 718 2966 2966 691 716 2967 2967 690 715 2968 2968 695 720 2969 2969 692 717 2970 2970 695 720 2971 2971 690 715 2972 2972 695 720 2973 2973 696 721 2974 2974 691 716 2975 2975 691 716 2976 2976 696 721 2977 2977 697 722 2978 2978 698 723 2979 2979 695 720 2980 2980 692 717 2981 2981 698 723 2982 2982 696 721 2983 2983 695 720 2984 2984 699 724 2985 2985 692 717 2986 2986 694 719 2987 2987 700 725 2988 2988 699 724 2989 2989 694 719 2990 2990 692 717 2991 2991 701 726 2992 2992 698 723 2993 2993 699 724 2994 2994 701 726 2995 2995 692 717 2996 2996 698 723 2997 2997 702 727 2998 2998 696 721 2999 2999 703 728 3000 3000 697 722 3001 3001 696 721 3002 3002 696 721 3003 3003 702 727 3004 3004 703 728 3005 3005 704 729 3006 3006 697 722 3007 3007 703 728 3008 3008 705 730 3009 3009 704 729 3010 3010 706 731 3011 3011 706 731 3012 3012 704 729 3013 3013 703 728 3014 3014 706 731 3015 3015 703 728 3016 3016 707 732 3017 3017 707 732 3018 3018 703 728 3019 3019 702 727 3020 3020 702 727 3021 3021 698 723 3022 3022 708 733 3023 3023 708 733 3024 3024 707 732 3025 3025 702 727 3026 3026 708 733 3027 3027 698 723 3028 3028 701 726 3029 3029 709 734 3030 3030 707 732 3031 3031 708 733 3032 3032 709 734 3033 3033 708 733 3034 3034 710 735 3035 3035 701 726 3036 3036 711 736 3037 3037 708 733 3038 3038 710 735 3039 3039 708 733 3040 3040 711 736 3041 3041 699 724 3042 3042 711 736 3043 3043 701 726 3044 3044 711 736 3045 3045 712 737 3046 3046 710 735 3047 3047 713 738 3048 3048 712 737 3049 3049 711 736 3050 3050 699 724 3051 3051 713 738 3052 3052 711 736 3053 3053 713 738 3054 3054 714 739 3055 3055 712 737 3056 3056 715 740 3057 3057 713 738 3058 3058 699 724 3059 3059 715 740 3060 3060 699 724 3061 3061 700 725 3062 3062 716 741 3063 3063 714 739 3064 3064 713 738 3065 3065 715 740 3066 3066 716 741 3067 3067 713 738 3068 3068 716 742 3069 3069 717 743 3070 3070 714 744 3071 3071 718 745 3072 3072 717 746 3073 3073 716 741 3074 3074 718 745 3075 3075 716 741 3076 3076 719 747 3077 3077 700 725 3078 3078 720 748 3079 3079 715 740 3080 3080 720 748 3081 3081 716 741 3082 3082 715 740 3083 3083 719 747 3084 3084 716 741 3085 3085 720 748 3086 3086 721 749 3087 3087 720 748 3088 3088 700 725 3089 3089 719 747 3090 3090 720 748 3091 3091 722 750 3092 3092 722 750 3093 3093 720 748 3094 3094 721 749 3095 3095 723 751 3096 3096 724 752 3097 3097 725 753 3098 3098 724 752 3099 3099 723 751 3100 3100 726 754 3101 3101 726 754 3102 3102 727 755 3103 3103 724 752 3104 3104 728 756 3105 3105 724 752 3106 3106 727 755 3107 3107 729 757 3108 3108 727 755 3109 3109 726 754 3110 3110 728 756 3111 3111 727 755 3112 3112 730 758 3113 3113 731 759 3114 3114 727 755 3115 3115 729 757 3116 3116 731 759 3117 3117 730 758 3118 3118 727 755 3119 3119 732 760 3120 3120 731 759 3121 3121 729 757 3122 3122 733 761 3123 3123 730 758 3124 3124 731 759 3125 3125 730 758 3126 3126 733 761 3127 3127 734 762 3128 3128 735 763 3129 3129 731 759 3130 3130 732 760 3131 3131 735 763 3132 3132 733 761 3133 3133 731 759 3134 3134 736 764 3135 3135 735 763 3136 3136 732 760 3137 3137 734 762 3138 3138 733 761 3139 3139 737 765 3140 3140 738 766 3141 3141 735 763 3142 3142 736 764 3143 3143 739 767 3144 3144 738 766 3145 3145 736 764 3146 3146 740 768 3147 3147 733 761 3148 3148 735 763 3149 3149 735 763 3150 3150 738 766 3151 3151 740 768 3152 3152 733 761 3153 3153 741 769 3154 3154 737 765 3155 3155 733 761 3156 3156 740 768 3157 3157 741 769 3158 3158 737 765 3159 3159 741 769 3160 3160 742 770 3161 3161 743 771 3162 3162 742 770 3163 3163 741 769 3164 3164 740 768 3165 3165 743 771 3166 3166 741 769 3167 3167 738 766 3168 3168 743 771 3169 3169 740 768 3170 3170 744 772 3171 3171 743 771 3172 3172 738 766 3173 3173 745 773 3174 3174 744 772 3175 3175 738 766 3176 3176 745 773 3177 3177 738 766 3178 3178 739 767 3179 3179 746 774 3180 3180 744 772 3181 3181 745 773 3182 3182 739 767 3183 3183 747 775 3184 3184 745 773 3185 3185 746 774 3186 3186 745 773 3187 3187 747 775 3188 3188 748 776 3189 3189 749 777 3190 3190 750 778 3191 3191 749 777 3192 3192 751 779 3193 3193 750 778 3194 3194 750 778 3195 3195 751 779 3196 3196 752 780 3197 3197 750 778 3198 3198 752 780 3199 3199 753 781 3200 3200 751 779 3201 3201 754 782 3202 3202 752 780 3203 3203 752 780 3204 3204 754 782 3205 3205 755 783 3206 3206 752 780 3207 3207 756 784 3208 3208 753 781 3209 3209 756 784 3210 3210 752 780 3211 3211 755 783 3212 3212 755 783 3213 3213 754 782 3214 3214 757 785 3215 3215 756 784 3216 3216 755 783 3217 3217 757 785 3218 3218 754 782 3219 3219 758 786 3220 3220 757 785 3221 3221 758 786 3222 3222 759 787 3223 3223 757 785 3224 3224 759 787 3225 3225 760 788 3226 3226 761 789 3227 3227 757 785 3228 3228 759 787 3229 3229 761 789 3230 3230 762 790 3231 3231 757 785 3232 3232 761 789 3233 3233 756 784 3234 3234 757 785 3235 3235 762 790 3236 3236 763 791 3237 3237 756 784 3238 3238 762 790 3239 3239 764 792 3240 3240 756 784 3241 3241 763 791 3242 3242 756 784 3243 3243 764 792 3244 3244 753 781 3245 3245 765 793 3246 3246 764 792 3247 3247 763 791 3248 3248 753 781 3249 3249 764 792 3250 3250 766 794 3251 3251 767 795 3252 3252 764 792 3253 3253 765 793 3254 3254 767 795 3255 3255 766 794 3256 3256 764 792 3257 3257 767 795 3258 3258 765 793 3259 3259 768 796 3260 3260 769 797 3261 3261 766 794 3262 3262 767 795 3263 3263 769 797 3264 3264 767 795 3265 3265 768 796 3266 3266 770 798 3267 3267 771 799 3268 3268 772 800 3269 3269 770 798 3270 3270 772 800 3271 3271 773 801 3272 3272 773 801 3273 3273 774 802 3274 3274 770 798 3275 3275 775 803 3276 3276 770 798 3277 3277 774 802 3278 3278 773 801 3279 3279 776 804 3280 3280 774 802 3281 3281 777 805 3282 3282 776 804 3283 3283 773 801 3284 3284 774 802 3285 3285 778 806 3286 3286 775 803 3287 3287 774 802 3288 3288 776 804 3289 3289 778 806 3290 3290 775 803 3291 3291 778 806 3292 3292 779 807 3293 3293 778 806 3294 3294 780 808 3295 3295 779 807 3296 3296 777 805 3297 3297 781 809 3298 3298 776 804 3299 3299 777 805 3300 3300 782 810 3301 3301 781 809 3302 3302 783 811 3303 3303 780 808 3304 3304 778 806 3305 3305 784 812 3306 3306 780 808 3307 3307 783 811 3308 3308 778 806 3309 3309 776 804 3310 3310 785 813 3311 3311 778 806 3312 3312 785 813 3313 3313 783 811 3314 3314 786 814 3315 3315 776 804 3316 3316 781 809 3317 3317 776 804 3318 3318 786 814 3319 3319 785 813 3320 3320 787 815 3321 3321 786 814 3322 3322 781 809 3323 3323 787 815 3324 3324 781 809 3325 3325 782 810 3326 3326 786 814 3327 3327 788 816 3328 3328 785 813 3329 3329 788 816 3330 3330 786 814 3331 3331 787 815 3332 3332 782 810 3333 3333 789 817 3334 3334 787 815 3335 3335 782 810 3336 3336 790 818 3337 3337 789 817 3338 3338 791 819 3339 3339 788 816 3340 3340 787 815 3341 3341 789 817 3342 3342 791 819 3343 3343 787 815 3344 3344 792 820 3345 3345 788 816 3346 3346 791 819 3347 3347 793 821 3348 3348 791 819 3349 3349 789 817 3350 3350 793 821 3351 3351 792 820 3352 3352 791 819 3353 3353 788 816 3354 3354 792 820 3355 3355 794 822 3356 3356 785 813 3357 3357 788 816 3358 3358 794 822 3359 3359 795 823 3360 3360 792 820 3361 3361 793 821 3362 3362 794 822 3363 3363 792 820 3364 3364 796 824 3365 3365 795 823 3366 3366 796 824 3367 3367 792 820 3368 3368 794 822 3369 3369 797 825 3370 3370 785 813 3371 3371 796 824 3372 3372 797 825 3373 3373 794 822 3374 3374 798 826 3375 3375 785 813 3376 3376 797 825 3377 3377 783 811 3378 3378 785 813 3379 3379 798 826 3380 3380 798 826 3381 3381 797 825 3382 3382 799 827 3383 3383 783 811 3384 3384 798 826 3385 3385 799 827 3386 3386 800 828 3387 3387 797 825 3388 3388 796 824 3389 3389 783 811 3390 3390 799 827 3391 3391 801 829 3392 3392 783 811 3393 3393 801 829 3394 3394 784 812 3395 3395 784 812 3396 3396 801 829 3397 3397 802 830 3398 3398 799 827 3399 3399 797 825 3400 3400 803 831 3401 3401 800 828 3402 3402 803 831 3403 3403 797 825 3404 3404 801 829 3405 3405 799 827 3406 3406 804 832 3407 3407 799 827 3408 3408 803 831 3409 3409 804 832 3410 3410 802 830 3411 3411 801 829 3412 3412 805 833 3413 3413 805 833 3414 3414 806 834 3415 3415 802 830 3416 3416 801 829 3417 3417 804 832 3418 3418 807 835 3419 3419 808 836 3420 3420 806 834 3421 3421 805 833 3422 3422 806 834 3423 3423 808 836 3424 3424 809 837 3425 3425 810 838 3426 3426 805 833 3427 3427 801 829 3428 3428 807 835 3429 3429 810 838 3430 3430 801 829 3431 3431 805 833 3432 3432 811 839 3433 3433 808 836 3434 3434 811 839 3435 3435 805 833 3436 3436 810 838 3437 3437 809 837 3438 3438 808 836 3439 3439 812 840 3440 3440 809 837 3441 3441 812 840 3442 3442 813 841 3443 3443 808 836 3444 3444 811 839 3445 3445 814 842 3446 3446 808 836 3447 3447 814 842 3448 3448 812 840 3449 3449 810 838 3450 3450 815 843 3451 3451 811 839 3452 3452 811 839 3453 3453 815 843 3454 3454 814 842 3455 3455 813 841 3456 3456 812 840 3457 3457 816 844 3458 3458 813 841 3459 3459 816 844 3460 3460 817 845 3461 3461 812 840 3462 3462 814 842 3463 3463 818 846 3464 3464 812 840 3465 3465 818 846 3466 3466 816 844 3467 3467 814 842 3468 3468 815 843 3469 3469 819 847 3470 3470 814 842 3471 3471 819 847 3472 3472 818 846 3473 3473 820 848 3474 3474 815 843 3475 3475 810 838 3476 3476 820 848 3477 3477 819 847 3478 3478 815 843 3479 3479 807 835 3480 3480 820 848 3481 3481 810 838 3482 3482 818 846 3483 3483 819 847 3484 3484 821 849 3485 3485 807 835 3486 3486 822 850 3487 3487 820 848 3488 3488 804 832 3489 3489 822 850 3490 3490 807 835 3491 3491 804 832 3492 3492 803 831 3493 3493 822 850 3494 3494 823 851 3495 3495 822 850 3496 3496 803 831 3497 3497 823 851 3498 3498 820 848 3499 3499 822 850 3500 3500 823 851 3501 3501 803 831 3502 3502 800 828 3503 3503 819 847 3504 3504 820 848 3505 3505 824 852 3506 3506 819 847 3507 3507 824 852 3508 3508 821 849 3509 3509 825 853 3510 3510 820 848 3511 3511 823 851 3512 3512 824 852 3513 3513 820 848 3514 3514 825 853 3515 3515 823 851 3516 3516 826 854 3517 3517 825 853 3518 3518 825 853 3519 3519 827 855 3520 3520 824 852 3521 3521 826 854 3522 3522 827 855 3523 3523 825 853 3524 3524 821 849 3525 3525 824 852 3526 3526 828 856 3527 3527 827 855 3528 3528 828 856 3529 3529 824 852 3530 3530 829 857 3531 3531 826 854 3532 3532 823 851 3533 3533 826 854 3534 3534 830 858 3535 3535 827 855 3536 3536 829 857 3537 3537 830 858 3538 3538 826 854 3539 3539 831 859 3540 3540 829 857 3541 3541 823 851 3542 3542 831 859 3543 3543 823 851 3544 3544 800 828 3545 3545 832 860 3546 3546 827 855 3547 3547 830 858 3548 3548 831 859 3549 3549 800 828 3550 3550 833 861 3551 3551 833 861 3552 3552 800 828 3553 3553 796 824 3554 3554 833 861 3555 3555 796 824 3556 3556 795 823 3557 3557 832 860 3558 3558 834 862 3559 3559 827 855 3560 3560 827 855 3561 3561 834 862 3562 3562 828 856 3563 3563 795 823 3564 3564 835 863 3565 3565 833 861 3566 3566 832 860 3567 3567 836 864 3568 3568 834 862 3569 3569 830 858 3570 3570 836 864 3571 3571 832 860 3572 3572 835 863 3573 3573 795 823 3574 3574 837 865 3575 3575 837 865 3576 3576 795 823 3577 3577 793 821 3578 3578 833 861 3579 3579 835 863 3580 3580 838 866 3581 3581 838 866 3582 3582 831 859 3583 3583 833 861 3584 3584 837 865 3585 3585 793 821 3586 3586 839 867 3587 3587 839 867 3588 3588 793 821 3589 3589 789 817 3590 3590 831 859 3591 3591 838 866 3592 3592 840 868 3593 3593 831 859 3594 3594 840 868 3595 3595 829 857 3596 3596 839 867 3597 3597 789 817 3598 3598 841 869 3599 3599 841 869 3600 3600 789 817 3601 3601 790 818 3602 3602 840 868 3603 3603 842 870 3604 3604 829 857 3605 3605 842 870 3606 3606 830 858 3607 3607 829 857 3608 3608 843 871 3609 3609 842 870 3610 3610 840 868 3611 3611 844 872 3612 3612 843 871 3613 3613 840 868 3614 3614 840 868 3615 3615 838 866 3616 3616 844 872 3617 3617 845 873 3618 3618 842 870 3619 3619 843 871 3620 3620 845 873 3621 3621 843 871 3622 3622 844 872 3623 3623 846 874 3624 3624 830 858 3625 3625 842 870 3626 3626 846 874 3627 3627 842 870 3628 3628 845 873 3629 3629 838 866 3630 3630 847 875 3631 3631 844 872 3632 3632 835 863 3633 3633 847 875 3634 3634 838 866 3635 3635 844 872 3636 3636 848 876 3637 3637 845 873 3638 3638 844 872 3639 3639 847 875 3640 3640 848 876 3641 3641 849 877 3642 3642 847 875 3643 3643 835 863 3644 3644 837 865 3645 3645 849 877 3646 3646 835 863 3647 3647 848 876 3648 3648 847 875 3649 3649 850 878 3650 3650 849 877 3651 3651 850 878 3652 3652 847 875 3653 3653 845 873 3654 3654 848 876 3655 3655 851 879 3656 3656 846 874 3657 3657 845 873 3658 3658 851 879 3659 3659 852 880 3660 3660 849 877 3661 3661 837 865 3662 3662 837 865 3663 3663 839 867 3664 3664 852 880 3665 3665 850 878 3666 3666 849 877 3667 3667 853 881 3668 3668 852 880 3669 3669 853 881 3670 3670 849 877 3671 3671 848 876 3672 3672 850 878 3673 3673 854 882 3674 3674 854 882 3675 3675 851 879 3676 3676 848 876 3677 3677 850 878 3678 3678 853 881 3679 3679 855 883 3680 3680 854 882 3681 3681 850 878 3682 3682 855 883 3683 3683 852 880 3684 3684 856 884 3685 3685 853 881 3686 3686 851 879 3687 3687 854 882 3688 3688 857 885 3689 3689 858 886 3690 3690 852 880 3691 3691 839 867 3692 3692 856 884 3693 3693 852 880 3694 3694 858 886 3695 3695 841 869 3696 3696 858 886 3697 3697 839 867 3698 3698 856 884 3699 3699 859 887 3700 3700 853 881 3701 3701 859 887 3702 3702 855 883 3703 3703 853 881 3704 3704 854 882 3705 3705 855 883 3706 3706 860 888 3707 3707 860 888 3708 3708 857 885 3709 3709 854 882 3710 3710 855 883 3711 3711 859 887 3712 3712 861 889 3713 3713 861 889 3714 3714 860 888 3715 3715 855 883 3716 3716 862 890 3717 3717 859 887 3718 3718 856 884 3719 3719 863 891 3720 3720 861 889 3721 3721 859 887 3722 3722 862 890 3723 3723 863 891 3724 3724 859 887 3725 3725 860 888 3726 3726 861 889 3727 3727 864 892 3728 3728 861 889 3729 3729 863 891 3730 3730 865 893 3731 3731 864 892 3732 3732 861 889 3733 3733 865 893 3734 3734 864 892 3735 3735 866 894 3736 3736 860 888 3737 3737 857 885 3738 3738 860 888 3739 3739 866 894 3740 3740 864 892 3741 3741 865 893 3742 3742 867 895 3743 3743 867 895 3744 3744 866 894 3745 3745 864 892 3746 3746 868 896 3747 3747 865 893 3748 3748 863 891 3749 3749 868 896 3750 3750 863 891 3751 3751 862 890 3752 3752 867 895 3753 3753 865 893 3754 3754 869 897 3755 3755 865 893 3756 3756 868 896 3757 3757 869 897 3758 3758 868 896 3759 3759 862 890 3760 3760 870 898 3761 3761 871 899 3762 3762 869 897 3763 3763 868 896 3764 3764 870 898 3765 3765 871 899 3766 3766 868 896 3767 3767 871 899 3768 3768 872 900 3769 3769 869 897 3770 3770 867 895 3771 3771 869 897 3772 3772 872 900 3773 3773 871 899 3774 3774 870 898 3775 3775 873 901 3776 3776 872 900 3777 3777 871 899 3778 3778 873 901 3779 3779 862 890 3780 3780 874 902 3781 3781 870 898 3782 3782 872 900 3783 3783 873 901 3784 3784 875 903 3785 3785 875 903 3786 3786 873 901 3787 3787 876 904 3788 3788 874 902 3789 3789 862 890 3790 3790 877 905 3791 3791 856 884 3792 3792 877 905 3793 3793 862 890 3794 3794 856 884 3795 3795 858 886 3796 3796 877 905 3797 3797 878 906 3798 3798 875 903 3799 3799 876 904 3800 3800 876 904 3801 3801 879 907 3802 3802 878 906 3803 3803 879 907 3804 3804 880 908 3805 3805 878 906 3806 3806 875 903 3807 3807 878 906 3808 3808 881 909 3809 3809 875 903 3810 3810 881 909 3811 3811 882 910 3812 3812 875 903 3813 3813 882 910 3814 3814 872 900 3815 3815 883 911 3816 3816 882 910 3817 3817 881 909 3818 3818 867 895 3819 3819 872 900 3820 3820 882 910 3821 3821 883 911 3822 3822 884 912 3823 3823 882 910 3824 3824 885 913 3825 3825 882 910 3826 3826 884 912 3827 3827 882 910 3828 3828 885 913 3829 3829 867 895 3830 3830 885 913 3831 3831 884 912 3832 3832 886 914 3833 3833 887 915 3834 3834 867 895 3835 3835 885 913 3836 3836 866 894 3837 3837 867 895 3838 3838 887 915 3839 3839 886 914 3840 3840 888 916 3841 3841 885 913 3842 3842 886 914 3843 3843 889 917 3844 3844 888 916 3845 3845 890 918 3846 3846 887 915 3847 3847 885 913 3848 3848 887 915 3849 3849 890 918 3850 3850 866 894 3851 3851 888 916 3852 3852 890 918 3853 3853 885 913 3854 3854 891 919 3855 3855 866 894 3856 3856 890 918 3857 3857 866 894 3858 3858 891 919 3859 3859 857 885 3860 3860 892 920 3861 3861 890 918 3862 3862 888 916 3863 3863 892 920 3864 3864 891 919 3865 3865 890 918 3866 3866 893 921 3867 3867 888 916 3868 3868 889 917 3869 3869 889 917 3870 3870 894 922 3871 3871 893 921 3872 3872 895 923 3873 3873 892 920 3874 3874 888 916 3875 3875 896 924 3876 3876 893 921 3877 3877 894 922 3878 3878 894 922 3879 3879 897 925 3880 3880 896 924 3881 3881 888 916 3882 3882 893 921 3883 3883 898 926 3884 3884 888 916 3885 3885 898 926 3886 3886 895 923 3887 3887 893 921 3888 3888 896 924 3889 3889 899 927 3890 3890 899 927 3891 3891 898 926 3892 3892 893 921 3893 3893 900 928 3894 3894 896 924 3895 3895 897 925 3896 3896 897 925 3897 3897 901 929 3898 3898 900 928 3899 3899 902 930 3900 3900 899 927 3901 3901 896 924 3902 3902 896 924 3903 3903 900 928 3904 3904 902 930 3905 3905 899 927 3906 3906 903 931 3907 3907 898 926 3908 3908 899 927 3909 3909 902 930 3910 3910 903 931 3911 3911 904 932 3912 3912 900 928 3913 3913 901 929 3914 3914 901 929 3915 3915 817 845 3916 3916 904 932 3917 3917 905 933 3918 3918 902 930 3919 3919 900 928 3920 3920 900 928 3921 3921 904 932 3922 3922 905 933 3923 3923 906 934 3924 3924 903 931 3925 3925 902 930 3926 3926 905 933 3927 3927 906 934 3928 3928 902 930 3929 3929 898 926 3930 3930 903 931 3931 3931 907 935 3932 3932 903 931 3933 3933 906 934 3934 3934 907 935 3935 3935 898 926 3936 3936 907 935 3937 3937 895 923 3938 3938 908 936 3939 3939 906 934 3940 3940 905 933 3941 3941 907 935 3942 3942 909 937 3943 3943 895 923 3944 3944 895 923 3945 3945 909 937 3946 3946 892 920 3947 3947 909 937 3948 3948 891 919 3949 3949 892 920 3950 3950 891 919 3951 3951 909 937 3952 3952 910 938 3953 3953 909 937 3954 3954 907 935 3955 3955 910 938 3956 3956 910 938 3957 3957 857 885 3958 3958 891 919 3959 3959 857 885 3960 3960 910 938 3961 3961 851 879 3962 3962 910 938 3963 3963 846 874 3964 3964 851 879 3965 3965 846 874 3966 3966 910 938 3967 3967 911 939 3968 3968 911 939 3969 3969 830 858 3970 3970 846 874 3971 3971 836 864 3972 3972 830 858 3973 3973 911 939 3974 3974 912 940 3975 3975 911 939 3976 3976 910 938 3977 3977 911 939 3978 3978 912 940 3979 3979 836 864 3980 3980 910 938 3981 3981 907 935 3982 3982 912 940 3983 3983 912 940 3984 3984 907 935 3985 3985 913 941 3986 3986 913 941 3987 3987 836 864 3988 3988 912 940 3989 3989 906 934 3990 3990 913 941 3991 3991 907 935 3992 3992 908 936 3993 3993 913 941 3994 3994 906 934 3995 3995 913 941 3996 3996 914 942 3997 3997 836 864 3998 3998 914 942 3999 3999 913 941 4000 4000 908 936 4001 4001 914 942 4002 4002 834 862 4003 4003 836 864 4004 4004 914 942 4005 4005 908 936 4006 4006 915 943 4007 4007 834 862 4008 4008 914 942 4009 4009 916 944 4010 4010 915 943 4011 4011 916 944 4012 4012 914 942 4013 4013 834 862 4014 4014 916 944 4015 4015 828 856 4016 4016 915 943 4017 4017 908 936 4018 4018 917 945 4019 4019 905 933 4020 4020 917 945 4021 4021 908 936 4022 4022 917 945 4023 4023 905 933 4024 4024 904 932 4025 4025 916 944 4026 4026 915 943 4027 4027 918 946 4028 4028 917 945 4029 4029 918 946 4030 4030 915 943 4031 4031 828 856 4032 4032 916 944 4033 4033 919 947 4034 4034 918 946 4035 4035 919 947 4036 4036 916 944 4037 4037 919 947 4038 4038 821 849 4039 4039 828 856 4040 4040 904 932 4041 4041 920 948 4042 4042 917 945 4043 4043 918 946 4044 4044 917 945 4045 4045 920 948 4046 4046 920 948 4047 4047 904 932 4048 4048 817 845 4049 4049 817 845 4050 4050 816 844 4051 4051 920 948 4052 4052 921 949 4053 4053 919 947 4054 4054 918 946 4055 4055 920 948 4056 4056 921 949 4057 4057 918 946 4058 4058 921 949 4059 4059 821 849 4060 4060 919 947 4061 4061 816 844 4062 4062 921 949 4063 4063 920 948 4064 4064 818 846 4065 4065 821 849 4066 4066 921 949 4067 4067 816 844 4068 4068 818 846 4069 4069 921 949 4070 4070 922 950 4071 4071 923 951 4072 4072 924 952 4073 4073 922 950 4074 4074 925 953 4075 4075 923 951 4076 4076 926 954 4077 4077 925 953 4078 4078 922 950 4079 4079 925 953 4080 4080 926 954 4081 4081 927 955 4082 4082 927 955 4083 4083 926 954 4084 4084 928 956 4085 4085 929 957 4086 4086 926 954 4087 4087 922 950 4088 4088 930 958 4089 4089 926 954 4090 4090 929 957 4091 4091 931 959 4092 4092 932 960 4093 4093 933 961 4094 4094 934 962 4095 4095 932 960 4096 4096 931 959 4097 4097 931 959 4098 4098 935 963 4099 4099 934 962 4100 4100 936 964 4101 4101 935 963 4102 4102 931 959 4103 4103 937 965 4104 4104 935 963 4105 4105 936 964 4106 4106 938 966 4107 4107 935 963 4108 4108 937 965 4109 4109 939 967 4110 4110 940 968 4111 4111 941 969 4112 4112 940 968 4113 4113 942 970 4114 4114 941 969 4115 4115 941 969 4116 4116 942 970 4117 4117 943 971 4118 4118 941 969 4119 4119 943 971 4120 4120 944 972 4121 4121 944 972 4122 4122 943 971 4123 4123 945 973 4124 4124 946 974 4125 4125 943 971 4126 4126 942 970 4127 4127 947 975 4128 4128 943 971 4129 4129 946 974 4130 4130 948 976 4131 4131 949 977 4132 4132 950 978 4133 4133 951 979 4134 4134 950 978 4135 4135 949 977 4136 4136 951 979 4137 4137 952 980 4138 4138 950 978 4139 4139 953 981 4140 4140 950 978 4141 4141 952 980 4142 4142 953 981 4143 4143 952 980 4144 4144 954 982 4145 4145 955 983 4146 4146 954 982 4147 4147 952 980 4148 4148 956 984 4149 4149 957 985 4150 4150 958 986 4151 4151 959 987 4152 4152 958 986 4153 4153 957 985 4154 4154 959 987 4155 4155 957 985 4156 4156 960 988 4157 4157 960 988 4158 4158 961 989 4159 4159 959 987 4160 4160 962 990 4161 4161 960 988 4162 4162 957 985 4163 4163 961 989 4164 4164 960 988 4165 4165 963 991 4166 4166 960 988 4167 4167 962 990 4168 4168 964 992 4169 4169 965 993 4170 4170 964 992 4171 4171 962 990 4172 4172 965 993 4173 4173 966 994 4174 4174 964 992 4175 4175 967 995 4176 4176 963 991 4177 4177 960 988 4178 4178 968 996 4179 4179 964 992 4180 4180 966 994 4181 4181 969 997 4182 4182 968 996 4183 4183 966 994 4184 4184 964 992 4185 4185 970 998 4186 4186 960 988 4187 4187 967 995 4188 4188 960 988 4189 4189 970 998 4190 4190 968 996 4191 4191 971 999 4192 4192 964 992 4193 4193 964 992 4194 4194 971 999 4195 4195 970 998 4196 4196 972 1000 4197 4197 968 996 4198 4198 969 997 4199 4199 968 996 4200 4200 972 1000 4201 4201 971 999 4202 4202 972 1000 4203 4203 969 997 4204 4204 973 1001 4205 4205 973 1001 4206 4206 969 997 4207 4207 974 1002 4208 4208 973 1001 4209 4209 974 1002 4210 4210 975 1003 4211 4211 971 999 4212 4212 972 1000 4213 4213 976 1004 4214 4214 973 1001 4215 4215 976 1004 4216 4216 972 1000 4217 4217 975 1003 4218 4218 977 1005 4219 4219 973 1001 4220 4220 977 1005 4221 4221 976 1004 4222 4222 973 1001 4223 4223 975 1003 4224 4224 978 1006 4225 4225 977 1005 4226 4226 975 1003 4227 4227 979 1007 4228 4228 978 1006 4229 4229 977 1005 4230 4230 980 1008 4231 4231 976 1004 4232 4232 978 1006 4233 4233 980 1008 4234 4234 977 1005 4235 4235 971 999 4236 4236 976 1004 4237 4237 981 1009 4238 4238 981 1009 4239 4239 976 1004 4240 4240 980 1008 4241 4241 971 999 4242 4242 981 1009 4243 4243 970 998 4244 4244 978 1006 4245 4245 982 1010 4246 4246 980 1008 4247 4247 980 1008 4248 4248 982 1010 4249 4249 981 1009 4250 4250 979 1007 4251 4251 982 1010 4252 4252 978 1006 4253 4253 970 998 4254 4254 981 1009 4255 4255 983 1011 4256 4256 970 998 4257 4257 983 1011 4258 4258 967 995 4259 4259 984 1012 4260 4260 981 1009 4261 4261 982 1010 4262 4262 981 1009 4263 4263 984 1012 4264 4264 983 1011 4265 4265 979 1007 4266 4266 985 1013 4267 4267 982 1010 4268 4268 986 1014 4269 4269 967 995 4270 4270 983 1011 4271 4271 967 995 4272 4272 986 1014 4273 4273 963 991 4274 4274 987 1015 4275 4275 963 991 4276 4276 986 1014 4277 4277 987 1015 4278 4278 986 1014 4279 4279 988 1016 4280 4280 983 1011 4281 4281 989 1017 4282 4282 986 1014 4283 4283 983 1011 4284 4284 984 1012 4285 4285 989 1017 4286 4286 986 1014 4287 4287 990 1018 4288 4288 988 1016 4289 4289 990 1018 4290 4290 986 1014 4291 4291 989 1017 4292 4292 991 1019 4293 4293 988 1016 4294 4294 992 1020 4295 4295 993 1021 4296 4296 992 1020 4297 4297 988 1016 4298 4298 993 1021 4299 4299 988 1016 4300 4300 990 1018 4301 4301 992 1020 4302 4302 993 1021 4303 4303 994 1022 4304 4304 995 1023 4305 4305 994 1022 4306 4306 993 1021 4307 4307 994 1022 4308 4308 995 1023 4309 4309 996 1024 4310 4310 990 1018 4311 4311 997 1025 4312 4312 993 1021 4313 4313 995 1023 4314 4314 993 1021 4315 4315 997 1025 4316 4316 989 1017 4317 4317 998 1026 4318 4318 990 1018 4319 4319 997 1025 4320 4320 990 1018 4321 4321 998 1026 4322 4322 999 1027 4323 4323 996 1024 4324 4324 995 1023 4325 4325 996 1024 4326 4326 999 1027 4327 4327 1000 1028 4328 4328 997 1025 4329 4329 1001 1029 4330 4330 995 1023 4331 4331 999 1027 4332 4332 995 1023 4333 4333 1001 1029 4334 4334 1002 1030 4335 4335 1000 1028 4336 4336 999 1027 4337 4337 1000 1028 4338 4338 1002 1030 4339 4339 1003 1031 4340 4340 1004 1032 4341 4341 1003 1031 4342 4342 1002 1030 4343 4343 1004 1032 4344 4344 1002 1030 4345 4345 1005 1033 4346 4346 1002 1030 4347 4347 999 1027 4348 4348 1006 1034 4349 4349 1006 1034 4350 4350 1005 1033 4351 4351 1002 1030 4352 4352 1001 1029 4353 4353 1006 1034 4354 4354 999 1027 4355 4355 1005 1033 4356 4356 1006 1034 4357 4357 1007 1035 4358 4358 1008 1036 4359 4359 1007 1035 4360 4360 1006 1034 4361 4361 1006 1034 4362 4362 1001 1029 4363 4363 1008 1036 4364 4364 1008 1036 4365 4365 1009 1037 4366 4366 1007 1035 4367 4367 1001 1029 4368 4368 997 1025 4369 4369 1010 1038 4370 4370 1010 1038 4371 4371 1008 1036 4372 4372 1001 1029 4373 4373 998 1026 4374 4374 1010 1038 4375 4375 997 1025 4376 4376 1011 1039 4377 4377 1009 1037 4378 4378 1008 1036 4379 4379 1010 1038 4380 4380 1011 1039 4381 4381 1008 1036 4382 4382 998 1026 4383 4383 1012 1040 4384 4384 1010 1038 4385 4385 1012 1040 4386 4386 1011 1039 4387 4387 1010 1038 4388 4388 1013 1041 4389 4389 1012 1040 4390 4390 998 1026 4391 4391 989 1017 4392 4392 1013 1041 4393 4393 998 1026 4394 4394 984 1012 4395 4395 1013 1041 4396 4396 989 1017 4397 4397 982 1010 4398 4398 1013 1041 4399 4399 984 1012 4400 4400 985 1013 4401 4401 1013 1041 4402 4402 982 1010 4403 4403 1012 1040 4404 4404 1013 1041 4405 4405 1014 1042 4406 4406 1014 1042 4407 4407 1013 1041 4408 4408 985 1013 4409 4409 1012 1040 4410 4410 1014 1042 4411 4411 1011 1039 4412 4412 1011 1039 4413 4413 1015 1043 4414 4414 1009 1037 4415 4415 1011 1039 4416 4416 1014 1042 4417 4417 1015 1043 4418 4418 1009 1037 4419 4419 1015 1043 4420 4420 1016 1044 4421 4421 1017 1045 4422 4422 1014 1042 4423 4423 985 1013 4424 4424 1017 1045 4425 4425 985 1013 4426 4426 979 1007 4427 4427 1018 1046 4428 4428 1017 1045 4429 4429 979 1007 4430 4430 1019 1047 4431 4431 1014 1042 4432 4432 1017 1045 4433 4433 1018 1046 4434 4434 1019 1047 4435 4435 1017 1045 4436 4436 1019 1047 4437 4437 1015 1043 4438 4438 1014 1042 4439 4439 1020 1048 4440 4440 1019 1047 4441 4441 1018 1046 4442 4442 1020 1048 4443 4443 1015 1043 4444 4444 1019 1047 4445 4445 1020 1048 4446 4446 1016 1044 4447 4447 1015 1043 4448 4448 1021 1049 4449 4449 1020 1048 4450 4450 1018 1046 4451 4451 1021 1049 4452 4452 1016 1044 4453 4453 1020 1048 4454 4454 1022 1050 4455 4455 1023 1051 4456 4456 1024 1052 4457 4457 1025 1053 4458 4458 1023 1051 4459 4459 1022 1050 4460 4460 1025 1053 4461 4461 1026 1054 4462 4462 1023 1051 4463 4463 1025 1053 4464 4464 1027 1055 4465 4465 1026 1054 4466 4466 1023 1051 4467 4467 1026 1054 4468 4468 1028 1056 4469 4469 1029 1057 4470 4470 1026 1054 4471 4471 1027 1055 4472 4472 1030 1058 4473 4473 1028 1056 4474 4474 1026 1054 4475 4475 1031 1059 4476 4476 1028 1056 4477 4477 1030 1058 4478 4478 1030 1058 4479 4479 1032 1060 4480 4480 1031 1059 4481 4481 1033 1061 4482 4482 1026 1054 4483 4483 1029 1057 4484 4484 1032 1060 4485 4485 1030 1058 4486 4486 1034 1062 4487 4487 1032 1060 4488 4488 1034 1062 4489 4489 1035 1063 4490 4490 1030 1058 4491 4491 1026 1054 4492 4492 1036 1064 4493 4493 1036 1064 4494 4494 1026 1054 4495 4495 1033 1061 4496 4496 1034 1062 4497 4497 1030 1058 4498 4498 1037 1065 4499 4499 1036 1064 4500 4500 1037 1065 4501 4501 1030 1058 4502 4502 1038 1066 4503 4503 1035 1063 4504 4504 1034 1062 4505 4505 1034 1062 4506 4506 1037 1065 4507 4507 1038 1066 4508 4508 1038 1066 4509 4509 1039 1067 4510 4510 1035 1063 4511 4511 1040 1068 4512 4512 1035 1063 4513 4513 1039 1067 4514 4514 1041 1069 4515 4515 1040 1068 4516 4516 1039 1067 4517 4517 1042 1070 4518 4518 1038 1066 4519 4519 1037 1065 4520 4520 1038 1066 4521 4521 1042 1070 4522 4522 1039 1067 4523 4523 1039 1067 4524 4524 1043 1071 4525 4525 1041 1069 4526 4526 1043 1071 4527 4527 1039 1067 4528 4528 1042 1070 4529 4529 1043 1071 4530 4530 1044 1072 4531 4531 1041 1069 4532 4532 1044 1072 4533 4533 1045 1073 4534 4534 1041 1069 4535 4535 1042 1070 4536 4536 1046 1074 4537 4537 1043 1071 4538 4538 1044 1072 4539 4539 1043 1071 4540 4540 1046 1074 4541 4541 1037 1065 4542 4542 1047 1075 4543 4543 1042 1070 4544 4544 1046 1074 4545 4545 1042 1070 4546 4546 1047 1075 4547 4547 1037 1065 4548 4548 1036 1064 4549 4549 1047 1075 4550 4550 1046 1074 4551 4551 1048 1076 4552 4552 1044 1072 4553 4553 1047 1075 4554 4554 1048 1076 4555 4555 1046 1074 4556 4556 1045 1073 4557 4557 1044 1072 4558 4558 1048 1076 4559 4559 1049 1077 4560 4560 1047 1075 4561 4561 1036 1064 4562 4562 1036 1064 4563 4563 1033 1061 4564 4564 1049 1077 4565 4565 1048 1076 4566 4566 1047 1075 4567 4567 1050 1078 4568 4568 1049 1077 4569 4569 1050 1078 4570 4570 1047 1075 4571 4571 1048 1076 4572 4572 1051 1079 4573 4573 1045 1073 4574 4574 1049 1077 4575 4575 1033 1061 4576 4576 1052 1080 4577 4577 1029 1057 4578 4578 1052 1080 4579 4579 1033 1061 4580 4580 1053 1081 4581 4581 1052 1080 4582 4582 1029 1057 4583 4583 1054 1082 4584 4584 1052 1080 4585 4585 1053 1081 4586 4586 1049 1077 4587 4587 1052 1080 4588 4588 1055 1083 4589 4589 1055 1083 4590 4590 1050 1078 4591 4591 1049 1077 4592 4592 1054 1082 4593 4593 1056 1084 4594 4594 1052 1080 4595 4595 1055 1083 4596 4596 1052 1080 4597 4597 1056 1084 4598 4598 1057 1085 4599 4599 1054 1082 4600 4600 1058 1086 4601 4601 1050 1078 4602 4602 1055 1083 4603 4603 1059 1087 4604 4604 1050 1078 4605 4605 1059 1087 4606 4606 1048 1076 4607 4607 1051 1079 4608 4608 1048 1076 4609 4609 1059 1087 4610 4610 1060 1088 4611 4611 1054 1082 4612 4612 1057 1085 4613 4613 1060 1088 4614 4614 1056 1084 4615 4615 1054 1082 4616 4616 1061 1089 4617 4617 1060 1088 4618 4618 1057 1085 4619 4619 1055 1083 4620 4620 1056 1084 4621 4621 1062 1090 4622 4622 1062 1090 4623 4623 1059 1087 4624 4624 1055 1083 4625 4625 1060 1088 4626 4626 1063 1091 4627 4627 1056 1084 4628 4628 1062 1090 4629 4629 1056 1084 4630 4630 1063 1091 4631 4631 1064 1092 4632 4632 1060 1088 4633 4633 1061 1089 4634 4634 1064 1092 4635 4635 1063 1091 4636 4636 1060 1088 4637 4637 1065 1093 4638 4638 1064 1092 4639 4639 1061 1089 4640 4640 1062 1090 4641 4641 1063 1091 4642 4642 1066 1094 4643 4643 1067 1095 4644 4644 1064 1092 4645 4645 1065 1093 4646 4646 1068 1096 4647 4647 1067 1095 4648 4648 1065 1093 4649 4649 1064 1092 4650 4650 1069 1097 4651 4651 1063 1091 4652 4652 1067 1095 4653 4653 1069 1097 4654 4654 1064 1092 4655 4655 1066 1094 4656 4656 1063 1091 4657 4657 1069 1097 4658 4658 1070 1098 4659 4659 1067 1095 4660 4660 1068 1096 4661 4661 1071 1099 4662 4662 1070 1098 4663 4663 1068 1096 4664 4664 1072 1100 4665 4665 1070 1098 4666 4666 1071 1099 4667 4667 1072 1100 4668 4668 1073 1101 4669 4669 1070 1098 4670 4670 1070 1098 4671 4671 1074 1102 4672 4672 1067 1095 4673 4673 1070 1098 4674 4674 1073 1101 4675 4675 1074 1102 4676 4676 1067 1095 4677 4677 1074 1102 4678 4678 1069 1097 4679 4679 1075 1103 4680 4680 1074 1102 4681 4681 1073 1101 4682 4682 1076 1104 4683 4683 1069 1097 4684 4684 1074 1102 4685 4685 1076 1104 4686 4686 1074 1102 4687 4687 1075 1103 4688 4688 1066 1094 4689 4689 1069 1097 4690 4690 1076 1104 4691 4691 1075 1103 4692 4692 1077 1105 4693 4693 1076 1104 4694 4694 1076 1104 4695 4695 1078 1106 4696 4696 1066 1094 4697 4697 1078 1106 4698 4698 1076 1104 4699 4699 1077 1105 4700 4700 1066 1094 4701 4701 1079 1107 4702 4702 1062 1090 4703 4703 1079 1107 4704 4704 1066 1094 4705 4705 1078 1106 4706 4706 1059 1087 4707 4707 1062 1090 4708 4708 1079 1107 4709 4709 1078 1106 4710 4710 1077 1105 4711 4711 1080 1108 4712 4712 1081 1109 4713 4713 1080 1108 4714 4714 1077 1105 4715 4715 1079 1107 4716 4716 1078 1106 4717 4717 1082 1110 4718 4718 1079 1107 4719 4719 1082 1110 4720 4720 1059 1087 4721 4721 1080 1108 4722 4722 1082 1110 4723 4723 1078 1106 4724 4724 1051 1079 4725 4725 1059 1087 4726 4726 1082 1110 4727 4727 1080 1108 4728 4728 1081 1109 4729 4729 1083 1111 4730 4730 1084 1112 4731 4731 1083 1111 4732 4732 1081 1109 4733 4733 1085 1113 4734 4734 1083 1111 4735 4735 1084 1112 4736 4736 1083 1111 4737 4737 1086 1114 4738 4738 1080 1108 4739 4739 1085 1113 4740 4740 1086 1114 4741 4741 1083 1111 4742 4742 1082 1110 4743 4743 1080 1108 4744 4744 1086 1114 4745 4745 1087 1115 4746 4746 1086 1114 4747 4747 1085 1113 4748 4748 1086 1114 4749 4749 1087 1115 4750 4750 1082 1110 4751 4751 1051 1079 4752 4752 1082 1110 4753 4753 1087 1115 4754 4754 1045 1073 4755 4755 1087 1115 4756 4756 1085 1113 4757 4757 1087 1115 4758 4758 1045 1073 4759 4759 1051 1079 4760 4760 1088 1116 4761 4761 1089 1117 4762 4762 1090 1118 4763 4763 1090 1118 4764 4764 1089 1117 4765 4765 1091 1119 4766 4766 1090 1118 4767 4767 1091 1119 4768 4768 1092 1120 4769 4769 1089 1117 4770 4770 1093 1121 4771 4771 1091 1119 4772 4772 1092 1120 4773 4773 1091 1119 4774 4774 1094 1122 4775 4775 1093 1121 4776 4776 1095 1123 4777 4777 1091 1119 4778 4778 1094 1122 4779 4779 1091 1119 4780 4780 1096 1124 4781 4781 1095 1123 4782 4782 1096 1124 4783 4783 1091 1119 4784 4784 1095 1123 4785 4785 1097 1125 4786 4786 1096 1124 4787 4787 1094 1122 4788 4788 1096 1124 4789 4789 1098 1126 4790 4790 1097 1125 4791 4791 1099 1127 4792 4792 1096 1124 4793 4793 1098 1126 4794 4794 1096 1124 4795 4795 1100 1128 4796 4796 1096 1124 4797 4797 1099 1127 4798 4798 1100 1128 4799 4799 1098 1126 4800 4800 1100 1128 4801 4801 1101 1129 4802 4802 1099 1127 4803 4803 1102 1130 4804 4804 1100 1128 4805 4805 1103 1131 4806 4806 1100 1128 4807 4807 1102 1130 4808 4808 1101 1129 4809 4809 1100 1128 4810 4810 1103 1131 4811 4811 1102 1130 4812 4812 1104 1132 4813 4813 1103 1131 4814 4814 1103 1131 4815 4815 1104 1132 4816 4816 1101 1129 4817 4817 1101 1129 4818 4818 1104 1132 4819 4819 1105 1133 4820 4820 1106 1134 4821 4821 1107 1135 4822 4822 1108 1136 4823 4823 1107 1135 4824 4824 1109 1137 4825 4825 1108 1136 4826 4826 1108 1136 4827 4827 1109 1137 4828 4828 1110 1138 4829 4829 1107 1135 4830 4830 1111 1139 4831 4831 1109 1137 4832 4832 1110 1138 4833 4833 1109 1137 4834 4834 1112 1140 4835 4835 1113 1141 4836 4836 1109 1137 4837 4837 1111 1139 4838 4838 1112 1140 4839 4839 1109 1137 4840 4840 1114 1142 4841 4841 1114 1142 4842 4842 1109 1137 4843 4843 1113 1141 4844 4844 1112 1140 4845 4845 1114 1142 4846 4846 1115 1143 4847 4847 1116 1144 4848 4848 1114 1142 4849 4849 1113 1141 4850 4850 1115 1143 4851 4851 1114 1142 4852 4852 1117 1145 4853 4853 1118 1146 4854 4854 1114 1142 4855 4855 1116 1144 4856 4856 1114 1142 4857 4857 1118 1146 4858 4858 1117 1145 4859 4859 1119 1147 4860 4860 1118 1146 4861 4861 1116 1144 4862 4862 1117 1145 4863 4863 1118 1146 4864 4864 1120 1148 4865 4865 1121 1149 4866 4866 1118 1146 4867 4867 1119 1147 4868 4868 1121 1149 4869 4869 1120 1148 4870 4870 1118 1146 4871 4871 1119 1147 4872 4872 1122 1150 4873 4873 1121 1149 4874 4874 1120 1148 4875 4875 1121 1149 4876 4876 1123 1151 4877 4877 1123 1151 4878 4878 1121 1149 4879 4879 1122 1150 4880 4880 1124 1152 4881 4881 1125 1153 4882 4882 1126 1154 4883 4883 1125 1153 4884 4884 1127 1155 4885 4885 1126 1154 4886 4886 1128 1156 4887 4887 1126 1154 4888 4888 1127 1155 4889 4889 1125 1153 4890 4890 1129 1157 4891 4891 1127 1155 4892 4892 1128 1156 4893 4893 1127 1155 4894 4894 1130 1158 4895 4895 1131 1159 4896 4896 1127 1155 4897 4897 1129 1157 4898 4898 1132 1160 4899 4899 1131 1159 4900 4900 1129 1157 4901 4901 1132 1160 4902 4902 1133 1161 4903 4903 1131 1159 4904 4904 1134 1162 4905 4905 1130 1158 4906 4906 1127 1155 4907 4907 1127 1155 4908 4908 1131 1159 4909 4909 1134 1162 4910 4910 1135 1163 4911 4911 1130 1158 4912 4912 1134 1162 4913 4913 1133 1161 4914 4914 1136 1164 4915 4915 1131 1159 4916 4916 1136 1164 4917 4917 1133 1161 4918 4918 1137 1165 4919 4919 1138 1166 4920 4920 1136 1164 4921 4921 1137 1165 4922 4922 1131 1159 4923 4923 1139 1167 4924 4924 1134 1162 4925 4925 1131 1159 4926 4926 1136 1164 4927 4927 1139 1167 4928 4928 1140 1168 4929 4929 1135 1163 4930 4930 1134 1162 4931 4931 1140 1168 4932 4932 1134 1162 4933 4933 1139 1167 4934 4934 1141 1169 4935 4935 1135 1163 4936 4936 1140 1168 4937 4937 1136 1164 4938 4938 1138 1166 4939 4939 1142 1170 4940 4940 1142 1170 4941 4941 1139 1167 4942 4942 1136 1164 4943 4943 1143 1171 4944 4944 1142 1170 4945 4945 1138 1166 4946 4946 1144 1172 4947 4947 1140 1168 4948 4948 1139 1167 4949 4949 1139 1167 4950 4950 1142 1170 4951 4951 1144 1172 4952 4952 1142 1170 4953 4953 1143 1171 4954 4954 1145 1173 4955 4955 1142 1170 4956 4956 1145 1173 4957 4957 1144 1172 4958 4958 1146 1174 4959 4959 1145 1173 4960 4960 1143 1171 4961 4961 1147 1175 4962 4962 1140 1168 4963 4963 1144 1172 4964 4964 1147 1175 4965 4965 1141 1169 4966 4966 1140 1168 4967 4967 1144 1172 4968 4968 1145 1173 4969 4969 1148 1176 4970 4970 1148 1176 4971 4971 1147 1175 4972 4972 1144 1172 4973 4973 1145 1173 4974 4974 1146 1174 4975 4975 1149 1177 4976 4976 1145 1173 4977 4977 1149 1177 4978 4978 1148 1176 4979 4979 1146 1174 4980 4980 1150 1178 4981 4981 1149 1177 4982 4982 1150 1178 4983 4983 1151 1179 4984 4984 1149 1177 4985 4985 1149 1177 4986 4986 1151 1179 4987 4987 1152 1180 4988 4988 1152 1180 4989 4989 1148 1176 4990 4990 1149 1177 4991 4991 1151 1179 4992 4992 1153 1181 4993 4993 1152 1180 4994 4994 1154 1182 4995 4995 1147 1175 4996 4996 1148 1176 4997 4997 1154 1182 4998 4998 1148 1176 4999 4999 1152 1180 5000 5000 1152 1180 5001 5001 1153 1181 5002 5002 1155 1183 5003 5003 1152 1180 5004 5004 1155 1183 5005 5005 1154 1182 5006 5006 1153 1181 5007 5007 1156 1184 5008 5008 1155 1183 5009 5009 1157 1185 5010 5010 1147 1175 5011 5011 1154 1182 5012 5012 1157 1185 5013 5013 1141 1169 5014 5014 1147 1175 5015 5015 1158 1186 5016 5016 1141 1169 5017 5017 1157 1185 5018 5018 1154 1182 5019 5019 1155 1183 5020 5020 1159 1187 5021 5021 1154 1182 5022 5022 1159 1187 5023 5023 1157 1185 5024 5024 1155 1183 5025 5025 1156 1184 5026 5026 1160 1188 5027 5027 1155 1183 5028 5028 1160 1188 5029 5029 1159 1187 5030 5030 1156 1184 5031 5031 1161 1189 5032 5032 1160 1188 5033 5033 1157 1185 5034 5034 1162 1190 5035 5035 1158 1186 5036 5036 1157 1185 5037 5037 1159 1187 5038 5038 1162 1190 5039 5039 1158 1186 5040 5040 1162 1190 5041 5041 1163 1191 5042 5042 1159 1187 5043 5043 1160 1188 5044 5044 1164 1192 5045 5045 1159 1187 5046 5046 1164 1192 5047 5047 1162 1190 5048 5048 1160 1188 5049 5049 1161 1189 5050 5050 1165 1193 5051 5051 1160 1188 5052 5052 1165 1193 5053 5053 1164 1192 5054 5054 1161 1189 5055 5055 1166 1194 5056 5056 1165 1193 5057 5057 1162 1190 5058 5058 1167 1195 5059 5059 1163 1191 5060 5060 1162 1190 5061 5061 1164 1192 5062 5062 1167 1195 5063 5063 1163 1191 5064 5064 1167 1195 5065 5065 1168 1196 5066 5066 1164 1192 5067 5067 1165 1193 5068 5068 1169 1197 5069 5069 1164 1192 5070 5070 1169 1197 5071 5071 1167 1195 5072 5072 1165 1193 5073 5073 1166 1194 5074 5074 1170 1198 5075 5075 1170 1198 5076 5076 1169 1197 5077 5077 1165 1193 5078 5078 1171 1199 5079 5079 1170 1198 5080 5080 1166 1194 5081 5081 1172 1200 5082 5082 1170 1198 5083 5083 1171 1199 5084 5084 1167 1195 5085 5085 1173 1201 5086 5086 1168 1196 5087 5087 1167 1195 5088 5088 1169 1197 5089 5089 1173 1201 5090 5090 1168 1196 5091 5091 1173 1201 5092 5092 1174 1202 5093 5093 1172 1200 5094 5094 1175 1203 5095 5095 1170 1198 5096 5096 1175 1203 5097 5097 1169 1197 5098 5098 1170 1198 5099 5099 1176 1204 5100 5100 1175 1203 5101 5101 1172 1200 5102 5102 1173 1201 5103 5103 1169 1197 5104 5104 1177 1205 5105 5105 1177 1205 5106 5106 1169 1197 5107 5107 1175 1203 5108 5108 1173 1201 5109 5109 1177 1205 5110 5110 1174 1202 5111 5111 1176 1204 5112 5112 1177 1205 5113 5113 1175 1203 5114 5114 1174 1202 5115 5115 1177 1205 5116 5116 1178 1206 5117 5117 1179 1207 5118 5118 1177 1205 5119 5119 1176 1204 5120 5120 1179 1207 5121 5121 1178 1206 5122 5122 1177 1205 5123 5123 1180 1208 5124 5124 1178 1206 5125 5125 1179 1207 5126 5126 1181 1209 5127 5127 1182 1210 5128 5128 1183 1211 5129 5129 1184 1212 5130 5130 1182 1210 5131 5131 1181 1209 5132 5132 1185 1213 5133 5133 1182 1210 5134 5134 1184 1212 5135 5135 1181 1209 5136 5136 1186 1214 5137 5137 1184 1212 5138 5138 1187 1215 5139 5139 1185 1213 5140 5140 1184 1212 5141 5141 1188 1216 5142 5142 1185 1213 5143 5143 1187 1215 5144 5144 1184 1212 5145 5145 1186 1214 5146 5146 1189 1217 5147 5147 1187 1215 5148 5148 1184 1212 5149 5149 1190 1218 5150 5150 1189 1217 5151 5151 1190 1218 5152 5152 1184 1212 5153 5153 1189 1217 5154 5154 1186 1214 5155 5155 1191 1219 5156 5156 1191 1219 5157 5157 1186 1214 5158 5158 1192 1220 5159 5159 1189 1217 5160 5160 1193 1221 5161 5161 1190 1218 5162 5162 1193 1221 5163 5163 1189 1217 5164 5164 1191 1219 5165 5165 1190 1218 5166 5166 1194 1222 5167 5167 1187 1215 5168 5168 1193 1221 5169 5169 1194 1222 5170 5170 1190 1218 5171 5171 1192 1220 5172 5172 1195 1223 5173 5173 1191 1219 5174 5174 1196 1224 5175 5175 1195 1223 5176 5176 1192 1220 5177 5177 1197 1225 5178 5178 1198 1226 5179 5179 1196 1224 5180 5180 1196 1224 5181 5181 1198 1226 5182 5182 1195 1223 5183 5183 1198 1226 5184 5184 1199 1227 5185 5185 1195 1223 5186 5186 1195 1223 5187 5187 1200 1228 5188 5188 1191 1219 5189 5189 1195 1223 5190 5190 1199 1227 5191 5191 1200 1228 5192 5192 1191 1219 5193 5193 1200 1228 5194 5194 1193 1221 5195 5195 1199 1227 5196 5196 1201 1229 5197 5197 1200 1228 5198 5198 1193 1221 5199 5199 1200 1228 5200 5200 1202 1230 5201 5201 1200 1228 5202 5202 1201 1229 5203 5203 1202 1230 5204 5204 1202 1230 5205 5205 1203 1231 5206 5206 1193 1221 5207 5207 1194 1222 5208 5208 1193 1221 5209 5209 1203 1231 5210 5210 1202 1230 5211 5211 1201 1229 5212 5212 1204 1232 5213 5213 1202 1230 5214 5214 1204 1232 5215 5215 1203 1231 5216 5216 1204 1232 5217 5217 1201 1229 5218 5218 1205 1233 5219 5219 1205 1233 5220 5220 1206 1234 5221 5221 1204 1232 5222 5222 1194 1222 5223 5223 1203 1231 5224 5224 1207 1235 5225 5225 1187 1215 5226 5226 1194 1222 5227 5227 1207 1235 5228 5228 1204 1232 5229 5229 1206 1234 5230 5230 1208 1236 5231 5231 1206 1234 5232 5232 1209 1237 5233 5233 1208 1236 5234 5234 1207 1235 5235 5235 1210 1238 5236 5236 1187 1215 5237 5237 1187 1215 5238 5238 1210 1238 5239 5239 1188 1216 5240 5240 1208 1236 5241 5241 1209 1237 5242 5242 1211 1239 5243 5243 1209 1237 5244 5244 1212 1240 5245 5245 1211 1239 5246 5246 1213 1241 5247 5247 1188 1216 5248 5248 1210 1238 5249 5249 1214 1242 5250 5250 1188 1216 5251 5251 1213 1241 5252 5252 1211 1239 5253 5253 1212 1240 5254 5254 1215 1243 5255 5255 1212 1240 5256 5256 1216 1244 5257 5257 1215 1243 5258 5258 1214 1242 5259 5259 1217 1245 5260 5260 1218 1246 5261 5261 1219 1247 5262 5262 1217 1245 5263 5263 1214 1242 5264 5264 1219 1247 5265 5265 1214 1242 5266 5266 1213 1241 5267 5267 1219 1247 5268 5268 1220 1248 5269 5269 1217 1245 5270 5270 1221 1249 5271 5271 1220 1248 5272 5272 1219 1247 5273 5273 1213 1241 5274 5274 1221 1249 5275 5275 1219 1247 5276 5276 1221 1249 5277 5277 1222 1250 5278 5278 1220 1248 5279 5279 1210 1238 5280 5280 1223 1251 5281 5281 1213 1241 5282 5282 1223 1251 5283 5283 1210 1238 5284 5284 1207 1235 5285 5285 1224 1252 5286 5286 1221 1249 5287 5287 1213 1241 5288 5288 1213 1241 5289 5289 1223 1251 5290 5290 1224 1252 5291 5291 1225 1253 5292 5292 1222 1250 5293 5293 1221 1249 5294 5294 1224 1252 5295 5295 1225 1253 5296 5296 1221 1249 5297 5297 1225 1253 5298 5298 1226 1254 5299 5299 1222 1250 5300 5300 1223 1251 5301 5301 1227 1255 5302 5302 1224 1252 5303 5303 1228 1256 5304 5304 1226 1254 5305 5305 1225 1253 5306 5306 1228 1256 5307 5307 1229 1257 5308 5308 1226 1254 5309 5309 1230 1258 5310 5310 1225 1253 5311 5311 1224 1252 5312 5312 1225 1253 5313 5313 1230 1258 5314 5314 1228 1256 5315 5315 1224 1252 5316 5316 1227 1255 5317 5317 1230 1258 5318 5318 1231 1259 5319 5319 1229 1257 5320 5320 1228 1256 5321 5321 1231 1259 5322 5322 1232 1260 5323 5323 1229 1257 5324 5324 1233 1261 5325 5325 1228 1256 5326 5326 1230 1258 5327 5327 1230 1258 5328 5328 1227 1255 5329 5329 1233 1261 5330 5330 1231 1259 5331 5331 1228 1256 5332 5332 1234 1262 5333 5333 1228 1256 5334 5334 1233 1261 5335 5335 1234 1262 5336 5336 1235 1263 5337 5337 1232 1260 5338 5338 1231 1259 5339 5339 1235 1263 5340 5340 1236 1264 5341 5341 1232 1260 5342 5342 1235 1263 5343 5343 1231 1259 5344 5344 1237 1265 5345 5345 1231 1259 5346 5346 1234 1262 5347 5347 1237 1265 5348 5348 1238 1266 5349 5349 1236 1264 5350 5350 1235 1263 5351 5351 1235 1263 5352 5352 1237 1265 5353 5353 1238 1266 5354 5354 1238 1266 5355 5355 1239 1267 5356 5356 1236 1264 5357 5357 1240 1268 5358 5358 1239 1267 5359 5359 1238 1266 5360 5360 1238 1266 5361 5361 1241 1269 5362 5362 1240 1268 5363 5363 1241 1269 5364 5364 1238 1266 5365 5365 1237 1265 5366 5366 1242 1270 5367 5367 1240 1268 5368 5368 1241 1269 5369 5369 1242 1270 5370 5370 1241 1269 5371 5371 1243 1271 5372 5372 1241 1269 5373 5373 1244 1272 5374 5374 1243 1271 5375 5375 1243 1271 5376 5376 1244 1272 5377 5377 1245 1273 5378 5378 1246 1274 5379 5379 1241 1269 5380 5380 1237 1265 5381 5381 1244 1272 5382 5382 1241 1269 5383 5383 1246 1274 5384 5384 1246 1274 5385 5385 1237 1265 5386 5386 1247 1275 5387 5387 1247 1275 5388 5388 1237 1265 5389 5389 1234 1262 5390 5390 1248 1276 5391 5391 1244 1272 5392 5392 1246 1274 5393 5393 1247 1275 5394 5394 1248 1276 5395 5395 1246 1274 5396 5396 1244 1272 5397 5397 1249 1277 5398 5398 1245 1273 5399 5399 1249 1277 5400 5400 1244 1272 5401 5401 1248 1276 5402 5402 1245 1273 5403 5403 1249 1277 5404 5404 1250 1278 5405 5405 1250 1278 5406 5406 1249 1277 5407 5407 1251 1279 5408 5408 1249 1277 5409 5409 1252 1280 5410 5410 1251 1279 5411 5411 1248 1276 5412 5412 1252 1280 5413 5413 1249 1277 5414 5414 1251 1279 5415 5415 1252 1280 5416 5416 1253 1281 5417 5417 1254 1282 5418 5418 1253 1281 5419 5419 1252 1280 5420 5420 1255 1283 5421 5421 1254 1282 5422 5422 1252 1280 5423 5423 1255 1283 5424 5424 1256 1284 5425 5425 1254 1282 5426 5426 1215 1243 5427 5427 1256 1284 5428 5428 1255 1283 5429 5429 1215 1243 5430 5430 1216 1244 5431 5431 1256 1284 5432 5432 1257 1285 5433 5433 1215 1243 5434 5434 1255 1283 5435 5435 1255 1283 5436 5436 1252 1280 5437 5437 1257 1285 5438 5438 1211 1239 5439 5439 1215 1243 5440 5440 1257 1285 5441 5441 1257 1285 5442 5442 1208 1236 5443 5443 1211 1239 5444 5444 1257 1285 5445 5445 1252 1280 5446 5446 1258 1286 5447 5447 1258 1286 5448 5448 1252 1280 5449 5449 1248 1276 5450 5450 1259 1287 5451 5451 1208 1236 5452 5452 1257 1285 5453 5453 1258 1286 5454 5454 1259 1287 5455 5455 1257 1285 5456 5456 1208 1236 5457 5457 1259 1287 5458 5458 1204 1232 5459 5459 1248 1276 5460 5460 1260 1288 5461 5461 1258 1286 5462 5462 1259 1287 5463 5463 1258 1286 5464 5464 1260 1288 5465 5465 1260 1288 5466 5466 1248 1276 5467 5467 1247 1275 5468 5468 1204 1232 5469 5469 1259 1287 5470 5470 1261 1289 5471 5471 1259 1287 5472 5472 1260 1288 5473 5473 1261 1289 5474 5474 1204 1232 5475 5475 1261 1289 5476 5476 1203 1231 5477 5477 1262 1290 5478 5478 1260 1288 5479 5479 1247 1275 5480 5480 1261 1289 5481 5481 1260 1288 5482 5482 1262 1290 5483 5483 1247 1275 5484 5484 1234 1262 5485 5485 1262 1290 5486 5486 1233 1261 5487 5487 1262 1290 5488 5488 1234 1262 5489 5489 1203 1231 5490 5490 1261 1289 5491 5491 1263 1291 5492 5492 1263 1291 5493 5493 1261 1289 5494 5494 1262 1290 5495 5495 1262 1290 5496 5496 1233 1261 5497 5497 1263 1291 5498 5498 1207 1235 5499 5499 1203 1231 5500 5500 1263 1291 5501 5501 1263 1291 5502 5502 1233 1261 5503 5503 1227 1255 5504 5504 1263 1291 5505 5505 1223 1251 5506 5506 1207 1235 5507 5507 1227 1255 5508 5508 1223 1251 5509 5509 1263 1291 5510 5510 1264 1292 5511 5511 1216 1293 5512 5512 1265 1294 5513 5513 1266 1295 5514 5514 1265 1294 5515 5515 1216 1293 5516 5516 1265 1294 5517 5517 1267 1296 5518 5518 1264 1292 5519 5519 1268 1297 5520 5520 1264 1292 5521 5521 1267 1296 5522 5522 1265 1294 5523 5523 1266 1295 5524 5524 1269 1298 5525 5525 1270 1299 5526 5526 1269 1298 5527 5527 1266 1295 5528 5528 1267 1296 5529 5529 1265 1294 5530 5530 1271 1300 5531 5531 1269 1298 5532 5532 1271 1300 5533 5533 1265 1294 5534 5534 1272 1301 5535 5535 1268 1297 5536 5536 1267 1296 5537 5537 1267 1296 5538 5538 1271 1300 5539 5539 1272 1301 5540 5540 1272 1301 5541 5541 1273 1302 5542 5542 1268 1297 5543 5543 1273 1302 5544 5544 1272 1301 5545 5545 1274 1303 5546 5546 1269 1298 5547 5547 1270 1299 5548 5548 1275 1304 5549 5549 1269 1298 5550 5550 1275 1304 5551 5551 1271 1300 5552 5552 1276 1305 5553 5553 1275 1304 5554 5554 1270 1299 5555 5555 1277 1306 5556 5556 1274 1303 5557 5557 1272 1301 5558 5558 1274 1303 5559 5559 1277 1306 5560 5560 1278 1307 5561 5561 1279 1308 5562 5562 1278 1307 5563 5563 1277 1306 5564 5564 1275 1304 5565 5565 1276 1305 5566 5566 1280 1309 5567 5567 1281 1310 5568 5568 1280 1309 5569 5569 1276 1305 5570 5570 1281 1310 5571 5571 1282 1311 5572 5572 1280 1309 5573 5573 1279 1308 5574 5574 1277 1306 5575 5575 1283 1312 5576 5576 1279 1308 5577 5577 1283 1312 5578 5578 1284 1313 5579 5579 1277 1306 5580 5580 1272 1301 5581 5581 1285 1314 5582 5582 1277 1306 5583 5583 1285 1314 5584 5584 1283 1312 5585 5585 1284 1313 5586 5586 1283 1312 5587 5587 1286 1315 5588 5588 1284 1313 5589 5589 1286 1315 5590 5590 1287 1316 5591 5591 1286 1315 5592 5592 1288 1317 5593 5593 1287 1316 5594 5594 1283 1312 5595 5595 1289 1318 5596 5596 1286 1315 5597 5597 1289 1318 5598 5598 1283 1312 5599 5599 1285 1314 5600 5600 1288 1317 5601 5601 1286 1315 5602 5602 1290 1319 5603 5603 1288 1317 5604 5604 1290 1319 5605 5605 1291 1320 5606 5606 1292 1321 5607 5607 1291 1320 5608 5608 1290 1319 5609 5609 1293 1322 5610 5610 1286 1315 5611 5611 1289 1318 5612 5612 1293 1322 5613 5613 1290 1319 5614 5614 1286 1315 5615 5615 1290 1319 5616 5616 1294 1323 5617 5617 1292 1321 5618 5618 1290 1319 5619 5619 1293 1322 5620 5620 1294 1323 5621 5621 1295 1324 5622 5622 1292 1321 5623 5623 1294 1323 5624 5624 1294 1323 5625 5625 1296 1325 5626 5626 1295 1324 5627 5627 1293 1322 5628 5628 1296 1325 5629 5629 1294 1323 5630 5630 1297 1326 5631 5631 1295 1324 5632 5632 1296 1325 5633 5633 1289 1318 5634 5634 1298 1327 5635 5635 1293 1322 5636 5636 1289 1318 5637 5637 1285 1314 5638 5638 1298 1327 5639 5639 1293 1322 5640 5640 1299 1328 5641 5641 1296 1325 5642 5642 1299 1328 5643 5643 1293 1322 5644 5644 1298 1327 5645 5645 1296 1325 5646 5646 1300 1329 5647 5647 1297 1326 5648 5648 1299 1328 5649 5649 1300 1329 5650 5650 1296 1325 5651 5651 1301 1330 5652 5652 1297 1326 5653 5653 1300 1329 5654 5654 1302 1331 5655 5655 1299 1328 5656 5656 1298 1327 5657 5657 1300 1329 5658 5658 1303 1332 5659 5659 1301 1330 5660 5660 1304 1333 5661 5661 1301 1330 5662 5662 1303 1332 5663 5663 1299 1328 5664 5664 1305 1334 5665 5665 1300 1329 5666 5666 1299 1328 5667 5667 1302 1331 5668 5668 1305 1334 5669 5669 1300 1329 5670 5670 1306 1335 5671 5671 1303 1332 5672 5672 1306 1335 5673 5673 1300 1329 5674 5674 1305 1334 5675 5675 1303 1332 5676 5676 1307 1336 5677 5677 1304 1333 5678 5678 1308 1337 5679 5679 1304 1333 5680 5680 1307 1336 5681 5681 1306 1335 5682 5682 1309 1338 5683 5683 1303 1332 5684 5684 1307 1336 5685 5685 1303 1332 5686 5686 1309 1338 5687 5687 1305 1334 5688 5688 1310 1339 5689 5689 1306 1335 5690 5690 1306 1335 5691 5691 1310 1339 5692 5692 1309 1338 5693 5693 1307 1336 5694 5694 1311 1340 5695 5695 1308 1337 5696 5696 1312 1341 5697 5697 1308 1337 5698 5698 1311 1340 5699 5699 1309 1338 5700 5700 1313 1342 5701 5701 1307 1336 5702 5702 1311 1340 5703 5703 1307 1336 5704 5704 1313 1342 5705 5705 1311 1340 5706 5706 1314 1343 5707 5707 1312 1341 5708 5708 1315 1344 5709 5709 1312 1341 5710 5710 1314 1343 5711 5711 1313 1342 5712 5712 1314 1343 5713 5713 1311 1340 5714 5714 1313 1342 5715 5715 1316 1345 5716 5716 1314 1343 5717 5717 1309 1338 5718 5718 1317 1346 5719 5719 1313 1342 5720 5720 1317 1346 5721 5721 1309 1338 5722 5722 1310 1339 5723 5723 1318 1347 5724 5724 1316 1345 5725 5725 1313 1342 5726 5726 1318 1347 5727 5727 1313 1342 5728 5728 1317 1346 5729 5729 1316 1345 5730 5730 1318 1347 5731 5731 1319 1348 5732 5732 1319 1348 5733 5733 1320 1349 5734 5734 1316 1345 5735 5735 1317 1346 5736 5736 1321 1350 5737 5737 1318 1347 5738 5738 1319 1348 5739 5739 1318 1347 5740 5740 1321 1350 5741 5741 1310 1339 5742 5742 1322 1351 5743 5743 1317 1346 5744 5744 1321 1350 5745 5745 1317 1346 5746 5746 1322 1351 5747 5747 1310 1339 5748 5748 1305 1334 5749 5749 1322 1351 5750 5750 1322 1351 5751 5751 1305 1334 5752 5752 1302 1331 5753 5753 1321 1350 5754 5754 1323 1352 5755 5755 1319 1348 5756 5756 1322 1351 5757 5757 1324 1353 5758 5758 1321 1350 5759 5759 1323 1352 5760 5760 1321 1350 5761 5761 1324 1353 5762 5762 1302 1331 5763 5763 1325 1354 5764 5764 1322 1351 5765 5765 1324 1353 5766 5766 1322 1351 5767 5767 1325 1354 5768 5768 1326 1355 5769 5769 1319 1348 5770 5770 1323 1352 5771 5771 1325 1354 5772 5772 1302 1331 5773 5773 1327 1356 5774 5774 1298 1327 5775 5775 1327 1356 5776 5776 1302 1331 5777 5777 1327 1356 5778 5778 1298 1327 5779 5779 1285 1314 5780 5780 1328 1357 5781 5781 1327 1356 5782 5782 1285 1314 5783 5783 1285 1314 5784 5784 1272 1301 5785 5785 1328 1357 5786 5786 1328 1357 5787 5787 1272 1301 5788 5788 1271 1300 5789 5789 1327 1356 5790 5790 1328 1357 5791 5791 1329 1358 5792 5792 1271 1300 5793 5793 1329 1358 5794 5794 1328 1357 5795 5795 1325 1354 5796 5796 1327 1356 5797 5797 1329 1358 5798 5798 1271 1300 5799 5799 1275 1304 5800 5800 1329 1358 5801 5801 1280 1309 5802 5802 1329 1358 5803 5803 1275 1304 5804 5804 1325 1354 5805 5805 1329 1358 5806 5806 1280 1309 5807 5807 1324 1353 5808 5808 1325 1354 5809 5809 1280 1309 5810 5810 1324 1353 5811 5811 1280 1309 5812 5812 1330 1359 5813 5813 1330 1359 5814 5814 1280 1309 5815 5815 1282 1311 5816 5816 1331 1360 5817 5817 1324 1353 5818 5818 1330 1359 5819 5819 1324 1353 5820 5820 1331 1360 5821 5821 1323 1352 5822 5822 1326 1355 5823 5823 1323 1352 5824 5824 1331 1360 5825 5825 1330 1359 5826 5826 1282 1311 5827 5827 1332 1361 5828 5828 1330 1359 5829 5829 1332 1361 5830 5830 1331 1360 5831 5831 1333 1362 5832 5832 1332 1361 5833 5833 1282 1311 5834 5834 1326 1355 5835 5835 1331 1360 5836 5836 1334 1363 5837 5837 1332 1361 5838 5838 1333 1362 5839 5839 1335 1364 5840 5840 1336 1365 5841 5841 1335 1364 5842 5842 1333 1362 5843 5843 1331 1360 5844 5844 1332 1361 5845 5845 1337 1366 5846 5846 1335 1364 5847 5847 1337 1366 5848 5848 1332 1361 5849 5849 1337 1366 5850 5850 1334 1363 5851 5851 1331 1360 5852 5852 1335 1364 5853 5853 1336 1365 5854 5854 1338 1367 5855 5855 1339 1368 5856 5856 1338 1367 5857 5857 1336 1365 5858 5858 1338 1367 5859 5859 1340 1369 5860 5860 1335 1364 5861 5861 1337 1366 5862 5862 1335 1364 5863 5863 1340 1369 5864 5864 1340 1369 5865 5865 1341 1370 5866 5866 1337 1366 5867 5867 1334 1363 5868 5868 1337 1366 5869 5869 1341 1370 5870 5870 1334 1363 5871 5871 1341 1370 5872 5872 1342 1371 5873 5873 1342 1371 5874 5874 1326 1355 5875 5875 1334 1363 5876 5876 1326 1355 5877 5877 1342 1371 5878 5878 1319 1348 5879 5879 1342 1371 5880 5880 1320 1349 5881 5881 1319 1348 5882 5882 1343 1372 5883 5883 1342 1371 5884 5884 1341 1370 5885 5885 1342 1371 5886 5886 1344 1373 5887 5887 1320 1349 5888 5888 1342 1371 5889 5889 1343 1372 5890 5890 1344 1373 5891 5891 1345 1374 5892 5892 1344 1373 5893 5893 1343 1372 5894 5894 1346 1375 5895 5895 1347 1376 5896 5896 1348 1377 5897 5897 1349 1378 5898 5898 1347 1376 5899 5899 1346 1375 5900 5900 1349 1378 5901 5901 1350 1379 5902 5902 1347 1376 5903 5903 1346 1375 5904 5904 1351 1380 5905 5905 1349 1378 5906 5906 1349 1378 5907 5907 1352 1381 5908 5908 1350 1379 5909 5909 1353 1382 5910 5910 1350 1379 5911 5911 1352 1381 5912 5912 1349 1378 5913 5913 1351 1380 5914 5914 1354 1383 5915 5915 1351 1380 5916 5916 1355 1384 5917 5917 1354 1383 5918 5918 1349 1378 5919 5919 1356 1385 5920 5920 1352 1381 5921 5921 1349 1378 5922 5922 1354 1383 5923 5923 1356 1385 5924 5924 1352 1381 5925 5925 1357 1386 5926 5926 1353 1382 5927 5927 1358 1387 5928 5928 1353 1382 5929 5929 1357 1386 5930 5930 1359 1388 5931 5931 1360 1389 5932 5932 1358 1387 5933 5933 1357 1386 5934 5934 1359 1388 5935 5935 1358 1387 5936 5936 1359 1388 5937 5937 1357 1386 5938 5938 1361 1390 5939 5939 1357 1386 5940 5940 1352 1381 5941 5941 1362 1391 5942 5942 1362 1391 5943 5943 1361 1390 5944 5944 1357 1386 5945 5945 1356 1385 5946 5946 1362 1391 5947 5947 1352 1381 5948 5948 1363 1392 5949 5949 1361 1390 5950 5950 1362 1391 5951 5951 1364 1393 5952 5952 1363 1392 5953 5953 1362 1391 5954 5954 1364 1393 5955 5955 1362 1391 5956 5956 1356 1385 5957 5957 1363 1392 5958 5958 1364 1393 5959 5959 1365 1394 5960 5960 1366 1395 5961 5961 1364 1393 5962 5962 1356 1385 5963 5963 1356 1385 5964 5964 1354 1383 5965 5965 1366 1395 5966 5966 1364 1393 5967 5967 1367 1396 5968 5968 1365 1394 5969 5969 1364 1393 5970 5970 1366 1395 5971 5971 1367 1396 5972 5972 1368 1397 5973 5973 1366 1395 5974 5974 1354 1383 5975 5975 1368 1397 5976 5976 1354 1383 5977 5977 1355 1384 5978 5978 1369 1398 5979 5979 1368 1397 5980 5980 1355 1384 5981 5981 1370 1399 5982 5982 1366 1395 5983 5983 1368 1397 5984 5984 1370 1399 5985 5985 1367 1396 5986 5986 1366 1395 5987 5987 1371 1400 5988 5988 1368 1397 5989 5989 1369 1398 5990 5990 1371 1400 5991 5991 1370 1399 5992 5992 1368 1397 5993 5993 1372 1401 5994 5994 1371 1400 5995 5995 1369 1398 5996 5996 1373 1402 5997 5997 1371 1400 5998 5998 1372 1401 5999 5999 1374 1403 6000 6000 1371 1400 6001 6001 1373 1402 6002 6002 1374 1403 6003 6003 1370 1399 6004 6004 1371 1400 6005 6005 1373 1402 6006 6006 1375 1404 6007 6007 1374 1403 6008 6008 1370 1399 6009 6009 1376 1405 6010 6010 1367 1396 6011 6011 1376 1405 6012 6012 1370 1399 6013 6013 1374 1403 6014 6014 1374 1403 6015 6015 1375 1404 6016 6016 1377 1406 6017 6017 1374 1403 6018 6018 1377 1406 6019 6019 1376 1405 6020 6020 1375 1404 6021 6021 1378 1407 6022 6022 1377 1406 6023 6023 1367 1396 6024 6024 1376 1405 6025 6025 1379 1408 6026 6026 1367 1396 6027 6027 1379 1408 6028 6028 1365 1394 6029 6029 1365 1394 6030 6030 1379 1408 6031 6031 1380 1409 6032 6032 1376 1405 6033 6033 1377 1406 6034 6034 1381 1410 6035 6035 1376 1405 6036 6036 1381 1410 6037 6037 1379 1408 6038 6038 1379 1408 6039 6039 1382 1411 6040 6040 1380 1409 6041 6041 1379 1408 6042 6042 1381 1410 6043 6043 1382 1411 6044 6044 1380 1409 6045 6045 1382 1411 6046 6046 1383 1412 6047 6047 1377 1406 6048 6048 1384 1413 6049 6049 1381 1410 6050 6050 1377 1406 6051 6051 1378 1407 6052 6052 1384 1413 6053 6053 1381 1410 6054 6054 1385 1414 6055 6055 1382 1411 6056 6056 1381 1410 6057 6057 1384 1413 6058 6058 1385 1414 6059 6059 1382 1411 6060 6060 1386 1415 6061 6061 1383 1412 6062 6062 1382 1411 6063 6063 1385 1414 6064 6064 1386 1415 6065 6065 1383 1412 6066 6066 1386 1415 6067 6067 1387 1416 6068 6068 1378 1407 6069 6069 1388 1417 6070 6070 1384 1413 6071 6071 1384 1413 6072 6072 1388 1417 6073 6073 1385 1414 6074 6074 1389 1418 6075 6075 1388 1417 6076 6076 1378 1407 6077 6077 1390 1419 6078 6078 1388 1417 6079 6079 1389 1418 6080 6080 1385 1414 6081 6081 1391 1420 6082 6082 1386 1415 6083 6083 1385 1414 6084 6084 1388 1417 6085 6085 1391 1420 6086 6086 1386 1415 6087 6087 1392 1421 6088 6088 1387 1416 6089 6089 1386 1415 6090 6090 1391 1420 6091 6091 1392 1421 6092 6092 1387 1416 6093 6093 1392 1421 6094 6094 1393 1422 6095 6095 1393 1422 6096 6096 1392 1421 6097 6097 1394 1423 6098 6098 1395 1424 6099 6099 1394 1423 6100 6100 1396 1425 6101 6101 1394 1423 6102 6102 1392 1421 6103 6103 1397 1426 6104 6104 1396 1425 6105 6105 1394 1423 6106 6106 1397 1426 6107 6107 1392 1421 6108 6108 1391 1420 6109 6109 1397 1426 6110 6110 1396 1425 6111 6111 1397 1426 6112 6112 1398 1427 6113 6113 1397 1426 6114 6114 1391 1420 6115 6115 1399 1428 6116 6116 1398 1427 6117 6117 1397 1426 6118 6118 1399 1428 6119 6119 1391 1420 6120 6120 1388 1417 6121 6121 1399 1428 6122 6122 1398 1427 6123 6123 1399 1428 6124 6124 1400 1429 6125 6125 1399 1428 6126 6126 1388 1417 6127 6127 1401 1430 6128 6128 1400 1429 6129 6129 1399 1428 6130 6130 1401 1430 6131 6131 1401 1430 6132 6132 1388 1417 6133 6133 1390 1419 6134 6134 1400 1429 6135 6135 1401 1430 6136 6136 1402 1431 6137 6137 1402 1431 6138 6138 1401 1430 6139 6139 1390 1419 6140 6140 1403 1432 6141 6141 1404 1433 6142 6142 1405 1434 6143 6143 1406 1435 6144 6144 1405 1434 6145 6145 1404 1433 6146 6146 1404 1433 6147 6147 1407 1436 6148 6148 1406 1435 6149 6149 1405 1434 6150 6150 1406 1435 6151 6151 1408 1437 6152 6152 1409 1438 6153 6153 1406 1435 6154 6154 1407 1436 6155 6155 1407 1436 6156 6156 1410 1439 6157 6157 1409 1438 6158 6158 1411 1440 6159 6159 1408 1437 6160 6160 1406 1435 6161 6161 1412 1441 6162 6162 1409 1438 6163 6163 1410 1439 6164 6164 1413 1442 6165 6165 1412 1441 6166 6166 1410 1439 6167 6167 1412 1441 6168 6168 1413 1442 6169 6169 1414 1443 6170 6170 1411 1440 6171 6171 1415 1444 6172 6172 1408 1437 6173 6173 1416 1445 6174 6174 1408 1437 6175 6175 1415 1444 6176 6176 1412 1441 6177 6177 1414 1443 6178 6178 1417 1446 6179 6179 1412 1441 6180 6180 1417 1446 6181 6181 1409 1438 6182 6182 1418 1447 6183 6183 1417 1446 6184 6184 1414 1443 6185 6185 1409 1438 6186 6186 1419 1448 6187 6187 1406 1435 6188 6188 1419 1448 6189 6189 1409 1438 6190 6190 1417 1446 6191 6191 1411 1440 6192 6192 1406 1435 6193 6193 1419 1448 6194 6194 1419 1448 6195 6195 1415 1444 6196 6196 1411 1440 6197 6197 1417 1446 6198 6198 1418 1447 6199 6199 1420 1449 6200 6200 1419 1448 6201 6201 1417 1446 6202 6202 1420 1449 6203 6203 1415 1444 6204 6204 1419 1448 6205 6205 1420 1449 6206 6206 1415 1444 6207 6207 1420 1449 6208 6208 1416 1445 6209 6209 1421 1450 6210 6210 1420 1449 6211 6211 1418 1447 6212 6212 1421 1450 6213 6213 1416 1445 6214 6214 1420 1449 6215 6215 1422 1451 6216 6216 1423 1452 6217 6217 1424 1453 6218 6218 1425 1454 6219 6219 1424 1453 6220 6220 1423 1452 6221 6221 1423 1452 6222 6222 1426 1455 6223 6223 1425 1454 6224 6224 1424 1453 6225 6225 1425 1454 6226 6226 1427 1456 6227 6227 1428 1457 6228 6228 1425 1454 6229 6229 1426 1455 6230 6230 1426 1455 6231 6231 1429 1458 6232 6232 1428 1457 6233 6233 1430 1459 6234 6234 1427 1456 6235 6235 1425 1454 6236 6236 1427 1456 6237 6237 1430 1459 6238 6238 1431 1460 6239 6239 1428 1457 6240 6240 1432 1461 6241 6241 1425 1454 6242 6242 1430 1459 6243 6243 1425 1454 6244 6244 1432 1461 6245 6245 1433 1462 6246 6246 1428 1457 6247 6247 1429 1458 6248 6248 1428 1457 6249 6249 1433 1462 6250 6250 1432 1461 6251 6251 1429 1458 6252 6252 1434 1463 6253 6253 1433 1462 6254 6254 1435 1464 6255 6255 1433 1462 6256 6256 1434 1463 6257 6257 1436 1465 6258 6258 1431 1460 6259 6259 1430 1459 6260 6260 1430 1459 6261 6261 1432 1461 6262 6262 1436 1465 6263 6263 1431 1460 6264 6264 1436 1465 6265 6265 1437 1466 6266 6266 1433 1462 6267 6267 1435 1464 6268 6268 1438 1467 6269 6269 1438 1467 6270 6270 1432 1461 6271 6271 1433 1462 6272 6272 1439 1468 6273 6273 1438 1467 6274 6274 1435 1464 6275 6275 1440 1469 6276 6276 1436 1465 6277 6277 1432 1461 6278 6278 1432 1461 6279 6279 1438 1467 6280 6280 1440 1469 6281 6281 1441 1470 6282 6282 1437 1466 6283 6283 1436 1465 6284 6284 1436 1465 6285 6285 1440 1469 6286 6286 1441 1470 6287 6287 1437 1466 6288 6288 1441 1470 6289 6289 1442 1471 6290 6290 1438 1467 6291 6291 1439 1468 6292 6292 1443 1472 6293 6293 1443 1472 6294 6294 1440 1469 6295 6295 1438 1467 6296 6296 1444 1473 6297 6297 1443 1472 6298 6298 1439 1468 6299 6299 1445 1474 6300 6300 1441 1470 6301 6301 1440 1469 6302 6302 1440 1469 6303 6303 1443 1472 6304 6304 1445 1474 6305 6305 1446 1475 6306 6306 1442 1471 6307 6307 1441 1470 6308 6308 1441 1470 6309 6309 1445 1474 6310 6310 1446 1475 6311 6311 1442 1471 6312 6312 1446 1475 6313 6313 1447 1476 6314 6314 1443 1472 6315 6315 1444 1473 6316 6316 1448 1477 6317 6317 1448 1477 6318 6318 1445 1474 6319 6319 1443 1472 6320 6320 1449 1478 6321 6321 1448 1477 6322 6322 1444 1473 6323 6323 1450 1479 6324 6324 1446 1475 6325 6325 1445 1474 6326 6326 1445 1474 6327 6327 1448 1477 6328 6328 1450 1479 6329 6329 1448 1477 6330 6330 1449 1478 6331 6331 1451 1480 6332 6332 1451 1480 6333 6333 1450 1479 6334 6334 1448 1477 6335 6335 1452 1481 6336 6336 1451 1480 6337 6337 1449 1478 6338 6338 1446 1475 6339 6339 1450 1479 6340 6340 1453 1482 6341 6341 1453 1482 6342 6342 1447 1476 6343 6343 1446 1475 6344 6344 1450 1479 6345 6345 1451 1480 6346 6346 1454 1483 6347 6347 1454 1483 6348 6348 1453 1482 6349 6349 1450 1479 6350 6350 1451 1480 6351 6351 1452 1481 6352 6352 1455 1484 6353 6353 1455 1484 6354 6354 1454 1483 6355 6355 1451 1480 6356 6356 1456 1485 6357 6357 1455 1484 6358 6358 1452 1481 6359 6359 1455 1484 6360 6360 1456 1485 6361 6361 1457 1486 6362 6362 1455 1484 6363 6363 1457 1486 6364 6364 1458 1487 6365 6365 1454 1483 6366 6366 1455 1484 6367 6367 1458 1487 6368 6368 1459 1488 6369 6369 1458 1487 6370 6370 1457 1486 6371 6371 1460 1489 6372 6372 1453 1482 6373 6373 1454 1483 6374 6374 1454 1483 6375 6375 1458 1487 6376 6376 1460 1489 6377 6377 1458 1487 6378 6378 1459 1488 6379 6379 1461 1490 6380 6380 1460 1489 6381 6381 1458 1487 6382 6382 1461 1490 6383 6383 1462 1491 6384 6384 1461 1490 6385 6385 1459 1488 6386 6386 1460 1489 6387 6387 1463 1492 6388 6388 1453 1482 6389 6389 1463 1492 6390 6390 1447 1476 6391 6391 1453 1482 6392 6392 1463 1492 6393 6393 1464 1493 6394 6394 1447 1476 6395 6395 1460 1489 6396 6396 1461 1490 6397 6397 1465 1494 6398 6398 1465 1494 6399 6399 1463 1492 6400 6400 1460 1489 6401 6401 1461 1490 6402 6402 1462 1491 6403 6403 1466 1495 6404 6404 1466 1495 6405 6405 1465 1494 6406 6406 1461 1490 6407 6407 1467 1496 6408 6408 1466 1495 6409 6409 1462 1491 6410 6410 1467 1496 6411 6411 1468 1497 6412 6412 1466 1495 6413 6413 1469 1498 6414 6414 1464 1493 6415 6415 1463 1492 6416 6416 1465 1494 6417 6417 1469 1498 6418 6418 1463 1492 6419 6419 1469 1498 6420 6420 1470 1499 6421 6421 1464 1493 6422 6422 1465 1494 6423 6423 1466 1495 6424 6424 1471 1500 6425 6425 1471 1500 6426 6426 1466 1495 6427 6427 1468 1497 6428 6428 1469 1498 6429 6429 1465 1494 6430 6430 1471 1500 6431 6431 1471 1500 6432 6432 1468 1497 6433 6433 1472 1501 6434 6434 1473 1502 6435 6435 1471 1500 6436 6436 1472 1501 6437 6437 1474 1503 6438 6438 1470 1499 6439 6439 1469 1498 6440 6440 1469 1498 6441 6441 1471 1500 6442 6442 1474 1503 6443 6443 1473 1502 6444 6444 1474 1503 6445 6445 1471 1500 6446 6446 1470 1499 6447 6447 1474 1503 6448 6448 1475 1504 6449 6449 1474 1503 6450 6450 1473 1502 6451 6451 1476 1505 6452 6452 1474 1503 6453 6453 1477 1506 6454 6454 1475 1504 6455 6455 1477 1506 6456 6456 1474 1503 6457 6457 1476 1505 6458 6458 1477 1506 6459 6459 1476 1505 6460 6460 1478 1507 6461 6461 1479 1508 6462 6462 1480 1509 6463 6463 1481 1510 6464 6464 1481 1510 6465 6465 1480 1509 6466 6466 1482 1511 6467 6467 1482 1511 6468 6468 1483 1512 6469 6469 1481 1510 6470 6470 1480 1509 6471 6471 1484 1513 6472 6472 1482 1511 6473 6473 1485 1514 6474 6474 1483 1512 6475 6475 1482 1511 6476 6476 1485 1514 6477 6477 1486 1515 6478 6478 1483 1512 6479 6479 1484 1513 6480 6480 1487 1516 6481 6481 1482 1511 6482 6482 1487 1516 6483 6483 1484 1513 6484 6484 1488 1517 6485 6485 1489 1518 6486 6486 1485 1514 6487 6487 1482 1511 6488 6488 1487 1516 6489 6489 1489 1518 6490 6490 1482 1511 6491 6491 1486 1515 6492 6492 1485 1514 6493 6493 1490 1519 6494 6494 1486 1515 6495 6495 1490 1519 6496 6496 1491 1520 6497 6497 1492 1521 6498 6498 1485 1514 6499 6499 1489 1518 6500 6500 1485 1514 6501 6501 1492 1521 6502 6502 1490 1519 6503 6503 1491 1520 6504 6504 1490 1519 6505 6505 1493 1522 6506 6506 1491 1520 6507 6507 1493 1522 6508 6508 1494 1523 6509 6509 1494 1523 6510 6510 1493 1522 6511 6511 1495 1524 6512 6512 1490 1519 6513 6513 1496 1525 6514 6514 1493 1522 6515 6515 1490 1519 6516 6516 1492 1521 6517 6517 1496 1525 6518 6518 1497 1526 6519 6519 1495 1524 6520 6520 1493 1522 6521 6521 1493 1522 6522 6522 1496 1525 6523 6523 1497 1526 6524 6524 1495 1524 6525 6525 1497 1526 6526 6526 1498 1527 6527 6527 1492 1521 6528 6528 1499 1528 6529 6529 1496 1525 6530 6530 1500 1529 6531 6531 1498 1527 6532 6532 1497 1526 6533 6533 1498 1527 6534 6534 1500 1529 6535 6535 1501 1530 6536 6536 1502 1531 6537 6537 1497 1526 6538 6538 1496 1525 6539 6539 1497 1526 6540 6540 1502 1531 6541 6541 1500 1529 6542 6542 1496 1525 6543 6543 1499 1528 6544 6544 1502 1531 6545 6545 1503 1532 6546 6546 1501 1530 6547 6547 1500 1529 6548 6548 1504 1533 6549 6549 1500 1529 6550 6550 1502 1531 6551 6551 1500 1529 6552 6552 1504 1533 6553 6553 1503 1532 6554 6554 1505 1534 6555 6555 1502 1531 6556 6556 1499 1528 6557 6557 1502 1531 6558 6558 1505 1534 6559 6559 1504 1533 6560 6560 1499 1528 6561 6561 1492 1521 6562 6562 1506 1535 6563 6563 1489 1518 6564 6564 1506 1535 6565 6565 1492 1521 6566 6566 1499 1528 6567 6567 1507 1536 6568 6568 1505 1534 6569 6569 1507 1536 6570 6570 1499 1528 6571 6571 1506 1535 6572 6572 1508 1537 6573 6573 1505 1534 6574 6574 1507 1536 6575 6575 1507 1536 6576 6576 1506 1535 6577 6577 1509 1538 6578 6578 1505 1534 6579 6579 1508 1537 6580 6580 1510 1539 6581 6581 1510 1539 6582 6582 1504 1533 6583 6583 1505 1534 6584 6584 1511 1540 6585 6585 1510 1539 6586 6586 1508 1537 6587 6587 1512 1541 6588 6588 1509 1538 6589 6589 1506 1535 6590 6590 1489 1518 6591 6591 1512 1541 6592 6592 1506 1535 6593 6593 1512 1541 6594 6594 1513 1542 6595 6595 1509 1538 6596 6596 1487 1516 6597 6597 1512 1541 6598 6598 1489 1518 6599 6599 1514 1543 6600 6600 1513 1542 6601 6601 1512 1541 6602 6602 1512 1541 6603 6603 1487 1516 6604 6604 1514 1543 6605 6605 1488 1517 6606 6606 1514 1543 6607 6607 1487 1516 6608 6608 1513 1542 6609 6609 1514 1543 6610 6610 1515 1544 6611 6611 1514 1543 6612 6612 1488 1517 6613 6613 1516 1545 6614 6614 1516 1545 6615 6615 1515 1544 6616 6616 1514 1543 6617 6617 1516 1545 6618 6618 1517 1546 6619 6619 1515 1544 6620 6620 1510 1539 6621 6621 1511 1540 6622 6622 1518 1547 6623 6623 1519 1548 6624 6624 1518 1547 6625 6625 1511 1540 6626 6626 1504 1533 6627 6627 1510 1539 6628 6628 1520 1549 6629 6629 1518 1547 6630 6630 1520 1549 6631 6631 1510 1539 6632 6632 1520 1549 6633 6633 1503 1532 6634 6634 1504 1533 6635 6635 1518 1547 6636 6636 1519 1548 6637 6637 1521 1550 6638 6638 1522 1551 6639 6639 1521 1550 6640 6640 1519 1548 6641 6641 1522 1551 6642 6642 1523 1552 6643 6643 1521 1550 6644 6644 1520 1549 6645 6645 1518 1547 6646 6646 1524 1553 6647 6647 1521 1550 6648 6648 1524 1553 6649 6649 1518 1547 6650 6650 1503 1532 6651 6651 1520 1549 6652 6652 1525 1554 6653 6653 1524 1553 6654 6654 1525 1554 6655 6655 1520 1549 6656 6656 1503 1532 6657 6657 1525 1554 6658 6658 1501 1530 6659 6659 1526 1555 6660 6660 1501 1530 6661 6661 1525 1554 6662 6662 1526 1555 6663 6663 1525 1554 6664 6664 1527 1556 6665 6665 1521 1550 6666 6666 1528 1557 6667 6667 1524 1553 6668 6668 1528 1557 6669 6669 1521 1550 6670 6670 1523 1552 6671 6671 1529 1558 6672 6672 1530 1559 6673 6673 1523 1552 6674 6674 1528 1557 6675 6675 1523 1552 6676 6676 1530 1559 6677 6677 1530 1559 6678 6678 1531 1560 6679 6679 1528 1557 6680 6680 1532 1561 6681 6681 1524 1553 6682 6682 1528 1557 6683 6683 1532 1561 6684 6684 1528 1557 6685 6685 1531 1560 6686 6686 1524 1553 6687 6687 1532 1561 6688 6688 1525 1554 6689 6689 1531 1560 6690 6690 1533 1562 6691 6691 1532 1561 6692 6692 1534 1563 6693 6693 1525 1554 6694 6694 1532 1561 6695 6695 1534 1563 6696 6696 1532 1561 6697 6697 1533 1562 6698 6698 1534 1563 6699 6699 1527 1556 6700 6700 1525 1554 6701 6701 1533 1562 6702 6702 1535 1564 6703 6703 1534 1563 6704 6704 1527 1556 6705 6705 1534 1563 6706 6706 1535 1564 6707 6707 1536 1565 6708 6708 1537 1566 6709 6709 1538 1567 6710 6710 1538 1567 6711 6711 1537 1566 6712 6712 1539 1568 6713 6713 1538 1567 6714 6714 1539 1568 6715 6715 1540 1569 6716 6716 1541 1570 6717 6717 1539 1568 6718 6718 1537 1566 6719 6719 1540 1569 6720 6720 1539 1568 6721 6721 1542 1571 6722 6722 1540 1569 6723 6723 1542 1571 6724 6724 1543 1572 6725 6725 1544 1573 6726 6726 1539 1568 6727 6727 1541 1570 6728 6728 1543 1572 6729 6729 1542 1571 6730 6730 1545 1574 6731 6731 1543 1572 6732 6732 1545 1574 6733 6733 1546 1575 6734 6734 1547 1576 6735 6735 1546 1575 6736 6736 1545 1574 6737 6737 1539 1568 6738 6738 1548 1577 6739 6739 1542 1571 6740 6740 1544 1573 6741 6741 1548 1577 6742 6742 1539 1568 6743 6743 1542 1571 6744 6744 1549 1578 6745 6745 1545 1574 6746 6746 1549 1578 6747 6747 1547 1576 6748 6748 1545 1574 6749 6749 1548 1577 6750 6750 1549 1578 6751 6751 1542 1571 6752 6752 1550 1579 6753 6753 1547 1576 6754 6754 1549 1578 6755 6755 1544 1573 6756 6756 1551 1580 6757 6757 1548 1577 6758 6758 1541 1570 6759 6759 1551 1580 6760 6760 1544 1573 6761 6761 1552 1581 6762 6762 1551 1580 6763 6763 1541 1570 6764 6764 1553 1582 6765 6765 1549 1578 6766 6766 1548 1577 6767 6767 1553 1582 6768 6768 1548 1577 6769 6769 1551 1580 6770 6770 1553 1582 6771 6771 1550 1579 6772 6772 1549 1578 6773 6773 1551 1580 6774 6774 1552 1581 6775 6775 1553 1582 6776 6776 1554 1583 6777 6777 1550 1579 6778 6778 1553 1582 6779 6779 1553 1582 6780 6780 1552 1581 6781 6781 1554 1583 6782 6782 1555 1584 6783 6783 1556 1585 6784 6784 1557 1586 6785 6785 1558 1587 6786 6786 1556 1585 6787 6787 1555 1584 6788 6788 1559 1588 6789 6789 1556 1585 6790 6790 1558 1587 6791 6791 1560 1589 6792 6792 1558 1587 6793 6793 1555 1584 6794 6794 1558 1587 6795 6795 1561 1590 6796 6796 1559 1588 6797 6797 1560 1589 6798 6798 1561 1590 6799 6799 1558 1587 6800 6800 1562 1591 6801 6801 1559 1588 6802 6802 1561 1590 6803 6803 1560 1589 6804 6804 1563 1592 6805 6805 1564 1593 6806 6806 1560 1589 6807 6807 1564 1593 6808 6808 1561 1590 6809 6809 1565 1594 6810 6810 1561 1590 6811 6811 1564 1593 6812 6812 1562 1591 6813 6813 1561 1590 6814 6814 1566 1595 6815 6815 1566 1595 6816 6816 1561 1590 6817 6817 1565 1594 6818 6818 1562 1591 6819 6819 1566 1595 6820 6820 1567 1596 6821 6821 1565 1594 6822 6822 1568 1597 6823 6823 1566 1595 6824 6824 1569 1598 6825 6825 1567 1596 6826 6826 1566 1595 6827 6827 1569 1598 6828 6828 1566 1595 6829 6829 1568 1597 6830 6830 1570 1599 6831 6831 1571 1600 6832 6832 1572 1601 6833 6833 1573 1602 6834 6834 1571 1600 6835 6835 1570 1599 6836 6836 1573 1602 6837 6837 1574 1603 6838 6838 1571 1600 6839 6839 1575 1604 6840 6840 1573 1602 6841 6841 1570 1599 6842 6842 1576 1605 6843 6843 1574 1603 6844 6844 1573 1602 6845 6845 1577 1606 6846 6846 1573 1602 6847 6847 1575 1604 6848 6848 1577 1606 6849 6849 1576 1605 6850 6850 1573 1602 6851 6851 1575 1604 6852 6852 1578 1607 6853 6853 1577 1606 6854 6854 1577 1606 6855 6855 1579 1608 6856 6856 1576 1605 6857 6857 1577 1606 6858 6858 1578 1607 6859 6859 1580 1609 6860 6860 1577 1606 6861 6861 1580 1609 6862 6862 1579 1608 6863 6863 1581 1610 6864 6864 1580 1609 6865 6865 1578 1607 6866 6866 1582 1611 6867 6867 1579 1608 6868 6868 1580 1609 6869 6869 1582 1611 6870 6870 1580 1609 6871 6871 1581 1610 6872 6872 1583 1612 6873 6873 1584 1613 6874 6874 1585 1614 6875 6875 1586 1615 6876 6876 1585 1614 6877 6877 1584 1613 6878 6878 1586 1615 6879 6879 1584 1613 6880 6880 1587 1616 6881 6881 1585 1614 6882 6882 1586 1615 6883 6883 1588 1617 6884 6884 1587 1616 6885 6885 1589 1618 6886 6886 1586 1615 6887 6887 1586 1615 6888 6888 1589 1618 6889 6889 1588 1617 6890 6890 1589 1618 6891 6891 1587 1616 6892 6892 1590 1619 6893 6893 1591 1620 6894 6894 1592 1621 6895 6895 1588 1617 6896 6896 1589 1618 6897 6897 1591 1620 6898 6898 1588 1617 6899 6899 1591 1620 6900 6900 1589 1618 6901 6901 1593 1622 6902 6902 1594 1623 6903 6903 1589 1618 6904 6904 1590 1619 6905 6905 1593 1622 6906 6906 1589 1618 6907 6907 1594 1623 6908 6908 1595 1624 6909 6909 1594 1623 6910 6910 1590 1619 6911 6911 1594 1623 6912 6912 1596 1625 6913 6913 1593 1622 6914 6914 1594 1623 6915 6915 1595 1624 6916 6916 1597 1626 6917 6917 1596 1625 6918 6918 1594 1623 6919 6919 1597 1626 6920 6920 1598 1627 6921 6921 1599 1628 6922 6922 1600 1629 6923 6923 1601 1630 6924 6924 1600 1629 6925 6925 1599 1628 6926 6926 1599 1628 6927 6927 1602 1631 6928 6928 1601 1630 6929 6929 1600 1629 6930 6930 1601 1630 6931 6931 1603 1632 6932 6932 1604 1633 6933 6933 1601 1630 6934 6934 1602 1631 6935 6935 1605 1634 6936 6936 1603 1632 6937 6937 1601 1630 6938 6938 1601 1630 6939 6939 1604 1633 6940 6940 1605 1634 6941 6941 1603 1632 6942 6942 1605 1634 6943 6943 1606 1635 6944 6944 1604 1633 6945 6945 1607 1636 6946 6946 1605 1634 6947 6947 1608 1637 6948 6948 1606 1635 6949 6949 1605 1634 6950 6950 1607 1636 6951 6951 1608 1637 6952 6952 1605 1634 6953 6953 1606 1635 6954 6954 1608 1637 6955 6955 1609 1638 6956 6956 1608 1637 6957 6957 1607 1636 6958 6958 1610 1639 6959 6959 1609 1638 6960 6960 1608 1637 6961 6961 1610 1639 6962 6962 1611 1640 6963 6963 1612 1641 6964 6964 1613 1642 6965 6965 1614 1643 6966 6966 1613 1642 6967 6967 1612 1641 6968 6968 1613 1642 6969 6969 1614 1643 6970 6970 1615 1644 6971 6971 1615 1644 6972 6972 1614 1643 6973 6973 1616 1645 6974 6974 1617 1646 6975 6975 1615 1644 6976 6976 1616 1645 6977 6977 1615 1644 6978 6978 1618 1647 6979 6979 1613 1642 6980 6980 1613 1642 6981 6981 1618 1647 6982 6982 1619 1648 6983 6983 1617 1646 6984 6984 1620 1649 6985 6985 1615 1644 6986 6986 1621 1650 6987 6987 1620 1649 6988 6988 1617 1646 6989 6989 1622 1651 6990 6990 1620 1649 6991 6991 1621 1650 6992 6992 1623 1652 6993 6993 1619 1648 6994 6994 1618 1647 6995 6995 1624 1653 6996 6996 1619 1648 6997 6997 1623 1652 6998 6998 1622 1651 6999 6999 1625 1654 7000 7000 1620 1649 7001 7001 1625 1654 7002 7002 1622 1651 7003 7003 1626 1655 7004 7004 1627 1656 7005 7005 1615 1644 7006 7006 1620 1649 7007 7007 1627 1656 7008 7008 1620 1649 7009 7009 1625 1654 7010 7010 1628 1657 7011 7011 1615 1644 7012 7012 1627 1656 7013 7013 1618 1647 7014 7014 1615 1644 7015 7015 1628 1657 7016 7016 1625 1654 7017 7017 1629 1658 7018 7018 1627 1656 7019 7019 1629 1658 7020 7020 1628 1657 7021 7021 1627 1656 7022 7022 1630 1659 7023 7023 1618 1647 7024 7024 1628 1657 7025 7025 1623 1652 7026 7026 1618 1647 7027 7027 1630 1659 7028 7028 1631 1660 7029 7029 1628 1657 7030 7030 1629 1658 7031 7031 1631 1660 7032 7032 1630 1659 7033 7033 1628 1657 7034 7034 1623 1652 7035 7035 1632 1661 7036 7036 1624 1653 7037 7037 1623 1652 7038 7038 1630 1659 7039 7039 1632 1661 7040 7040 1624 1653 7041 7041 1632 1661 7042 7042 1633 1662 7043 7043 1633 1662 7044 7044 1632 1661 7045 7045 790 818 7046 7046 1634 1663 7047 7047 1630 1659 7048 7048 1631 1660 7049 7049 1634 1663 7050 7050 1632 1661 7051 7051 1630 1659 7052 7052 790 818 7053 7053 1632 1661 7054 7054 1635 1664 7055 7055 1635 1664 7056 7056 1632 1661 7057 7057 1634 1663 7058 7058 1636 1665 7059 7059 790 818 7060 7060 1635 1664 7061 7061 841 869 7062 7062 790 818 7063 7063 1636 1665 7064 7064 1637 1666 7065 7065 1635 1664 7066 7066 1634 1663 7067 7067 1636 1665 7068 7068 1635 1664 7069 7069 1637 1666 7070 7070 1638 1667 7071 7071 1634 1663 7072 7072 1631 1660 7073 7073 1637 1666 7074 7074 1634 1663 7075 7075 1638 1667 7076 7076 1631 1660 7077 7077 1629 1658 7078 7078 1638 1667 7079 7079 1639 1668 7080 7080 841 869 7081 7081 1636 1665 7082 7082 841 869 7083 7083 1639 1668 7084 7084 858 886 7085 7085 1640 1669 7086 7086 1636 1665 7087 7087 1637 1666 7088 7088 1639 1668 7089 7089 1636 1665 7090 7090 1640 1669 7091 7091 1639 1668 7092 7092 1641 1670 7093 7093 858 886 7094 7094 858 886 7095 7095 1641 1670 7096 7096 1642 1671 7097 7097 858 886 7098 7098 1642 1671 7099 7099 877 905 7100 7100 1643 1672 7101 7101 1641 1670 7102 7102 1639 1668 7103 7103 1642 1671 7104 7104 1641 1670 7105 7105 1643 1672 7106 7106 1643 1672 7107 7107 1639 1668 7108 7108 1644 1673 7109 7109 1643 1672 7110 7110 1644 1673 7111 7111 1642 1671 7112 7112 1644 1673 7113 7113 1639 1668 7114 7114 1640 1669 7115 7115 1645 1674 7116 7116 877 905 7117 7117 1642 1671 7118 7118 877 905 7119 7119 1645 1674 7120 7120 874 902 7121 7121 1646 1675 7122 7122 1642 1671 7123 7123 1644 1673 7124 7124 1642 1671 7125 7125 1646 1675 7126 7126 1645 1674 7127 7127 1644 1673 7128 7128 1640 1669 7129 7129 1647 1676 7130 7130 1644 1673 7131 7131 1647 1676 7132 7132 1646 1675 7133 7133 1647 1676 7134 7134 1640 1669 7135 7135 1648 1677 7136 7136 1648 1677 7137 7137 1640 1669 7138 7138 1637 1666 7139 7139 1649 1678 7140 7140 1646 1675 7141 7141 1647 1676 7142 7142 1648 1677 7143 7143 1637 1666 7144 7144 1650 1679 7145 7145 1638 1667 7146 7146 1650 1679 7147 7147 1637 1666 7148 7148 1647 1676 7149 7149 1648 1677 7150 7150 1651 1680 7151 7151 1647 1676 7152 7152 1651 1680 7153 7153 1649 1678 7154 7154 1648 1677 7155 7155 1650 1679 7156 7156 1652 1681 7157 7157 1651 1680 7158 7158 1648 1677 7159 7159 1652 1681 7160 7160 1650 1679 7161 7161 1638 1667 7162 7162 1653 1682 7163 7163 1652 1681 7164 7164 1650 1679 7165 7165 1653 1682 7166 7166 1653 1682 7167 7167 1638 1667 7168 7168 1654 1683 7169 7169 1638 1667 7170 7170 1629 1658 7171 7171 1654 1683 7172 7172 1652 1681 7173 7173 1653 1682 7174 7174 1655 1684 7175 7175 1629 1658 7176 7176 1656 1685 7177 7177 1654 1683 7178 7178 1656 1685 7179 7179 1629 1658 7180 7180 1625 1654 7181 7181 1654 1683 7182 7182 1657 1686 7183 7183 1653 1682 7184 7184 1655 1684 7185 7185 1653 1682 7186 7186 1657 1686 7187 7187 1654 1683 7188 7188 1656 1685 7189 7189 1658 1687 7190 7190 1658 1687 7191 7191 1657 1686 7192 7192 1654 1683 7193 7193 1625 1654 7194 7194 1659 1688 7195 7195 1656 1685 7196 7196 1626 1655 7197 7197 1659 1688 7198 7198 1625 1654 7199 7199 1659 1688 7200 7200 1626 1655 7201 7201 1660 1689 7202 7202 1656 1685 7203 7203 1659 1688 7204 7204 1660 1689 7205 7205 1660 1689 7206 7206 1626 1655 7207 7207 1661 1690 7208 7208 1656 1685 7209 7209 1662 1691 7210 7210 1658 1687 7211 7211 1661 1690 7212 7212 1663 1692 7213 7213 1660 1689 7214 7214 1664 1693 7215 7215 1663 1692 7216 7216 1661 1690 7217 7217 1665 1694 7218 7218 1656 1685 7219 7219 1660 1689 7220 7220 1660 1689 7221 7221 1663 1692 7222 7222 1665 1694 7223 7223 1665 1694 7224 7224 1662 1691 7225 7225 1656 1685 7226 7226 1666 1695 7227 7227 1663 1692 7228 7228 1664 1693 7229 7229 1663 1692 7230 7230 1667 1696 7231 7231 1665 1694 7232 7232 1667 1696 7233 7233 1663 1692 7234 7234 1666 1695 7235 7235 1667 1696 7236 7236 1668 1697 7237 7237 1665 1694 7238 7238 1665 1694 7239 7239 1668 1697 7240 7240 1662 1691 7241 7241 1667 1696 7242 7242 1666 1695 7243 7243 1669 1698 7244 7244 1668 1697 7245 7245 1667 1696 7246 7246 1669 1698 7247 7247 1669 1698 7248 7248 1666 1695 7249 7249 1670 1699 7250 7250 1669 1698 7251 7251 1671 1700 7252 7252 1668 1697 7253 7253 1670 1699 7254 7254 1672 1701 7255 7255 1669 1698 7256 7256 1672 1701 7257 7257 1671 1700 7258 7258 1669 1698 7259 7259 1673 1702 7260 7260 1672 1701 7261 7261 1670 1699 7262 7262 1674 1703 7263 7263 1672 1701 7264 7264 1673 1702 7265 7265 1668 1697 7266 7266 1671 1700 7267 7267 1675 1704 7268 7268 1662 1691 7269 7269 1668 1697 7270 7270 1675 1704 7271 7271 1676 1705 7272 7272 1672 1701 7273 7273 1674 1703 7274 7274 1674 1703 7275 7275 1677 1706 7276 7276 1676 1705 7277 7277 1672 1701 7278 7278 1678 1707 7279 7279 1671 1700 7280 7280 1676 1705 7281 7281 1678 1707 7282 7282 1672 1701 7283 7283 1676 1705 7284 7284 1677 1706 7285 7285 1679 1708 7286 7286 1676 1705 7287 7287 1679 1708 7288 7288 1678 1707 7289 7289 1679 1708 7290 7290 1677 1706 7291 7291 1680 1709 7292 7292 1681 1710 7293 7293 1680 1709 7294 7294 1677 1706 7295 7295 1678 1707 7296 7296 1679 1708 7297 7297 1682 1711 7298 7298 1679 1708 7299 7299 1680 1709 7300 7300 1682 1711 7301 7301 1671 1700 7302 7302 1678 1707 7303 7303 1683 1712 7304 7304 1671 1700 7305 7305 1683 1712 7306 7306 1675 1704 7307 7307 1678 1707 7308 7308 1682 1711 7309 7309 1684 1713 7310 7310 1683 1712 7311 7311 1678 1707 7312 7312 1684 1713 7313 7313 1682 1711 7314 7314 1680 1709 7315 7315 1685 1714 7316 7316 1685 1714 7317 7317 1684 1713 7318 7318 1682 1711 7319 7319 1681 1710 7320 7320 1686 1715 7321 7321 1680 1709 7322 7322 1680 1709 7323 7323 1686 1715 7324 7324 1685 1714 7325 7325 1687 1716 7326 7326 1686 1715 7327 7327 1681 1710 7328 7328 1688 1717 7329 7329 1686 1715 7330 7330 1687 1716 7331 7331 1683 1712 7332 7332 1689 1718 7333 7333 1675 1704 7334 7334 1689 1718 7335 7335 1683 1712 7336 7336 1684 1713 7337 7337 1690 1719 7338 7338 1686 1715 7339 7339 1688 1717 7340 7340 1691 1720 7341 7341 1690 1719 7342 7342 1688 1717 7343 7343 1675 1704 7344 7344 1689 1718 7345 7345 1692 1721 7346 7346 1675 1704 7347 7347 1692 1721 7348 7348 1662 1691 7349 7349 1691 1720 7350 7350 1693 1722 7351 7351 1690 1719 7352 7352 1694 1723 7353 7353 1693 1722 7354 7354 1691 1720 7355 7355 1695 1724 7356 7356 1693 1722 7357 7357 1694 1723 7358 7358 1695 1724 7359 7359 1696 1725 7360 7360 1693 1722 7361 7361 1697 1726 7362 7362 1696 1725 7363 7363 1698 1727 7364 7364 1699 1728 7365 7365 1693 1722 7366 7366 1696 1725 7367 7367 1699 1728 7368 7368 1696 1725 7369 7369 1697 1726 7370 7370 1693 1722 7371 7371 1699 1728 7372 7372 1690 1719 7373 7373 1700 1729 7374 7374 1699 1728 7375 7375 1697 1726 7376 7376 1690 1719 7377 7377 1699 1728 7378 7378 1701 1730 7379 7379 1690 1719 7380 7380 1701 1730 7381 7381 1686 1715 7382 7382 1702 1731 7383 7383 1699 1728 7384 7384 1700 1729 7385 7385 1699 1728 7386 7386 1702 1731 7387 7387 1701 1730 7388 7388 1686 1715 7389 7389 1701 1730 7390 7390 1703 1732 7391 7391 1701 1730 7392 7392 1702 1731 7393 7393 1703 1732 7394 7394 1685 1714 7395 7395 1686 1715 7396 7396 1703 1732 7397 7397 1704 1733 7398 7398 1685 1714 7399 7399 1703 1732 7400 7400 1703 1732 7401 7401 1702 1731 7402 7402 1704 1733 7403 7403 1684 1713 7404 7404 1685 1714 7405 7405 1704 1733 7406 7406 1700 1729 7407 7407 1705 1734 7408 7408 1702 1731 7409 7409 1704 1733 7410 7410 1702 1731 7411 7411 1705 1734 7412 7412 1706 1735 7413 7413 1705 1734 7414 7414 1700 1729 7415 7415 1707 1736 7416 7416 1705 1734 7417 7417 1706 1735 7418 7418 1704 1733 7419 7419 1708 1737 7420 7420 1684 1713 7421 7421 1704 1733 7422 7422 1705 1734 7423 7423 1708 1737 7424 7424 1684 1713 7425 7425 1708 1737 7426 7426 1709 1738 7427 7427 1709 1738 7428 7428 1689 1718 7429 7429 1684 1713 7430 7430 1705 1734 7431 7431 1710 1739 7432 7432 1708 1737 7433 7433 1709 1738 7434 7434 1711 1740 7435 7435 1689 1718 7436 7436 1708 1737 7437 7437 1712 1741 7438 7438 1709 1738 7439 7439 1712 1741 7440 7440 1711 1740 7441 7441 1709 1738 7442 7442 1710 1739 7443 7443 1712 1741 7444 7444 1708 1737 7445 7445 1689 1718 7446 7446 1711 1740 7447 7447 1692 1721 7448 7448 1710 1739 7449 7449 1713 1742 7450 7450 1712 1741 7451 7451 1712 1741 7452 7452 1713 1742 7453 7453 1711 1740 7454 7454 1705 1734 7455 7455 1714 1743 7456 7456 1710 1739 7457 7457 1714 1743 7458 7458 1705 1734 7459 7459 1707 1736 7460 7460 1715 1744 7461 7461 1710 1739 7462 7462 1714 1743 7463 7463 1715 1744 7464 7464 1713 1742 7465 7465 1710 1739 7466 7466 1707 1736 7467 7467 1716 1745 7468 7468 1714 1743 7469 7469 1717 1746 7470 7470 1716 1745 7471 7471 1707 1736 7472 7472 1714 1743 7473 7473 1718 1747 7474 7474 1715 1744 7475 7475 1718 1747 7476 7476 1714 1743 7477 7477 1716 1745 7478 7478 1715 1744 7479 7479 1718 1747 7480 7480 1713 1742 7481 7481 1719 1748 7482 7482 1716 1745 7483 7483 1717 1746 7484 7484 1720 1749 7485 7485 1713 1742 7486 7486 1718 1747 7487 7487 1721 1750 7488 7488 1718 1747 7489 7489 1716 1745 7490 7490 1718 1747 7491 7491 1721 1750 7492 7492 1720 1749 7493 7493 1722 1751 7494 7494 1716 1745 7495 7495 1719 1748 7496 7496 1721 1750 7497 7497 1716 1745 7498 7498 1723 1752 7499 7499 1716 1745 7500 7500 1722 1751 7501 7501 1723 1752 7502 7502 1724 1753 7503 7503 1720 1749 7504 7504 1721 1750 7505 7505 1722 1751 7506 7506 1719 1748 7507 7507 1725 1754 7508 7508 1726 1755 7509 7509 1725 1754 7510 7510 1719 1748 7511 7511 1727 1756 7512 7512 1728 1757 7513 7513 1726 1755 7514 7514 1725 1754 7515 7515 1726 1755 7516 7516 1728 1757 7517 7517 1720 1749 7518 7518 1724 1753 7519 7519 1729 1758 7520 7520 1720 1749 7521 7521 1729 1758 7522 7522 1713 1742 7523 7523 1728 1757 7524 7524 1730 1759 7525 7525 1725 1754 7526 7526 1730 1759 7527 7527 1728 1757 7528 7528 1731 1760 7529 7529 1732 1761 7530 7530 1730 1759 7531 7531 1731 1760 7532 7532 1733 1762 7533 7533 1730 1759 7534 7534 1732 1761 7535 7535 1734 1763 7536 7536 1730 1759 7537 7537 1733 1762 7538 7538 1730 1759 7539 7539 1734 1763 7540 7540 1725 1754 7541 7541 1735 1764 7542 7542 1734 1763 7543 7543 1733 1762 7544 7544 1736 1765 7545 7545 1725 1754 7546 7546 1734 1763 7547 7547 1736 1765 7548 7548 1722 1751 7549 7549 1725 1754 7550 7550 1734 1763 7551 7551 1735 1764 7552 7552 1737 1766 7553 7553 1734 1763 7554 7554 1737 1766 7555 7555 1736 1765 7556 7556 1738 1767 7557 7557 1737 1766 7558 7558 1735 1764 7559 7559 1739 1768 7560 7560 1722 1751 7561 7561 1736 1765 7562 7562 1739 1768 7563 7563 1736 1765 7564 7564 1737 1766 7565 7565 1723 1752 7566 7566 1722 1751 7567 7567 1739 1768 7568 7568 1738 1767 7569 7569 1740 1769 7570 7570 1737 1766 7571 7571 1739 1768 7572 7572 1741 1770 7573 7573 1723 1752 7574 7574 1739 1768 7575 7575 1737 1766 7576 7576 1741 1770 7577 7577 1742 1771 7578 7578 1737 1766 7579 7579 1740 1769 7580 7580 1742 1771 7581 7581 1741 1770 7582 7582 1737 1766 7583 7583 1743 1772 7584 7584 1742 1771 7585 7585 1740 1769 7586 7586 1723 1752 7587 7587 1741 1770 7588 7588 1744 1773 7589 7589 1723 1752 7590 7590 1744 1773 7591 7591 1721 1750 7592 7592 1724 1753 7593 7593 1721 1750 7594 7594 1744 1773 7595 7595 1741 1770 7596 7596 1742 1771 7597 7597 1745 1774 7598 7598 1745 1774 7599 7599 1744 1773 7600 7600 1741 1770 7601 7601 1742 1771 7602 7602 1743 1772 7603 7603 1746 1775 7604 7604 1746 1775 7605 7605 1745 1774 7606 7606 1742 1771 7607 7607 1746 1775 7608 7608 1743 1772 7609 7609 1747 1776 7610 7610 1748 1777 7611 7611 1747 1776 7612 7612 1743 1772 7613 7613 1745 1774 7614 7614 1746 1775 7615 7615 1749 1778 7616 7616 1747 1776 7617 7617 1749 1778 7618 7618 1746 1775 7619 7619 1744 1773 7620 7620 1745 1774 7621 7621 1749 1778 7622 7622 1747 1776 7623 7623 1748 1777 7624 7624 1750 1779 7625 7625 1747 1776 7626 7626 1750 1779 7627 7627 1749 1778 7628 7628 1751 1780 7629 7629 1750 1779 7630 7630 1748 1777 7631 7631 1751 1780 7632 7632 1752 1781 7633 7633 1750 1779 7634 7634 1744 1773 7635 7635 1749 1778 7636 7636 1753 1782 7637 7637 1754 1783 7638 7638 1750 1779 7639 7639 1752 1781 7640 7640 1752 1781 7641 7641 1755 1784 7642 7642 1754 1783 7643 7643 1756 1785 7644 7644 1749 1778 7645 7645 1750 1779 7646 7646 1750 1779 7647 7647 1754 1783 7648 7648 1756 1785 7649 7649 1753 1782 7650 7650 1749 1778 7651 7651 1756 1785 7652 7652 1757 1786 7653 7653 1754 1783 7654 7654 1755 1784 7655 7655 1744 1773 7656 7656 1753 1782 7657 7657 1758 1787 7658 7658 1744 1773 7659 7659 1758 1787 7660 7660 1724 1753 7661 7661 1758 1787 7662 7662 1729 1758 7663 7663 1724 1753 7664 7664 1753 1782 7665 7665 1759 1788 7666 7666 1758 1787 7667 7667 1759 1788 7668 7668 1753 1782 7669 7669 1756 1785 7670 7670 1760 1789 7671 7671 1756 1785 7672 7672 1754 1783 7673 7673 1759 1788 7674 7674 1756 1785 7675 7675 1760 1789 7676 7676 1754 1783 7677 7677 1757 1786 7678 7678 1760 1789 7679 7679 1761 1790 7680 7680 1758 1787 7681 7681 1759 1788 7682 7682 1758 1787 7683 7683 1761 1790 7684 7684 1729 1758 7685 7685 1759 1788 7686 7686 1760 1789 7687 7687 1762 1791 7688 7688 1759 1788 7689 7689 1762 1791 7690 7690 1761 1790 7691 7691 1763 1792 7692 7692 1760 1789 7693 7693 1757 1786 7694 7694 1763 1792 7695 7695 1762 1791 7696 7696 1760 1789 7697 7697 1757 1786 7698 7698 1755 1784 7699 7699 1764 1793 7700 7700 1763 1792 7701 7701 1757 1786 7702 7702 1764 1793 7703 7703 1765 1794 7704 7704 1764 1793 7705 7705 1755 1784 7706 7706 1765 1794 7707 7707 1766 1795 7708 7708 1764 1793 7709 7709 1767 1796 7710 7710 1764 1793 7711 7711 1766 1795 7712 7712 1763 1792 7713 7713 1764 1793 7714 7714 1767 1796 7715 7715 1766 1795 7716 7716 1768 1797 7717 7717 1767 1796 7718 7718 1767 1796 7719 7719 1769 1798 7720 7720 1763 1792 7721 7721 1763 1792 7722 7722 1769 1798 7723 7723 1762 1791 7724 7724 1770 1799 7725 7725 1767 1796 7726 7726 1768 1797 7727 7727 1767 1796 7728 7728 1770 1799 7729 7729 1769 1798 7730 7730 1771 1800 7731 7731 1770 1799 7732 7732 1768 1797 7733 7733 1769 1798 7734 7734 1770 1799 7735 7735 1771 1800 7736 7736 1768 1797 7737 7737 1772 1801 7738 7738 1771 1800 7739 7739 1773 1802 7740 7740 1762 1791 7741 7741 1769 1798 7742 7742 1774 1803 7743 7743 1771 1800 7744 7744 1772 1801 7745 7745 1775 1804 7746 7746 1774 1803 7747 7747 1772 1801 7748 7748 1776 1805 7749 7749 1774 1803 7750 7750 1775 1804 7751 7751 1762 1791 7752 7752 1773 1802 7753 7753 1777 1806 7754 7754 1777 1806 7755 7755 1761 1790 7756 7756 1762 1791 7757 7757 1778 1807 7758 7758 1774 1803 7759 7759 1776 1805 7760 7760 1779 1808 7761 7761 1778 1807 7762 7762 1776 1805 7763 7763 1779 1808 7764 7764 1780 1809 7765 7765 1778 1807 7766 7766 1771 1800 7767 7767 1774 1803 7768 7768 1781 1810 7769 7769 1774 1803 7770 7770 1778 1807 7771 7771 1781 1810 7772 7772 1781 1810 7773 7773 1782 1811 7774 7774 1771 1800 7775 7775 1771 1800 7776 7776 1782 1811 7777 7777 1769 1798 7778 7778 1781 1810 7779 7779 1778 1807 7780 7780 1783 1812 7781 7781 1781 1810 7782 7782 1783 1812 7783 7783 1782 1811 7784 7784 1784 1813 7785 7785 1778 1807 7786 7786 1780 1809 7787 7787 1785 1814 7788 7788 1784 1813 7789 7789 1780 1809 7790 7790 1784 1813 7791 7791 1785 1814 7792 7792 1786 1815 7793 7793 1778 1807 7794 7794 1784 1813 7795 7795 1787 1816 7796 7796 1787 1816 7797 7797 1783 1812 7798 7798 1778 1807 7799 7799 1788 1817 7800 7800 1787 1816 7801 7801 1784 1813 7802 7802 1787 1816 7803 7803 1788 1817 7804 7804 1789 1818 7805 7805 1789 1818 7806 7806 1788 1817 7807 7807 1790 1819 7808 7808 1783 1812 7809 7809 1787 1816 7810 7810 1791 1820 7811 7811 1791 1820 7812 7812 1787 1816 7813 7813 1789 1818 7814 7814 1789 1818 7815 7815 1790 1819 7816 7816 1792 1821 7817 7817 1792 1821 7818 7818 1791 1820 7819 7819 1789 1818 7820 7820 1793 1822 7821 7821 1792 1821 7822 7822 1790 1819 7823 7823 1793 1822 7824 7824 874 902 7825 7825 1792 1821 7826 7826 1783 1812 7827 7827 1791 1820 7828 7828 1794 1823 7829 7829 1794 1823 7830 7830 1782 1811 7831 7831 1783 1812 7832 7832 1791 1820 7833 7833 1792 1821 7834 7834 1795 1824 7835 7835 1794 1823 7836 7836 1791 1820 7837 7837 1795 1824 7838 7838 1796 1825 7839 7839 1792 1821 7840 7840 874 902 7841 7841 1796 1825 7842 7842 1795 1824 7843 7843 1792 1821 7844 7844 1796 1825 7845 7845 874 902 7846 7846 1645 1674 7847 7847 1794 1823 7848 7848 1795 1824 7849 7849 1797 1826 7850 7850 1794 1823 7851 7851 1797 1826 7852 7852 1782 1811 7853 7853 1795 1824 7854 7854 1796 1825 7855 7855 1798 1827 7856 7856 1645 1674 7857 7857 1798 1827 7858 7858 1796 1825 7859 7859 1797 1826 7860 7860 1795 1824 7861 7861 1798 1827 7862 7862 1798 1827 7863 7863 1645 1674 7864 7864 1646 1675 7865 7865 1798 1827 7866 7866 1646 1675 7867 7867 1649 1678 7868 7868 1798 1827 7869 7869 1799 1828 7870 7870 1797 1826 7871 7871 1799 1828 7872 7872 1798 1827 7873 7873 1649 1678 7874 7874 1800 1829 7875 7875 1782 1811 7876 7876 1797 1826 7877 7877 1782 1811 7878 7878 1800 1829 7879 7879 1769 1798 7880 7880 1773 1802 7881 7881 1769 1798 7882 7882 1800 1829 7883 7883 1799 1828 7884 7884 1801 1830 7885 7885 1797 1826 7886 7886 1800 1829 7887 7887 1797 1826 7888 7888 1801 1830 7889 7889 1649 1678 7890 7890 1802 1831 7891 7891 1799 1828 7892 7892 1801 1830 7893 7893 1799 1828 7894 7894 1802 1831 7895 7895 1802 1831 7896 7896 1649 1678 7897 7897 1651 1680 7898 7898 1773 1802 7899 7899 1800 1829 7900 7900 1803 1832 7901 7901 1801 1830 7902 7902 1803 1832 7903 7903 1800 1829 7904 7904 1803 1832 7905 7905 1777 1806 7906 7906 1773 1802 7907 7907 1802 1831 7908 7908 1804 1833 7909 7909 1801 1830 7910 7910 1803 1832 7911 7911 1801 1830 7912 7912 1804 1833 7913 7913 1651 1680 7914 7914 1805 1834 7915 7915 1802 1831 7916 7916 1804 1833 7917 7917 1802 1831 7918 7918 1805 1834 7919 7919 1651 1680 7920 7920 1652 1681 7921 7921 1805 1834 7922 7922 1805 1834 7923 7923 1652 1681 7924 7924 1655 1684 7925 7925 1804 1833 7926 7926 1806 1835 7927 7927 1803 1832 7928 7928 1804 1833 7929 7929 1805 1834 7930 7930 1806 1835 7931 7931 1777 1806 7932 7932 1803 1832 7933 7933 1806 1835 7934 7934 1807 1836 7935 7935 1805 1834 7936 7936 1655 1684 7937 7937 1655 1684 7938 7938 1657 1686 7939 7939 1807 1836 7940 7940 1808 1837 7941 7941 1806 1835 7942 7942 1805 1834 7943 7943 1808 1837 7944 7944 1805 1834 7945 7945 1807 1836 7946 7946 1806 1835 7947 7947 1809 1838 7948 7948 1777 1806 7949 7949 1806 1835 7950 7950 1808 1837 7951 7951 1809 1838 7952 7952 1761 1790 7953 7953 1777 1806 7954 7954 1809 1838 7955 7955 1809 1838 7956 7956 1729 1758 7957 7957 1761 1790 7958 7958 1810 1839 7959 7959 1809 1838 7960 7960 1808 1837 7961 7961 1809 1838 7962 7962 1810 1839 7963 7963 1729 1758 7964 7964 1811 1840 7965 7965 1808 1837 7966 7966 1807 1836 7967 7967 1810 1839 7968 7968 1808 1837 7969 7969 1811 1840 7970 7970 1807 1836 7971 7971 1657 1686 7972 7972 1812 1841 7973 7973 1812 1841 7974 7974 1811 1840 7975 7975 1807 1836 7976 7976 1658 1687 7977 7977 1812 1841 7978 7978 1657 1686 7979 7979 1662 1691 7980 7980 1812 1841 7981 7981 1658 1687 7982 7982 1662 1691 7983 7983 1692 1721 7984 7984 1812 1841 7985 7985 1692 1721 7986 7986 1811 1840 7987 7987 1812 1841 7988 7988 1692 1721 7989 7989 1711 1740 7990 7990 1811 1840 7991 7991 1711 1740 7992 7992 1810 1839 7993 7993 1811 1840 7994 7994 1813 1842 7995 7995 1810 1839 7996 7996 1711 1740 7997 7997 1813 1842 7998 7998 1729 1758 7999 7999 1810 1839 8000 8000 1711 1740 8001 8001 1713 1742 8002 8002 1813 1842 8003 8003 1813 1842 8004 8004 1713 1742 8005 8005 1729 1758 8006 8006 1814 1843 8007 8007 1815 1844 8008 8008 1816 1845 8009 8009 1814 1843 8010 8010 1816 1845 8011 8011 1817 1846 8012 8012 1818 1847 8013 8013 1814 1843 8014 8014 1817 1846 8015 8015 1819 1848 8016 8016 1818 1847 8017 8017 1820 1849 8018 8018 1821 1850 8019 8019 1820 1849 8020 8020 1818 1847 8021 8021 1818 1847 8022 8022 1817 1846 8023 8023 1821 1850 8024 8024 1821 1850 8025 8025 1822 1851 8026 8026 1820 1849 8027 8027 1821 1850 8028 8028 1817 1846 8029 8029 1823 1852 8030 8030 1823 1852 8031 8031 1822 1851 8032 8032 1821 1850 8033 8033 1817 1846 8034 8034 1816 1845 8035 8035 1824 1853 8036 8036 1817 1846 8037 8037 1824 1853 8038 8038 1823 1852 8039 8039 1816 1845 8040 8040 1825 1854 8041 8041 1824 1853 8042 8042 1823 1852 8043 8043 1826 1855 8044 8044 1822 1851 8045 8045 1826 1855 8046 8046 1823 1852 8047 8047 1824 1853 8048 8048 1822 1851 8049 8049 1826 1855 8050 8050 1827 1856 8051 8051 1827 1856 8052 8052 1826 1855 8053 8053 1828 1857 8054 8054 1826 1855 8055 8055 1824 1853 8056 8056 1828 1857 8057 8057 1829 1858 8058 8058 1827 1856 8059 8059 1828 1857 8060 8060 1830 1859 8061 8061 1824 1853 8062 8062 1825 1854 8063 8063 1824 1853 8064 8064 1830 1859 8065 8065 1828 1857 8066 8066 1829 1858 8067 8067 1828 1857 8068 8068 1830 1859 8069 8069 1830 1859 8070 8070 1825 1854 8071 8071 1831 1860 8072 8072 1832 1861 8073 8073 1829 1858 8074 8074 1830 1859 8075 8075 1833 1862 8076 8076 1830 1859 8077 8077 1831 1860 8078 8078 1833 1862 8079 8079 1832 1861 8080 8080 1830 1859 8081 8081 1834 1863 8082 8082 1835 1864 8083 8083 1836 1865 8084 8084 1835 1864 8085 8085 1834 1863 8086 8086 1837 1866 8087 8087 1837 1866 8088 8088 1838 1867 8089 8089 1835 1864 8090 8090 1834 1863 8091 8091 1839 1868 8092 8092 1837 1866 8093 8093 1839 1868 8094 8094 1834 1863 8095 8095 1840 1869 8096 8096 1841 1870 8097 8097 1839 1868 8098 8098 1840 1869 8099 8099 1842 1871 8100 8100 1843 1872 8101 8101 1841 1870 8102 8102 1841 1870 8103 8103 1843 1872 8104 8104 1844 1873 8105 8105 1841 1870 8106 8106 1844 1873 8107 8107 1839 1868 8108 8108 1845 1874 8109 8109 1844 1873 8110 8110 1843 1872 8111 8111 1846 1875 8112 8112 1844 1873 8113 8113 1845 1874 8114 8114 1846 1875 8115 8115 1839 1868 8116 8116 1844 1873 8117 8117 1847 1876 8118 8118 1846 1875 8119 8119 1845 1874 8120 8120 1848 1877 8121 8121 1839 1868 8122 8122 1846 1875 8123 8123 1839 1868 8124 8124 1848 1877 8125 8125 1837 1866 8126 8126 1849 1878 8127 8127 1846 1875 8128 8128 1847 1876 8129 8129 1846 1875 8130 8130 1849 1878 8131 8131 1848 1877 8132 8132 1837 1866 8133 8133 1848 1877 8134 8134 1850 1879 8135 8135 1838 1867 8136 8136 1837 1866 8137 8137 1850 1879 8138 8138 1848 1877 8139 8139 1851 1880 8140 8140 1850 1879 8141 8141 1848 1877 8142 8142 1849 1878 8143 8143 1851 1880 8144 8144 1852 1881 8145 8145 1838 1867 8146 8146 1850 1879 8147 8147 1850 1879 8148 8148 1851 1880 8149 8149 1852 1881 8150 8150 1853 1882 8151 8151 1838 1867 8152 8152 1852 1881 8153 8153 1851 1880 8154 8154 1849 1878 8155 8155 1854 1883 8156 8156 1851 1880 8157 8157 1854 1883 8158 8158 1852 1881 8159 8159 1852 1881 8160 8160 1855 1884 8161 8161 1853 1882 8162 8162 1852 1881 8163 8163 1854 1883 8164 8164 1855 1884 8165 8165 1853 1882 8166 8166 1855 1884 8167 8167 1856 1885 8168 8168 1857 1886 8169 8169 1856 1885 8170 8170 1855 1884 8171 8171 1855 1884 8172 8172 1858 1887 8173 8173 1857 1886 8174 8174 1854 1883 8175 8175 1858 1887 8176 8176 1855 1884 8177 8177 1854 1883 8178 8178 1859 1888 8179 8179 1858 1887 8180 8180 1860 1889 8181 8181 1859 1888 8182 8182 1854 1883 8183 8183 1860 1889 8184 8184 1854 1883 8185 8185 1861 1890 8186 8186 1854 1883 8187 8187 1849 1878 8188 8188 1861 1890 8189 8189 1849 1878 8190 8190 1847 1876 8191 8191 1861 1890 8192 8192 1862 1891 8193 8193 1860 1889 8194 8194 1861 1890 8195 8195 1861 1890 8196 8196 1847 1876 8197 8197 1863 1892 8198 8198 1861 1890 8199 8199 1863 1892 8200 8200 1862 1891 8201 8201 1864 1893 8202 8202 1865 1894 8203 8203 1866 1895 8204 8204 1867 1896 8205 8205 1866 1895 8206 8206 1865 1894 8207 8207 1867 1896 8208 8208 1865 1894 8209 8209 1868 1897 8210 8210 1866 1895 8211 8211 1867 1896 8212 8212 1869 1898 8213 8213 1866 1895 8214 8214 1869 1898 8215 8215 1870 1899 8216 8216 1871 1900 8217 8217 1867 1896 8218 8218 1868 1897 8219 8219 1867 1896 8220 8220 1871 1900 8221 8221 1869 1898 8222 8222 1870 1899 8223 8223 1872 1901 8224 8224 1873 1902 8225 8225 1870 1899 8226 8226 1869 1898 8227 8227 1872 1901 8228 8228 1868 1897 8229 8229 1874 1903 8230 8230 1871 1900 8231 8231 1875 1904 8232 8232 1874 1903 8233 8233 1868 1897 8234 8234 1869 1898 8235 8235 1871 1900 8236 8236 1876 1905 8237 8237 1869 1898 8238 8238 1876 1905 8239 8239 1872 1901 8240 8240 1874 1903 8241 8241 1876 1905 8242 8242 1871 1900 8243 8243 1872 1901 8244 8244 1876 1905 8245 8245 1877 1906 8246 8246 1875 1904 8247 8247 1878 1907 8248 8248 1874 1903 8249 8249 1874 1903 8250 8250 1878 1907 8251 8251 1876 1905 8252 8252 1879 1908 8253 8253 1878 1907 8254 8254 1875 1904 8255 8255 1880 1909 8256 8256 1877 1906 8257 8257 1876 1905 8258 8258 1876 1905 8259 8259 1878 1907 8260 8260 1880 1909 8261 8261 1879 1908 8262 8262 1880 1909 8263 8263 1878 1907 8264 8264 1880 1909 8265 8265 1881 1910 8266 8266 1877 1906 8267 8267 1882 1911 8268 8268 1880 1909 8269 8269 1879 1908 8270 8270 1883 1912 8271 8271 1881 1910 8272 8272 1880 1909 8273 8273 1883 1912 8274 8274 1880 1909 8275 8275 1882 1911 8276 8276 1884 1913 8277 8277 1885 1914 8278 8278 1886 1915 8279 8279 1886 1915 8280 8280 1887 1916 8281 8281 1884 1913 8282 8282 1887 1916 8283 8283 1886 1915 8284 8284 1888 1917 8285 8285 1884 1913 8286 8286 1887 1916 8287 8287 1889 1918 8288 8288 1889 1918 8289 8289 1890 1919 8290 8290 1884 1913 8291 8291 1891 1920 8292 8292 1890 1919 8293 8293 1889 1918 8294 8294 1892 1921 8295 8295 1891 1920 8296 8296 1893 1922 8297 8297 1891 1920 8298 8298 1894 1923 8299 8299 1893 1922 8300 8300 1891 1920 8301 8301 1889 1918 8302 8302 1894 1923 8303 8303 1893 1922 8304 8304 1894 1923 8305 8305 1895 1924 8306 8306 1895 1924 8307 8307 1894 1923 8308 8308 1896 1925 8309 8309 1894 1923 8310 8310 1889 1918 8311 8311 1896 1925 8312 8312 1895 1924 8313 8313 1896 1925 8314 8314 1897 1926 8315 8315 1896 1925 8316 8316 1889 1918 8317 8317 1898 1927 8318 8318 1887 1916 8319 8319 1898 1927 8320 8320 1889 1918 8321 8321 1897 1926 8322 8322 1896 1925 8323 8323 1899 1928 8324 8324 1898 1927 8325 8325 1899 1928 8326 8326 1896 1925 8327 8327 1900 1929 8328 8328 1898 1927 8329 8329 1887 1916 8330 8330 1888 1917 8331 8331 1900 1929 8332 8332 1887 1916 8333 8333 1901 1930 8334 8334 1899 1928 8335 8335 1898 1927 8336 8336 1900 1929 8337 8337 1901 1930 8338 8338 1898 1927 8339 8339 1900 1929 8340 8340 1888 1917 8341 8341 1902 1931 8342 8342 1902 1931 8343 8343 1901 1930 8344 8344 1900 1929 8345 8345 1902 1931 8346 8346 1888 1917 8347 8347 1903 1932 8348 8348 1904 1933 8349 8349 1899 1928 8350 8350 1901 1930 8351 8351 1902 1931 8352 8352 1904 1933 8353 8353 1901 1930 8354 8354 1905 1934 8355 8355 1897 1926 8356 8356 1899 1928 8357 8357 1905 1934 8358 8358 1899 1928 8359 8359 1904 1933 8360 8360 1906 1935 8361 8361 1897 1926 8362 8362 1905 1934 8363 8363 1905 1934 8364 8364 1907 1936 8365 8365 1906 1935 8366 8366 1907 1936 8367 8367 1905 1934 8368 8368 1908 1937 8369 8369 1908 1937 8370 8370 1905 1934 8371 8371 1904 1933 8372 8372 1908 1937 8373 8373 1904 1933 8374 8374 1909 1938 8375 8375 1904 1933 8376 8376 1910 1939 8377 8377 1909 1938 8378 8378 1904 1933 8379 8379 1911 1940 8380 8380 1910 1939 8381 8381 1911 1940 8382 8382 1904 1933 8383 8383 1902 1931 8384 8384 1903 1932 8385 8385 1911 1940 8386 8386 1902 1931 8387 8387 1911 1940 8388 8388 1912 1941 8389 8389 1910 1939 8390 8390 1913 1942 8391 8391 1911 1940 8392 8392 1903 1932 8393 8393 1912 1941 8394 8394 1911 1940 8395 8395 1913 1942 8396 8396 1914 1943 8397 8397 1915 1944 8398 8398 1916 1945 8399 8399 1917 1946 8400 8400 1916 1945 8401 8401 1915 1944 8402 8402 1915 1944 8403 8403 1918 1947 8404 8404 1917 1946 8405 8405 1917 1946 8406 8406 1919 1948 8407 8407 1916 1945 8408 8408 1920 1949 8409 8409 1916 1945 8410 8410 1919 1948 8411 8411 1921 1950 8412 8412 1920 1949 8413 8413 1919 1948 8414 8414 1921 1950 8415 8415 1919 1948 8416 8416 1922 1951 8417 8417 1923 1952 8418 8418 1917 1946 8419 8419 1918 1947 8420 8420 1919 1948 8421 8421 1924 1953 8422 8422 1922 1951 8423 8423 1922 1951 8424 8424 1924 1953 8425 8425 1925 1954 8426 8426 1925 1954 8427 8427 1924 1953 8428 8428 1926 1955 8429 8429 1919 1948 8430 8430 1917 1946 8431 8431 1927 1956 8432 8432 1927 1956 8433 8433 1924 1953 8434 8434 1919 1948 8435 8435 1927 1956 8436 8436 1926 1955 8437 8437 1924 1953 8438 8438 1923 1952 8439 8439 1927 1956 8440 8440 1917 1946 8441 8441 1926 1955 8442 8442 1927 1956 8443 8443 1928 1957 8444 8444 1923 1952 8445 8445 1928 1957 8446 8446 1927 1956 8447 8447 1923 1952 8448 8448 1918 1947 8449 8449 1928 1957 8450 8450 1929 1958 8451 8451 1928 1957 8452 8452 1918 1947 8453 8453 1930 1959 8454 8454 1931 1960 8455 8455 1932 1961 8456 8456 1932 1961 8457 8457 1931 1960 8458 8458 1933 1962 8459 8459 1932 1961 8460 8460 1933 1962 8461 8461 1934 1963 8462 8462 1933 1962 8463 8463 1931 1960 8464 8464 1935 1964 8465 8465 1935 1964 8466 8466 1931 1960 8467 8467 1936 1965 8468 8468 1936 1965 8469 8469 1937 1966 8470 8470 1935 1964 8471 8471 1935 1964 8472 8472 1937 1966 8473 8473 1938 1967 8474 8474 1934 1963 8475 8475 1933 1962 8476 8476 1939 1968 8477 8477 1939 1968 8478 8478 1933 1962 8479 8479 1935 1964 8480 8480 1934 1963 8481 8481 1939 1968 8482 8482 1940 1969 8483 8483 1935 1964 8484 8484 1938 1967 8485 8485 1941 1970 8486 8486 1941 1970 8487 8487 1939 1968 8488 8488 1935 1964 8489 8489 1941 1970 8490 8490 1938 1967 8491 8491 1942 1971 8492 8492 1940 1969 8493 8493 1939 1968 8494 8494 1943 1972 8495 8495 1943 1972 8496 8496 1939 1968 8497 8497 1941 1970 8498 8498 1940 1969 8499 8499 1943 1972 8500 8500 1944 1973 8501 8501 1944 1973 8502 8502 1943 1972 8503 8503 1945 1974 8504 8504 1945 1974 8505 8505 1943 1972 8506 8506 1941 1970 8507 8507 1944 1973 8508 8508 1945 1974 8509 8509 1946 1975 8510 8510 1941 1970 8511 8511 1942 1971 8512 8512 1947 1976 8513 8513 1941 1970 8514 8514 1947 1976 8515 8515 1945 1974 8516 8516 1947 1976 8517 8517 1942 1971 8518 8518 1948 1977 8519 8519 1946 1975 8520 8520 1945 1974 8521 8521 1949 1978 8522 8522 1945 1974 8523 8523 1947 1976 8524 8524 1949 1978 8525 8525 1946 1975 8526 8526 1949 1978 8527 8527 1950 1979 8528 8528 1950 1979 8529 8529 1949 1978 8530 8530 1951 1980 8531 8531 1947 1976 8532 8532 1951 1980 8533 8533 1949 1978 8534 8534 1950 1979 8535 8535 1951 1980 8536 8536 1952 1981 8537 8537 1952 1981 8538 8538 1951 1980 8539 8539 1953 1982 8540 8540 1947 1976 8541 8541 1953 1982 8542 8542 1951 1980 8543 8543 1952 1981 8544 8544 1953 1982 8545 8545 1954 1983 8546 8546 1947 1976 8547 8547 1948 1977 8548 8548 1955 1984 8549 8549 1955 1984 8550 8550 1953 1982 8551 8551 1947 1976 8552 8552 1955 1984 8553 8553 1948 1977 8554 8554 1956 1985 8555 8555 1954 1983 8556 8556 1953 1982 8557 8557 1957 1986 8558 8558 1955 1984 8559 8559 1957 1986 8560 8560 1953 1982 8561 8561 1954 1983 8562 8562 1957 1986 8563 8563 1958 1987 8564 8564 1958 1987 8565 8565 1957 1986 8566 8566 1959 1988 8567 8567 1957 1986 8568 8568 1955 1984 8569 8569 1959 1988 8570 8570 1958 1987 8571 8571 1959 1988 8572 8572 1960 1989 8573 8573 1955 1984 8574 8574 1956 1985 8575 8575 1961 1990 8576 8576 1959 1988 8577 8577 1955 1984 8578 8578 1961 1990 8579 8579 1961 1990 8580 8580 1956 1985 8581 8581 1962 1991 8582 8582 1960 1989 8583 8583 1959 1988 8584 8584 1963 1992 8585 8585 1963 1992 8586 8586 1959 1988 8587 8587 1961 1990 8588 8588 1960 1989 8589 8589 1963 1992 8590 8590 1964 1993 8591 8591 1965 1994 8592 8592 1961 1990 8593 8593 1962 1991 8594 8594 1964 1993 8595 8595 1963 1992 8596 8596 1966 1995 8597 8597 1963 1992 8598 8598 1961 1990 8599 8599 1966 1995 8600 8600 1964 1993 8601 8601 1966 1995 8602 8602 1967 1996 8603 8603 1968 1997 8604 8604 1961 1990 8605 8605 1965 1994 8606 8606 1966 1995 8607 8607 1961 1990 8608 8608 1968 1997 8609 8609 1969 1998 8610 8610 1968 1997 8611 8611 1965 1994 8612 8612 1967 1996 8613 8613 1966 1995 8614 8614 1970 1999 8615 8615 1968 1997 8616 8616 1970 1999 8617 8617 1966 1995 8618 8618 1967 1996 8619 8619 1970 1999 8620 8620 1971 2000 8621 8621 1972 2001 8622 8622 1968 1997 8623 8623 1969 1998 8624 8624 1971 2000 8625 8625 1970 1999 8626 8626 1973 2002 8627 8627 1970 1999 8628 8628 1968 1997 8629 8629 1973 2002 8630 8630 1973 2002 8631 8631 1968 1997 8632 8632 1972 2001 8633 8633 1971 2000 8634 8634 1973 2002 8635 8635 1974 2003 8636 8636 1975 2004 8637 8637 1972 2001 8638 8638 1969 1998 8639 8639 1974 2003 8640 8640 1973 2002 8641 8641 1976 2005 8642 8642 1972 2001 8643 8643 1976 2005 8644 8644 1973 2002 8645 8645 1974 2003 8646 8646 1976 2005 8647 8647 1977 2006 8648 8648 1978 2007 8649 8649 1972 2001 8650 8650 1975 2004 8651 8651 1977 2006 8652 8652 1976 2005 8653 8653 1979 2008 8654 8654 1976 2005 8655 8655 1972 2001 8656 8656 1979 2008 8657 8657 1979 2008 8658 8658 1972 2001 8659 8659 1978 2007 8660 8660 1977 2006 8661 8661 1979 2008 8662 8662 1980 2009 8663 8663 1981 2010 8664 8664 1978 2007 8665 8665 1975 2004 8666 8666 1980 2009 8667 8667 1979 2008 8668 8668 1982 2011 8669 8669 1982 2011 8670 8670 1979 2008 8671 8671 1978 2007 8672 8672 1980 2009 8673 8673 1982 2011 8674 8674 1983 2012 8675 8675 1984 2013 8676 8676 1978 2007 8677 8677 1981 2010 8678 8678 1983 2012 8679 8679 1982 2011 8680 8680 1985 2014 8681 8681 1982 2011 8682 8682 1978 2007 8683 8683 1985 2014 8684 8684 1985 2014 8685 8685 1978 2007 8686 8686 1984 2013 8687 8687 1983 2012 8688 8688 1985 2014 8689 8689 1986 2015 8690 8690 1987 2016 8691 8691 1984 2013 8692 8692 1981 2010 8693 8693 1986 2015 8694 8694 1985 2014 8695 8695 1988 2017 8696 8696 1988 2017 8697 8697 1985 2014 8698 8698 1984 2013 8699 8699 1986 2015 8700 8700 1988 2017 8701 8701 1989 2018 8702 8702 1990 2019 8703 8703 1984 2013 8704 8704 1987 2016 8705 8705 1989 2018 8706 8706 1988 2017 8707 8707 1991 2020 8708 8708 1988 2017 8709 8709 1984 2013 8710 8710 1991 2020 8711 8711 1991 2020 8712 8712 1984 2013 8713 8713 1990 2019 8714 8714 1989 2018 8715 8715 1991 2020 8716 8716 1992 2021 8717 8717 1993 2022 8718 8718 1990 2019 8719 8719 1987 2016 8720 8720 1992 2021 8721 8721 1991 2020 8722 8722 1994 2023 8723 8723 1994 2023 8724 8724 1991 2020 8725 8725 1990 2019 8726 8726 1992 2021 8727 8727 1994 2023 8728 8728 1995 2024 8729 8729 1996 2025 8730 8730 1990 2019 8731 8731 1993 2022 8732 8732 1997 2026 8733 8733 1996 2025 8734 8734 1993 2022 8735 8735 1998 2027 8736 8736 1996 2025 8737 8737 1997 2026 8738 8738 1994 2023 8739 8739 1990 2019 8740 8740 1999 2028 8741 8741 1995 2024 8742 8742 1994 2023 8743 8743 1999 2028 8744 8744 1999 2028 8745 8745 1990 2019 8746 8746 1996 2025 8747 8747 1995 2024 8748 8748 1999 2028 8749 8749 2000 2029 8750 8750 2001 2030 8751 8751 1999 2028 8752 8752 1996 2025 8753 8753 2000 2029 8754 8754 1999 2028 8755 8755 2001 2030 8756 8756 2002 2031 8757 8757 1996 2025 8758 8758 1998 2027 8759 8759 2001 2030 8760 8760 1996 2025 8761 8761 2002 2031 8762 8762 2002 2031 8763 8763 2000 2029 8764 8764 2001 2030 8765 8765 2003 2032 8766 8766 2002 2031 8767 8767 1998 2027 8768 8768 2004 2033 8769 8769 2000 2029 8770 8770 2002 2031 8771 8771 2005 2034 8772 8772 2002 2031 8773 8773 2003 2032 8774 8774 2004 2033 8775 8775 2002 2031 8776 8776 2005 2034 8777 8777 2006 2035 8778 8778 2007 2036 8779 8779 2008 2037 8780 8780 2009 2038 8781 8781 2008 2037 8782 8782 2007 2036 8783 8783 2007 2036 8784 8784 2010 2039 8785 8785 2009 2038 8786 8786 2009 2038 8787 8787 2011 2040 8788 8788 2008 2037 8789 8789 2012 2041 8790 8790 2008 2037 8791 8791 2011 2040 8792 8792 2012 2041 8793 8793 2011 2040 8794 8794 2013 2042 8795 8795 2014 2043 8796 8796 2013 2042 8797 8797 2011 2040 8798 8798 2015 2044 8799 8799 2009 2038 8800 8800 2010 2039 8801 8801 2011 2040 8802 8802 2009 2038 8803 8803 2015 2044 8804 8804 2010 2039 8805 8805 2016 2045 8806 8806 2015 2044 8807 8807 2011 2040 8808 8808 2017 2046 8809 8809 2014 2043 8810 8810 2011 2040 8811 8811 2015 2044 8812 8812 2017 2046 8813 8813 2018 2047 8814 8814 2014 2043 8815 8815 2017 2046 8816 8816 2019 2048 8817 8817 2015 2044 8818 8818 2016 2045 8819 8819 2019 2048 8820 8820 2017 2046 8821 8821 2015 2044 8822 8822 2016 2045 8823 8823 2020 2049 8824 8824 2019 2048 8825 8825 2017 2046 8826 8826 2021 2050 8827 8827 2018 2047 8828 8828 2022 2051 8829 8829 2019 2048 8830 8830 2020 2049 8831 8831 2017 2046 8832 8832 2019 2048 8833 8833 2022 2051 8834 8834 2017 2046 8835 8835 2022 2051 8836 8836 2021 2050 8837 8837 2020 2049 8838 8838 2023 2052 8839 8839 2022 2051 8840 8840 2024 2053 8841 8841 2018 2047 8842 8842 2021 2050 8843 8843 2025 2054 8844 8844 2022 2051 8845 8845 2023 2052 8846 8846 2025 2054 8847 8847 2021 2050 8848 8848 2022 2051 8849 8849 2023 2052 8850 8850 2026 2055 8851 8851 2025 2054 8852 8852 2027 2056 8853 8853 2025 2054 8854 8854 2026 2055 8855 8855 2025 2054 8856 8856 2027 2056 8857 8857 2021 2050 8858 8858 2026 2055 8859 8859 2028 2057 8860 8860 2027 2056 8861 8861 2029 2058 8862 8862 2027 2056 8863 8863 2028 2057 8864 8864 2027 2056 8865 8865 2029 2058 8866 8866 2021 2050 8867 8867 2028 2057 8868 8868 2030 2059 8869 8869 2029 2058 8870 8870 2021 2050 8871 8871 2031 2060 8872 8872 2024 2053 8873 8873 2031 2060 8874 8874 2021 2050 8875 8875 2029 2058 8876 8876 2032 2061 8877 8877 2024 2053 8878 8878 2031 2060 8879 8879 2033 2062 8880 8880 2029 2058 8881 8881 2030 2059 8882 8882 2029 2058 8883 8883 2033 2062 8884 8884 2031 2060 8885 8885 2030 2059 8886 8886 2034 2063 8887 8887 2033 2062 8888 8888 2035 2064 8889 8889 2033 2062 8890 8890 2034 2063 8891 8891 2033 2062 8892 8892 2035 2064 8893 8893 2031 2060 8894 8894 2034 2063 8895 8895 2036 2065 8896 8896 2035 2064 8897 8897 2031 2060 8898 8898 2037 2066 8899 8899 2032 2061 8900 8900 2037 2066 8901 8901 2031 2060 8902 8902 2035 2064 8903 8903 2038 2067 8904 8904 2032 2061 8905 8905 2037 2066 8906 8906 2038 2067 8907 8907 2037 2066 8908 8908 2039 2068 8909 8909 2040 2069 8910 8910 2035 2064 8911 8911 2036 2065 8912 8912 2037 2066 8913 8913 2035 2064 8914 8914 2040 2069 8915 8915 2036 2065 8916 8916 2041 2070 8917 8917 2040 2069 8918 8918 2042 2071 8919 8919 2039 2068 8920 8920 2037 2066 8921 8921 2043 2072 8922 8922 2040 2069 8923 8923 2041 2070 8924 8924 2040 2069 8925 8925 2043 2072 8926 8926 2037 2066 8927 8927 2042 2071 8928 8928 2037 2066 8929 8929 2043 2072 8930 8930 2041 2070 8931 8931 2044 2073 8932 8932 2043 2072 8933 8933 2039 2068 8934 8934 2042 2071 8935 8935 2045 2074 8936 8936 2046 2075 8937 8937 2043 2072 8938 8938 2044 2073 8939 8939 2043 2072 8940 8940 2046 2075 8941 8941 2042 2071 8942 8942 2044 2073 8943 8943 2047 2076 8944 8944 2046 2075 8945 8945 2048 2077 8946 8946 2046 2075 8947 8947 2047 2076 8948 8948 2046 2075 8949 8949 2048 2077 8950 8950 2042 2071 8951 8951 2047 2076 8952 8952 2049 2078 8953 8953 2048 2077 8954 8954 2050 2079 8955 8955 2045 2074 8956 8956 2042 2071 8957 8957 2050 2079 8958 8958 2042 2071 8959 8959 2048 2077 8960 8960 2045 2074 8961 8961 2050 2079 8962 8962 2051 2080 8963 8963 2052 2081 8964 8964 2048 2077 8965 8965 2049 2078 8966 8966 2048 2077 8967 8967 2052 2081 8968 8968 2050 2079 8969 8969 2049 2078 8970 8970 2053 2082 8971 8971 2052 2081 8972 8972 2054 2083 8973 8973 2052 2081 8974 8974 2053 2082 8975 8975 2052 2081 8976 8976 2054 2083 8977 8977 2050 2079 8978 8978 2053 2082 8979 8979 2055 2084 8980 8980 2054 2083 8981 8981 2056 2085 8982 8982 2051 2080 8983 8983 2050 2079 8984 8984 2056 2085 8985 8985 2050 2079 8986 8986 2054 2083 8987 8987 2051 2080 8988 8988 2056 2085 8989 8989 2057 2086 8990 8990 2058 2087 8991 8991 2054 2083 8992 8992 2055 2084 8993 8993 2056 2085 8994 8994 2054 2083 8995 8995 2058 2087 8996 8996 2055 2084 8997 8997 2059 2088 8998 8998 2058 2087 8999 8999 2060 2089 9000 9000 2057 2086 9001 9001 2056 2085 9002 9002 2061 2090 9003 9003 2058 2087 9004 9004 2059 2088 9005 9005 2058 2087 9006 9006 2061 2090 9007 9007 2056 2085 9008 9008 2060 2089 9009 9009 2056 2085 9010 9010 2061 2090 9011 9011 2059 2088 9012 9012 2062 2091 9013 9013 2061 2090 9014 9014 2057 2086 9015 9015 2060 2089 9016 9016 2063 2092 9017 9017 2064 2093 9018 9018 2061 2090 9019 9019 2062 2091 9020 9020 2060 2089 9021 9021 2061 2090 9022 9022 2064 2093 9023 9023 2062 2091 9024 9024 2065 2094 9025 9025 2064 2093 9026 9026 2066 2095 9027 9027 2063 2092 9028 9028 2060 2089 9029 9029 2067 2096 9030 9030 2064 2093 9031 9031 2065 2094 9032 9032 2064 2093 9033 9033 2067 2096 9034 9034 2060 2089 9035 9035 2066 2095 9036 9036 2060 2089 9037 9037 2067 2096 9038 9038 2065 2094 9039 9039 2068 2097 9040 9040 2067 2096 9041 9041 2063 2092 9042 9042 2066 2095 9043 9043 2069 2098 9044 9044 2070 2099 9045 9045 2067 2096 9046 9046 2068 2097 9047 9047 2066 2095 9048 9048 2067 2096 9049 9049 2070 2099 9050 9050 2068 2097 9051 9051 2071 2100 9052 9052 2070 2099 9053 9053 2072 2101 9054 9054 2069 2098 9055 9055 2066 2095 9056 9056 2069 2098 9057 9057 2072 2101 9058 9058 2073 2102 9059 9059 2074 2103 9060 9060 2073 2102 9061 9061 2072 2101 9062 9062 2070 2099 9063 9063 2075 2104 9064 9064 2066 2095 9065 9065 2075 2104 9066 9066 2070 2099 9067 9067 2071 2100 9068 9068 2072 2101 9069 9069 2066 2095 9070 9070 2075 2104 9071 9071 2071 2100 9072 9072 2076 2105 9073 9073 2075 2104 9074 9074 2072 2101 9075 9075 2075 2104 9076 9076 2077 2106 9077 9077 2077 2106 9078 9078 2075 2104 9079 9079 2076 2105 9080 9080 2074 2103 9081 9081 2072 2101 9082 9082 2078 2107 9083 9083 2077 2106 9084 9084 2078 2107 9085 9085 2072 2101 9086 9086 2077 2106 9087 9087 2076 2105 9088 9088 2078 2107 9089 9089 2074 2103 9090 9090 2078 2107 9091 9091 2079 2108 9092 9092 2080 2109 9093 9093 2078 2107 9094 9094 2076 2105 9095 9095 2079 2108 9096 9096 2078 2107 9097 9097 2081 2110 9098 9098 2080 2109 9099 9099 2081 2110 9100 9100 2078 2107 9101 9101 2082 2111 9102 9102 2083 2112 9103 9103 2084 2113 9104 9104 2085 2114 9105 9105 2084 2113 9106 9106 2083 2112 9107 9107 2084 2113 9108 9108 2085 2114 9109 9109 2086 2115 9110 9110 2087 2116 9111 9111 2086 2115 9112 9112 2085 2114 9113 9113 2088 2117 9114 9114 2085 2114 9115 9115 2083 2112 9116 9116 2087 2116 9117 9117 2085 2114 9118 9118 2088 2117 9119 9119 2088 2117 9120 9120 2083 2112 9121 9121 2089 2118 9122 9122 2090 2119 9123 9123 2087 2116 9124 9124 2088 2117 9125 9125 2089 2118 9126 9126 2091 2120 9127 9127 2088 2117 9128 9128 2088 2117 9129 9129 2092 2121 9130 9130 2090 2119 9131 9131 2092 2121 9132 9132 2088 2117 9133 9133 2091 2120 9134 9134 2093 2122 9135 9135 2090 2119 9136 9136 2092 2121 9137 9137 2091 2120 9138 9138 2094 2123 9139 9139 2092 2121 9140 9140 2092 2121 9141 9141 2095 2124 9142 9142 2093 2122 9143 9143 2092 2121 9144 9144 2094 2123 9145 9145 2096 2125 9146 9146 2092 2121 9147 9147 2097 2126 9148 9148 2095 2124 9149 9149 2092 2121 9150 9150 2096 2125 9151 9151 2098 2127 9152 9152 2098 2127 9153 9153 2097 2126 9154 9154 2092 2121 9155 9155 2099 2128 9156 9156 2100 2129 9157 9157 2101 2130 9158 9158 2101 2130 9159 9159 2100 2129 9160 9160 2102 2131 9161 9161 2103 2132 9162 9162 2102 2131 9163 9163 2100 2129 9164 9164 2104 2133 9165 9165 2102 2131 9166 9166 2103 2132 9167 9167 2101 2130 9168 9168 2102 2131 9169 9169 2105 2134 9170 9170 2105 2134 9171 9171 2102 2131 9172 9172 2104 2133 9173 9173 2106 2135 9174 9174 2101 2130 9175 9175 2105 2134 9176 9176 2105 2134 9177 9177 2104 2133 9178 9178 2107 2136 9179 9179 2106 2135 9180 9180 2105 2134 9181 9181 2108 2137 9182 9182 2107 2136 9183 9183 2109 2138 9184 9184 2105 2134 9185 9185 2108 2137 9186 9186 2105 2134 9187 9187 2109 2138 9188 9188 2110 2139 9189 9189 2109 2138 9190 9190 2107 2136 9191 9191 2109 2138 9192 9192 2111 2140 9193 9193 2108 2137 9194 9194 2110 2139 9195 9195 2112 2141 9196 9196 2109 2138 9197 9197 2113 2142 9198 9198 2111 2140 9199 9199 2109 2138 9200 9200 2112 2141 9201 9201 2114 2143 9202 9202 2109 2138 9203 9203 2115 2144 9204 9204 2113 2142 9205 9205 2109 2138 9206 9206 2109 2138 9207 9207 2114 2143 9208 9208 2115 2144 9209 9209 2116 2145 9210 9210 2117 2146 9211 9211 2118 2147 9212 9212 2118 2147 9213 9213 2117 2146 9214 9214 2119 2148 9215 9215 2117 2146 9216 9216 2120 2149 9217 9217 2119 2148 9218 9218 2121 2150 9219 9219 2118 2147 9220 9220 2119 2148 9221 9221 2118 2147 9222 9222 2121 2150 9223 9223 2122 2151 9224 9224 2119 2148 9225 9225 2120 2149 9226 9226 2123 2152 9227 9227 2123 2152 9228 9228 2121 2150 9229 9229 2119 2148 9230 9230 2120 2149 9231 9231 2124 2153 9232 9232 2123 2152 9233 9233 2121 2150 9234 9234 2125 2154 9235 9235 2122 2151 9236 9236 2126 2155 9237 9237 2123 2152 9238 9238 2124 2153 9239 9239 2123 2152 9240 9240 2127 2156 9241 9241 2121 2150 9242 9242 2127 2156 9243 9243 2123 2152 9244 9244 2126 2155 9245 9245 2125 2154 9246 9246 2121 2150 9247 9247 2127 2156 9248 9248 2127 2156 9249 9249 2126 2155 9250 9250 2128 2157 9251 9251 2128 2157 9252 9252 2125 2154 9253 9253 2127 2156 9254 9254 2129 2158 9255 9255 2125 2154 9256 9256 2128 2157 9257 9257 2130 2159 9258 9258 2131 2160 9259 9259 2132 2161 9260 9260 2133 2162 9261 9261 2131 2160 9262 9262 2130 2159 9263 9263 2133 2162 9264 9264 2134 2163 9265 9265 2131 2160 9266 9266 2133 2162 9267 9267 2130 2159 9268 9268 2135 2164 9269 9269 2136 2165 9270 9270 2135 2164 9271 9271 2130 2159 9272 9272 2137 2166 9273 9273 2134 2163 9274 9274 2133 2162 9275 9275 2133 2162 9276 9276 2135 2164 9277 9277 2137 2166 9278 9278 2137 2166 9279 9279 2138 2167 9280 9280 2134 2163 9281 9281 2136 2165 9282 9282 2139 2168 9283 9283 2135 2164 9284 9284 2138 2167 9285 9285 2137 2166 9286 9286 2140 2169 9287 9287 2135 2164 9288 9288 2141 2170 9289 9289 2137 2166 9290 9290 2140 2169 9291 9291 2137 2166 9292 9292 2141 2170 9293 9293 2141 2170 9294 9294 2135 2164 9295 9295 2139 2168 9296 9296 2142 2171 9297 9297 2140 2169 9298 9298 2141 2170 9299 9299 2141 2170 9300 9300 2139 2168 9301 9301 2142 2171 9302 9302 2142 2171 9303 9303 2139 2168 9304 9304 2143 2172 9305 9305 2144 2173 9306 9306 2145 2174 9307 9307 2146 2175 9308 9308 2147 2176 9309 9309 2146 2175 9310 9310 2145 2174 9311 9311 2148 2177 9312 9312 2147 2176 9313 9313 2145 2174 9314 9314 2148 2177 9315 9315 2145 2174 9316 9316 2149 2178 9317 9317 2148 2177 9318 9318 2149 2178 9319 9319 2150 2179 9320 9320 2146 2175 9321 9321 2147 2176 9322 9322 2151 2180 9323 9323 2152 2181 9324 9324 2146 2175 9325 9325 2151 2180 9326 9326 2148 2177 9327 9327 2153 2182 9328 9328 2147 2176 9329 9329 2151 2180 9330 9330 2147 2176 9331 9331 2153 2182 9332 9332 2148 2177 9333 9333 2150 2179 9334 9334 2154 2183 9335 9335 2148 2177 9336 9336 2154 2183 9337 9337 2153 2182 9338 9338 2154 2183 9339 9339 2150 2179 9340 9340 2155 2184 9341 9341 2151 2180 9342 9342 2156 2185 9343 9343 2152 2181 9344 9344 2155 2184 9345 9345 2157 2186 9346 9346 2154 2183 9347 9347 2157 2186 9348 9348 2155 2184 9349 9349 2158 2187 9350 9350 2151 2180 9351 9351 2159 2188 9352 9352 2156 2185 9353 9353 2151 2180 9354 9354 2153 2182 9355 9355 2159 2188 9356 9356 2152 2181 9357 9357 2156 2185 9358 9358 2160 2189 9359 9359 2156 2185 9360 9360 2159 2188 9361 9361 2160 2189 9362 9362 2161 2190 9363 9363 2152 2181 9364 9364 2160 2189 9365 9365 2162 2191 9366 9366 2153 2182 9367 9367 2154 2183 9368 9368 2162 2191 9369 9369 2159 2188 9370 9370 2153 2182 9371 9371 2154 2183 9372 9372 2157 2186 9373 9373 2162 2191 9374 9374 2163 2192 9375 9375 2160 2189 9376 9376 2159 2188 9377 9377 2162 2191 9378 9378 2164 2193 9379 9379 2159 2188 9380 9380 2159 2188 9381 9381 2164 2193 9382 9382 2163 2192 9383 9383 2161 2190 9384 9384 2160 2189 9385 9385 2165 2194 9386 9386 2163 2192 9387 9387 2165 2194 9388 9388 2160 2189 9389 9389 2166 2195 9390 9390 2161 2190 9391 9391 2165 2194 9392 9392 2167 2196 9393 9393 2161 2190 9394 9394 2166 2195 9395 9395 2165 2194 9396 9396 2163 2192 9397 9397 2168 2197 9398 9398 2165 2194 9399 9399 2168 2197 9400 9400 2166 2195 9401 9401 2169 2198 9402 9402 2163 2192 9403 9403 2164 2193 9404 9404 2169 2198 9405 9405 2168 2197 9406 9406 2163 2192 9407 9407 2170 2199 9408 9408 2164 2193 9409 9409 2162 2191 9410 9410 2170 2199 9411 9411 2162 2191 9412 9412 2157 2186 9413 9413 2164 2193 9414 9414 2171 2200 9415 9415 2169 2198 9416 9416 2170 2199 9417 9417 2171 2200 9418 9418 2164 2193 9419 9419 2170 2199 9420 9420 2157 2186 9421 9421 2172 2201 9422 9422 2172 2201 9423 9423 2171 2200 9424 9424 2170 2199 9425 9425 2173 2202 9426 9426 2157 2186 9427 9427 2158 2187 9428 9428 2173 2202 9429 9429 2172 2201 9430 9430 2157 2186 9431 9431 2174 2203 9432 9432 2173 2202 9433 9433 2158 2187 9434 9434 2173 2202 9435 9435 2174 2203 9436 9436 2175 2204 9437 9437 2172 2201 9438 9438 2173 2202 9439 9439 2175 2204 9440 9440 2175 2204 9441 9441 2176 2205 9442 9442 2172 2201 9443 9443 2176 2205 9444 9444 2177 2206 9445 9445 2172 2201 9446 9446 2172 2201 9447 9447 2177 2206 9448 9448 2171 2200 9449 9449 2178 2207 9450 9450 2177 2206 9451 9451 2176 2205 9452 9452 2177 2206 9453 9453 2178 2207 9454 9454 2171 2200 9455 9455 2176 2205 9456 9456 2179 2208 9457 9457 2178 2207 9458 9458 2180 2209 9459 9459 2171 2200 9460 9460 2178 2207 9461 9461 2180 2209 9462 9462 2169 2198 9463 9463 2171 2200 9464 9464 2179 2208 9465 9465 2181 2210 9466 9466 2178 2207 9467 9467 2178 2207 9468 9468 2181 2210 9469 9469 2180 2209 9470 9470 2180 2209 9471 9471 2182 2211 9472 9472 2169 2198 9473 9473 2169 2198 9474 9474 2182 2211 9475 9475 2168 2197 9476 9476 2180 2209 9477 9477 2183 2212 9478 9478 2182 2211 9479 9479 2180 2209 9480 9480 2181 2210 9481 9481 2183 2212 9482 9482 2182 2211 9483 9483 2184 2213 9484 9484 2168 2197 9485 9485 2182 2211 9486 9486 2183 2212 9487 9487 2184 2213 9488 9488 2185 2214 9489 9489 2181 2210 9490 9490 2179 2208 9491 9491 2179 2208 9492 9492 2186 2215 9493 9493 2185 2214 9494 9494 2183 2212 9495 9495 2181 2210 9496 9496 2187 2216 9497 9497 2185 2214 9498 9498 2187 2216 9499 9499 2181 2210 9500 9500 2187 2216 9501 9501 2184 2213 9502 9502 2183 2212 9503 9503 2186 2215 9504 9504 2188 2217 9505 9505 2185 2214 9506 9506 2185 2214 9507 9507 2188 2217 9508 9508 2187 2216 9509 9509 2188 2217 9510 9510 2186 2215 9511 9511 2189 2218 9512 9512 2190 2219 9513 9513 2189 2218 9514 9514 2186 2215 9515 9515 2191 2220 9516 9516 2187 2216 9517 9517 2188 2217 9518 9518 2188 2217 9519 9519 2189 2218 9520 9520 2191 2220 9521 9521 2184 2213 9522 9522 2187 2216 9523 9523 2191 2220 9524 9524 2190 2219 9525 9525 2192 2221 9526 9526 2189 2218 9527 9527 2193 2222 9528 9528 2168 2197 9529 9529 2184 2213 9530 9530 2193 2222 9531 9531 2166 2195 9532 9532 2168 2197 9533 9533 2194 2223 9534 9534 2193 2222 9535 9535 2184 2213 9536 9536 2193 2222 9537 9537 2194 2223 9538 9538 2166 2195 9539 9539 2191 2220 9540 9540 2195 2224 9541 9541 2184 2213 9542 9542 2184 2213 9543 9543 2195 2224 9544 9544 2194 2223 9545 9545 2196 2225 9546 9546 2191 2220 9547 9547 2189 2218 9548 9548 2196 2225 9549 9549 2195 2224 9550 9550 2191 2220 9551 9551 2189 2218 9552 9552 2197 2226 9553 9553 2196 2225 9554 9554 2197 2226 9555 9555 2189 2218 9556 9556 2192 2221 9557 9557 2198 2227 9558 9558 2195 2224 9559 9559 2196 2225 9560 9560 2198 2227 9561 9561 2196 2225 9562 9562 2197 2226 9563 9563 2197 2226 9564 9564 2192 2221 9565 9565 2199 2228 9566 9566 2197 2226 9567 9567 2199 2228 9568 9568 2198 2227 9569 9569 2200 2229 9570 9570 2199 2228 9571 9571 2192 2221 9572 9572 2201 2230 9573 9573 2195 2224 9574 9574 2198 2227 9575 9575 2201 2230 9576 9576 2198 2227 9577 9577 2199 2228 9578 9578 2194 2223 9579 9579 2195 2224 9580 9580 2201 2230 9581 9581 2199 2228 9582 9582 2200 2229 9583 9583 2202 2231 9584 9584 2199 2228 9585 9585 2202 2231 9586 9586 2201 2230 9587 9587 2194 2223 9588 9588 2201 2230 9589 9589 2202 2231 9590 9590 2202 2231 9591 9591 2166 2195 9592 9592 2194 2223 9593 9593 2167 2196 9594 9594 2202 2231 9595 9595 2200 2229 9596 9596 2167 2196 9597 9597 2166 2195 9598 9598 2202 2231 9599 9599 2203 2232 9600 9600 2204 2233 9601 9601 2205 2234 9602 9602 2206 2235 9603 9603 2204 2233 9604 9604 2203 2232 9605 9605 2204 2233 9606 9606 2206 2235 9607 9607 2207 2236 9608 9608 2208 2237 9609 9609 2204 2233 9610 9610 2207 2236 9611 9611 2209 2238 9612 9612 2208 2237 9613 9613 2207 2236 9614 9614 2210 2239 9615 9615 2206 2235 9616 9616 2203 2232 9617 9617 2210 2239 9618 9618 2203 2232 9619 9619 2211 2240 9620 9620 2207 2236 9621 9621 2206 2235 9622 9622 2212 2241 9623 9623 2212 2241 9624 9624 2206 2235 9625 9625 2210 2239 9626 9626 2213 2242 9627 9627 2209 2238 9628 9628 2207 2236 9629 9629 2207 2236 9630 9630 2212 2241 9631 9631 2213 2242 9632 9632 2214 2243 9633 9633 2209 2238 9634 9634 2213 2242 9635 9635 2211 2240 9636 9636 2215 2244 9637 9637 2210 2239 9638 9638 2213 2242 9639 9639 2216 2245 9640 9640 2214 2243 9641 9641 2217 2246 9642 9642 2214 2243 9643 9643 2216 2245 9644 9644 2218 2247 9645 9645 2215 2244 9646 9646 2211 2240 9647 9647 2218 2247 9648 9648 2211 2240 9649 9649 2219 2248 9650 9650 2215 2244 9651 9651 2220 2249 9652 9652 2210 2239 9653 9653 2215 2244 9654 9654 2218 2247 9655 9655 2220 2249 9656 9656 2220 2249 9657 9657 2212 2241 9658 9658 2210 2239 9659 9659 2213 2242 9660 9660 2212 2241 9661 9661 2221 2250 9662 9662 2212 2241 9663 9663 2220 2249 9664 9664 2221 2250 9665 9665 2213 2242 9666 9666 2221 2250 9667 9667 2216 2245 9668 9668 2220 2249 9669 9669 2218 2247 9670 9670 2222 2251 9671 9671 2220 2249 9672 9672 2223 2252 9673 9673 2221 2250 9674 9674 2220 2249 9675 9675 2222 2251 9676 9676 2223 2252 9677 9677 2216 2245 9678 9678 2221 2250 9679 9679 2224 2253 9680 9680 2221 2250 9681 9681 2223 2252 9682 9682 2224 2253 9683 9683 2218 2247 9684 9684 2225 2254 9685 9685 2222 2251 9686 9686 2225 2254 9687 9687 2218 2247 9688 9688 2219 2248 9689 9689 2223 2252 9690 9690 2222 2251 9691 9691 2226 2255 9692 9692 2225 2254 9693 9693 2219 2248 9694 9694 2227 2256 9695 9695 2227 2256 9696 9696 2219 2248 9697 9697 2228 2257 9698 9698 2229 2258 9699 9699 2222 2251 9700 9700 2225 2254 9701 9701 2225 2254 9702 9702 2227 2256 9703 9703 2229 2258 9704 9704 2222 2251 9705 9705 2229 2258 9706 9706 2226 2255 9707 9707 2230 2259 9708 9708 2227 2256 9709 9709 2228 2257 9710 9710 2228 2257 9711 9711 2231 2260 9712 9712 2230 2259 9713 9713 2229 2258 9714 9714 2227 2256 9715 9715 2232 2261 9716 9716 2230 2259 9717 9717 2231 2260 9718 9718 2233 2262 9719 9719 2234 2263 9720 9720 2233 2262 9721 9721 2231 2260 9722 9722 2230 2259 9723 9723 2235 2264 9724 9724 2227 2256 9725 9725 2227 2256 9726 9726 2235 2264 9727 9727 2232 2261 9728 9728 2233 2262 9729 9729 2236 2265 9730 9730 2230 2259 9731 9731 2230 2259 9732 9732 2236 2265 9733 9733 2235 2264 9734 9734 2237 2266 9735 9735 2233 2262 9736 9736 2234 2263 9737 9737 2233 2262 9738 9738 2238 2267 9739 9739 2236 2265 9740 9740 2237 2266 9741 9741 2238 2267 9742 9742 2233 2262 9743 9743 2236 2265 9744 9744 2239 2268 9745 9745 2235 2264 9746 9746 2238 2267 9747 9747 2239 2268 9748 9748 2236 2265 9749 9749 2240 2269 9750 9750 2232 2261 9751 9751 2235 2264 9752 9752 2235 2264 9753 9753 2239 2268 9754 9754 2240 2269 9755 9755 2240 2269 9756 9756 2229 2258 9757 9757 2232 2261 9758 9758 2241 2270 9759 9759 2239 2268 9760 9760 2238 2267 9761 9761 2238 2267 9762 9762 2237 2266 9763 9763 2241 2270 9764 9764 2242 2271 9765 9765 2239 2268 9766 9766 2241 2270 9767 9767 2240 2269 9768 9768 2239 2268 9769 9769 2242 2271 9770 9770 2241 2270 9771 9771 2237 2266 9772 9772 2243 2272 9773 9773 2237 2266 9774 9774 2234 2263 9775 9775 2243 2272 9776 9776 2243 2272 9777 9777 2242 2271 9778 9778 2241 2270 9779 9779 2243 2272 9780 9780 2234 2263 9781 9781 2244 2273 9782 9782 2244 2273 9783 9783 2245 2274 9784 9784 2243 2272 9785 9785 2246 2275 9786 9786 2242 2271 9787 9787 2243 2272 9788 9788 2243 2272 9789 9789 2245 2274 9790 9790 2246 2275 9791 9791 2242 2271 9792 9792 2246 2275 9793 9793 2247 2276 9794 9794 2242 2271 9795 9795 2247 2276 9796 9796 2240 2269 9797 9797 2248 2277 9798 9798 2246 2275 9799 9799 2245 2274 9800 9800 2247 2276 9801 9801 2246 2275 9802 9802 2248 2277 9803 9803 2248 2277 9804 9804 2245 2274 9805 9805 2249 2278 9806 9806 2250 2279 9807 9807 2247 2276 9808 9808 2248 2277 9809 9809 2249 2278 9810 9810 2250 2279 9811 9811 2248 2277 9812 9812 2251 2280 9813 9813 2240 2269 9814 9814 2247 2276 9815 9815 2251 2280 9816 9816 2247 2276 9817 9817 2250 2279 9818 9818 2252 2281 9819 9819 2240 2269 9820 9820 2251 2280 9821 9821 2252 2281 9822 9822 2229 2258 9823 9823 2240 2269 9824 9824 2229 2258 9825 9825 2252 2281 9826 9826 2226 2255 9827 9827 2252 2281 9828 9828 2251 2280 9829 9829 2253 2282 9830 9830 2226 2255 9831 9831 2252 2281 9832 9832 2253 2282 9833 9833 2251 2280 9834 9834 2250 2279 9835 9835 2253 2282 9836 9836 2254 2283 9837 9837 2250 2279 9838 9838 2249 2278 9839 9839 2253 2282 9840 9840 2250 2279 9841 9841 2254 2283 9842 9842 2254 2283 9843 9843 2249 2278 9844 9844 2255 2284 9845 9845 2256 2285 9846 9846 2226 2255 9847 9847 2253 2282 9848 9848 2253 2282 9849 9849 2254 2283 9850 9850 2256 2285 9851 9851 2223 2252 9852 9852 2226 2255 9853 9853 2256 2285 9854 9854 2223 2252 9855 9855 2256 2285 9856 9856 2224 2253 9857 9857 2255 2284 9858 9858 2257 2286 9859 9859 2254 2283 9860 9860 2256 2285 9861 9861 2254 2283 9862 9862 2257 2286 9863 9863 2258 2287 9864 9864 2257 2286 9865 9865 2255 2284 9866 9866 2256 2285 9867 9867 2257 2286 9868 9868 2258 2287 9869 9869 2224 2253 9870 9870 2256 2285 9871 9871 2258 2287 9872 9872 2258 2287 9873 9873 2255 2284 9874 9874 2259 2288 9875 9875 2224 2253 9876 9876 2258 2287 9877 9877 2216 2245 9878 9878 2259 2288 9879 9879 2260 2289 9880 9880 2258 2287 9881 9881 2216 2245 9882 9882 2258 2287 9883 9883 2260 2289 9884 9884 2259 2288 9885 9885 2261 2290 9886 9886 2260 2289 9887 9887 2217 2246 9888 9888 2216 2245 9889 9889 2260 2289 9890 9890 2217 2246 9891 9891 2260 2289 9892 9892 2261 2290 9893 9893 2262 2291 9894 9894 2263 2292 9895 9895 2264 2293 9896 9896 2265 2294 9897 9897 2263 2292 9898 9898 2262 2291 9899 9899 2266 2295 9900 9900 2263 2292 9901 9901 2265 2294 9902 9902 2267 2296 9903 9903 2263 2292 9904 9904 2266 2295 9905 9905 2268 2297 9906 9906 2263 2292 9907 9907 2267 2296 9908 9908 2269 2298 9909 9909 2263 2292 9910 9910 2268 2297 9911 9911 2270 2299 9912 9912 2263 2292 9913 9913 2269 2298 9914 9914 2271 2300 9915 9915 2263 2292 9916 9916 2270 2299 9917 9917 2272 2301 9918 9918 2263 2292 9919 9919 2271 2300 9920 9920 2273 2302 9921 9921 2263 2292 9922 9922 2272 2301 9923 9923 2274 2303 9924 9924 2263 2292 9925 9925 2273 2302 9926 9926 2275 2304 9927 9927 2263 2292 9928 9928 2274 2303 9929 9929 2276 2305 9930 9930 2277 2306 9931 9931 2278 2307 9932 9932 2278 2307 9933 9933 2277 2306 9934 9934 2279 2308 9935 9935 2279 2308 9936 9936 2277 2306 9937 9937 2280 2309 9938 9938 2280 2309 9939 9939 2277 2306 9940 9940 2281 2310 9941 9941 2281 2310 9942 9942 2277 2306 9943 9943 2282 2311 9944 9944 2282 2311 9945 9945 2277 2306 9946 9946 2283 2312 9947 9947 2283 2312 9948 9948 2277 2306 9949 9949 2284 2313 9950 9950 2284 2313 9951 9951 2277 2306 9952 9952 2285 2314 9953 9953 2285 2314 9954 9954 2277 2306 9955 9955 2286 2315 9956 9956 2286 2315 9957 9957 2277 2306 9958 9958 2287 2316 9959 9959 2287 2316 9960 9960 2277 2306 9961 9961 2288 2317 9962 9962 2288 2317 9963 9963 2277 2306 9964 9964 2289 2318 9965 9965 2290 2319 9966 9966 2291 2320 9967 9967 2292 2321 9968 9968 2290 2319 9969 9969 2292 2321 9970 9970 2293 2322 9971 9971 2294 2323 9972 9972 2291 2320 9973 9973 2290 2319 9974 9974 2290 2319 9975 9975 2293 2322 9976 9976 2295 2324 9977 9977 2290 2319 9978 9978 2296 2325 9979 9979 2294 2323 9980 9980 2297 2326 9981 9981 2295 2324 9982 9982 2293 2322 9983 9983 2294 2323 9984 9984 2296 2325 9985 9985 2298 2327 9986 9986 2295 2324 9987 9987 2297 2326 9988 9988 2299 2328 9989 9989 2296 2325 9990 9990 2300 2329 9991 9991 2298 2327 9992 9992 2301 2330 9993 9993 2299 2328 9994 9994 2297 2326 9995 9995 2298 2327 9996 9996 2300 2329 9997 9997 2302 2331 9998 9998 2303 2332 9999 9999 2301 2330 10000 10000 2297 2326 10001 10001 2300 2329 10002 10002 2304 2333 10003 10003 2302 2331 10004 10004 2303 2332 10005 10005 2305 2334 10006 10006 2301 2330 10007 10007 2306 2335 10008 10008 2304 2333 10009 10009 2300 2329 10010 10010 2307 2336 10011 10011 2301 2330 10012 10012 2305 2334 10013 10013 2306 2335 10014 10014 2308 2337 10015 10015 2304 2333 10016 10016 2305 2334 10017 10017 2309 2338 10018 10018 2307 2336 10019 10019 2310 2339 10020 10020 2308 2337 10021 10021 2306 2335 10022 10022 2309 2338 10023 10023 2311 2340 10024 10024 2307 2336 10025 10025 2306 2335 10026 10026 2312 2341 10027 10027 2310 2339 10028 10028 2311 2340 10029 10029 2313 2342 10030 10030 2307 2336 10031 10031 2310 2339 10032 10032 2312 2341 10033 10033 2314 2343 10034 10034 2313 2342 10035 10035 2311 2340 10036 10036 2315 2344 10037 10037 2312 2341 10038 10038 2316 2345 10039 10039 2314 2343 10040 10040 2313 2342 10041 10041 2315 2344 10042 10042 2317 2346 10043 10043 2317 2346 10044 10044 2316 2345 10045 10045 2312 2341 10046 10046 2315 2344 10047 10047 2316 2345 10048 10048 2317 2346 10049 10049 2318 2347 10050 10050 2319 2348 10051 10051 2320 2349 10052 10052 2318 2347 10053 10053 2321 2350 10054 10054 2319 2348 10055 10055 2319 2348 10056 10056 2322 2351 10057 10057 2320 2349 10058 10058 2323 2352 10059 10059 2319 2348 10060 10060 2321 2350 10061 10061 2319 2348 10062 10062 2323 2352 10063 10063 2322 2351 10064 10064 2321 2350 10065 10065 2324 2353 10066 10066 2323 2352 10067 10067 2325 2354 10068 10068 2322 2351 10069 10069 2323 2352 10070 10070 2323 2352 10071 10071 2326 2355 10072 10072 2325 2354 10073 10073 2326 2355 10074 10074 2323 2352 10075 10075 2324 2353 10076 10076 2327 2356 10077 10077 2325 2354 10078 10078 2326 2355 10079 10079 2326 2355 10080 10080 2324 2353 10081 10081 2328 2357 10082 10082 2326 2355 10083 10083 2328 2357 10084 10084 2327 2356 10085 10085 2329 2358 10086 10086 2328 2357 10087 10087 2324 2353 10088 10088 2330 2359 10089 10089 2327 2356 10090 10090 2328 2357 10091 10091 2328 2357 10092 10092 2329 2358 10093 10093 2331 2360 10094 10094 2330 2359 10095 10095 2328 2357 10096 10096 2331 2360 10097 10097 2332 2361 10098 10098 2333 2362 10099 10099 2334 2363 10100 10100 2332 2361 10101 10101 2335 2364 10102 10102 2333 2362 10103 10103 2334 2363 10104 10104 2333 2362 10105 10105 2336 2365 10106 10106 2333 2362 10107 10107 2335 2364 10108 10108 2337 2366 10109 10109 2336 2365 10110 10110 2333 2362 10111 10111 2337 2366 10112 10112 2337 2366 10113 10113 2335 2364 10114 10114 2338 2367 10115 10115 2336 2365 10116 10116 2337 2366 10117 10117 2339 2368 10118 10118 2337 2366 10119 10119 2338 2367 10120 10120 2340 2369 10121 10121 2339 2368 10122 10122 2337 2366 10123 10123 2340 2369 10124 10124 2340 2369 10125 10125 2338 2367 10126 10126 2341 2370 10127 10127 2340 2369 10128 10128 2342 2371 10129 10129 2339 2368 10130 10130 2341 2370 10131 10131 2342 2371 10132 10132 2340 2369 10133 10133 2339 2368 10134 10134 2342 2371 10135 10135 2343 2372 10136 10136 2344 2373 10137 10137 2342 2371 10138 10138 2341 2370 10139 10139 2345 2374 10140 10140 2343 2372 10141 10141 2342 2371 10142 10142 2345 2374 10143 10143 2342 2371 10144 10144 2344 2373 10145 10145 2346 2375 10146 10146 2347 2376 10147 10147 2348 2377 10148 10148 2347 2376 10149 10149 2349 2378 10150 10150 2348 2377 10151 10151 2350 2379 10152 10152 2347 2376 10153 10153 2346 2375 10154 10154 2349 2378 10155 10155 2347 2376 10156 10156 2351 2380 10157 10157 2352 2381 10158 10158 2347 2376 10159 10159 2350 2379 10160 10160 2353 2382 10161 10161 2352 2381 10162 10162 2350 2379 10163 10163 2351 2380 10164 10164 2347 2376 10165 10165 2354 2383 10166 10166 2351 2380 10167 10167 2354 2383 10168 10168 2355 2384 10169 10169 2352 2381 10170 10170 2356 2385 10171 10171 2347 2376 10172 10172 2347 2376 10173 10173 2356 2385 10174 10174 2354 2383 10175 10175 2357 2386 10176 10176 2352 2381 10177 10177 2353 2382 10178 10178 2357 2386 10179 10179 2356 2385 10180 10180 2352 2381 10181 10181 2353 2382 10182 10182 2358 2387 10183 10183 2357 2386 10184 10184 2357 2386 10185 10185 2358 2387 10186 10186 2356 2385 10187 10187 2359 2388 10188 10188 2358 2387 10189 10189 2353 2382 10190 10190 2358 2387 10191 10191 2360 2389 10192 10192 2356 2385 10193 10193 2358 2387 10194 10194 2359 2388 10195 10195 2360 2389 10196 10196 2356 2385 10197 10197 2360 2389 10198 10198 2354 2383 10199 10199 2360 2389 10200 10200 2359 2388 10201 10201 2361 2390 10202 10202 2361 2390 10203 10203 2362 2391 10204 10204 2360 2389 10205 10205 2354 2383 10206 10206 2360 2389 10207 10207 2363 2392 10208 10208 2360 2389 10209 10209 2362 2391 10210 10210 2363 2392 10211 10211 2355 2384 10212 10212 2354 2383 10213 10213 2363 2392 10214 10214 2364 2393 10215 10215 2363 2392 10216 10216 2362 2391 10217 10217 2355 2384 10218 10218 2363 2392 10219 10219 2364 2393 10220 10220 2365 2394 10221 10221 2366 2395 10222 10222 2367 2396 10223 10223 2365 2394 10224 10224 2368 2397 10225 10225 2366 2395 10226 10226 2367 2396 10227 10227 2366 2395 10228 10228 2369 2398 10229 10229 2368 2397 10230 10230 2370 2399 10231 10231 2366 2395 10232 10232 2371 2400 10233 10233 2369 2398 10234 10234 2366 2395 10235 10235 2369 2398 10236 10236 2371 2400 10237 10237 2372 2401 10238 10238 2373 2402 10239 10239 2366 2395 10240 10240 2370 2399 10241 10241 2370 2399 10242 10242 2374 2403 10243 10243 2373 2402 10244 10244 2371 2400 10245 10245 2366 2395 10246 10246 2375 2404 10247 10247 2373 2402 10248 10248 2375 2404 10249 10249 2366 2395 10250 10250 2376 2405 10251 10251 2372 2401 10252 10252 2371 2400 10253 10253 2371 2400 10254 10254 2375 2404 10255 10255 2376 2405 10256 10256 2376 2405 10257 10257 2377 2406 10258 10258 2372 2401 10259 10259 2375 2404 10260 10260 2377 2406 10261 10261 2376 2405 10262 10262 2378 2407 10263 10263 2372 2401 10264 10264 2377 2406 10265 10265 2375 2404 10266 10266 2379 2408 10267 10267 2377 2406 10268 10268 2377 2406 10269 10269 2379 2408 10270 10270 2378 2407 10271 10271 2375 2404 10272 10272 2373 2402 10273 10273 2379 2408 10274 10274 2380 2409 10275 10275 2378 2407 10276 10276 2379 2408 10277 10277 2380 2409 10278 10278 2379 2408 10279 10279 2381 2410 10280 10280 2382 2411 10281 10281 2379 2408 10282 10282 2373 2402 10283 10283 2382 2411 10284 10284 2381 2410 10285 10285 2379 2408 10286 10286 2382 2411 10287 10287 2373 2402 10288 10288 2374 2403 10289 10289 2381 2410 10290 10290 2382 2411 10291 10291 2383 2412 10292 10292 2374 2403 10293 10293 2383 2412 10294 10294 2382 2411 10295 10295 2384 2413 10296 10296 2385 2414 10297 10297 2386 2415 10298 10298 2384 2413 10299 10299 2386 2415 10300 10300 2387 2416 10301 10301 2386 2415 10302 10302 2385 2414 10303 10303 2388 2417 10304 10304 2385 2414 10305 10305 2389 2418 10306 10306 2388 2417 10307 10307 2387 2416 10308 10308 2386 2415 10309 10309 2390 2419 10310 10310 2390 2419 10311 10311 2386 2415 10312 10312 2388 2417 10313 10313 2387 2416 10314 10314 2390 2419 10315 10315 2391 2420 10316 10316 2389 2418 10317 10317 2392 2421 10318 10318 2388 2417 10319 10319 2391 2420 10320 10320 2390 2419 10321 10321 2393 2422 10322 10322 2393 2422 10323 10323 2390 2419 10324 10324 2388 2417 10325 10325 2391 2420 10326 10326 2393 2422 10327 10327 2394 2423 10328 10328 2394 2423 10329 10329 2393 2422 10330 10330 2395 2424 10331 10331 2395 2424 10332 10332 2393 2422 10333 10333 2388 2417 10334 10334 2394 2423 10335 10335 2395 2424 10336 10336 2396 2425 10337 10337 2392 2421 10338 10338 2397 2426 10339 10339 2388 2417 10340 10340 2392 2421 10341 10341 2398 2427 10342 10342 2397 2426 10343 10343 2399 2428 10344 10344 2395 2424 10345 10345 2388 2417 10346 10346 2397 2426 10347 10347 2399 2428 10348 10348 2388 2417 10349 10349 2396 2425 10350 10350 2395 2424 10351 10351 2399 2428 10352 10352 2398 2427 10353 10353 2399 2428 10354 10354 2397 2426 10355 10355 2396 2425 10356 10356 2399 2428 10357 10357 2398 2427 10358 10358 2400 2429 10359 10359 2401 2430 10360 10360 2402 2431 10361 10361 2402 2431 10362 10362 2401 2430 10363 10363 2403 2432 10364 10364 2404 2433 10365 10365 2401 2430 10366 10366 2400 2429 10367 10367 2405 2434 10368 10368 2404 2433 10369 10369 2400 2429 10370 10370 2401 2430 10371 10371 2406 2435 10372 10372 2403 2432 10373 10373 2404 2433 10374 10374 2406 2435 10375 10375 2401 2430 10376 10376 2403 2432 10377 10377 2406 2435 10378 10378 2407 2436 10379 10379 2408 2437 10380 10380 2404 2433 10381 10381 2405 2434 10382 10382 2408 2437 10383 10383 2406 2435 10384 10384 2404 2433 10385 10385 2409 2438 10386 10386 2408 2437 10387 10387 2405 2434 10388 10388 2407 2436 10389 10389 2406 2435 10390 10390 2410 2439 10391 10391 2411 2440 10392 10392 2408 2437 10393 10393 2409 2438 10394 10394 2411 2440 10395 10395 2406 2435 10396 10396 2408 2437 10397 10397 2412 2441 10398 10398 2411 2440 10399 10399 2409 2438 10400 10400 2410 2439 10401 10401 2406 2435 10402 10402 2413 2442 10403 10403 2410 2439 10404 10404 2413 2442 10405 10405 2414 2443 10406 10406 2415 2444 10407 10407 2406 2435 10408 10408 2411 2440 10409 10409 2413 2442 10410 10410 2406 2435 10411 10411 2415 2444 10412 10412 2415 2444 10413 10413 2411 2440 10414 10414 2412 2441 10415 10415 2413 2442 10416 10416 2415 2444 10417 10417 2414 2443 10418 10418 2414 2443 10419 10419 2415 2444 10420 10420 2412 2441 10421 10421</p>
        </triangles>
      </mesh>
    </geometry>
  </library_geometries>
  <library_controllers>
    <controller id="Armature_GNN_avt-skin" name="Armature">
      <skin source="#Untitled-mesh">
        <bind_shape_matrix>0.0254 0 0 0 0 0.0254 -4.13818e-9 2.31012e-14 0 4.13818e-9 0.0254 -7.23716e-14 0 0 0 1</bind_shape_matrix>
        <source id="Armature_GNN_avt-skin-joints">
          <Name_array id="Armature_GNN_avt-skin-joints-array" count="26">G_root G_base G_pelvis G_thigh_L G_calf_L G_foot_L G_thigh_R G_calf_R G_foot_R G_waist G_chest G_neck G_head G_head_scl G_clavicle_L G_uparm_L G_lowarm_L G_hand_L G_shoulder_parts_L G_clavicle_R G_uparm_R G_lowarm_R G_hand_R G_shoulder_parts_R G_waist_parts_L G_waist_parts_R</Name_array>
          <technique_common>
            <accessor source="#Armature_GNN_avt-skin-joints-array" count="26" stride="1">
              <param name="JOINT" type="name"/>
            </accessor>
          </technique_common>
        </source>
        <source id="Armature_GNN_avt-skin-bind_poses">
          <float_array id="Armature_GNN_avt-skin-bind_poses-array" count="416">39.37008 0 0 0 0 7.66564e-6 39.37008 0 0 -39.37008 7.66564e-6 0 0 0 0 1 39.37008 0 0 0 0 7.66564e-6 39.37008 -1 0 -39.37008 7.66564e-6 -1.78814e-7 0 0 0 1 39.37008 0 0 0 0 7.66564e-6 39.37008 -25 0 -39.37008 7.66564e-6 -4.47035e-6 0 0 0 1 39.37008 0 4.76837e-7 -5 1.19209e-5 7.66564e-6 39.37008 -25 0 -39.37008 7.66564e-6 -4.47035e-6 0 0 0 1 39.37008 0 -9.53674e-7 -5 0 7.66564e-6 39.37008 -13.5 0 -39.37008 7.66564e-6 -2.41399e-6 0 0 0 1 39.37008 0 -1.75998e-6 -4.999999 1.90735e-6 7.66564e-6 39.37008 -2.269988 0 -39.37008 7.66564e-6 -4.05903e-7 0 0 0 1 39.37008 0 -4.76837e-7 5 -1.19209e-5 7.66564e-6 39.37008 -25 0 -39.37008 7.66564e-6 -4.47035e-6 0 0 0 1 39.37008 0 9.53674e-7 5 0 7.66564e-6 39.37008 -13.5 0 -39.37008 7.66564e-6 -2.41399e-6 0 0 0 1 39.37008 0 1.75998e-6 4.999999 -1.90735e-6 7.66564e-6 39.37008 -2.269988 0 -39.37008 7.66564e-6 -4.05903e-7 0 0 0 1 39.37008 0 0 0 0 7.66564e-6 39.37008 -32.5 0 -39.37008 7.66564e-6 -5.81146e-6 0 0 0 1 39.37008 0 0 0 0 7.66564e-6 39.37008 -40 0 -39.37008 7.66564e-6 -7.15256e-6 0 0 0 1 39.37008 0 0 0 0 7.66564e-6 39.37008 -47 0 -39.37008 7.66564e-6 -8.40426e-6 0 0 0 1 39.37008 0 0 0 0 7.66564e-6 39.37009 -55.00002 0 -39.37008 7.66564e-6 -9.83476e-6 0 0 0 1 39.37008 0 0 0 0 2.00272e-4 39.37008 -52.50001 0 -39.37008 7.62939e-6 0.9999906 0 0 0 1 39.37008 0 0 -4 -4.24385e-5 7.66564e-6 39.37008 -44.5 0 -39.37008 7.66564e-6 -7.95722e-6 0 0 0 1 39.37008 0 -9.53674e-7 -10.5 1.06096e-5 7.66564e-6 39.37008 -44.50001 0 -39.37008 7.66564e-6 -7.95722e-6 0 0 0 1 39.37008 0 0 -17 0 7.66564e-6 39.37008 -44.5 0 -39.37008 7.66564e-6 -7.95722e-6 0 0 0 1 39.37007 0 0 -26.5 -5.30481e-6 7.66564e-6 39.37008 -44.50001 0 -39.37008 7.66564e-6 -7.95722e-6 0 0 0 1 36.99577 5.19517e-7 13.46534 -22.48177 -13.46535 -4.20554e-6 36.99578 -41.30158 1.92656e-6 -39.37008 -3.77423e-6 4.85424e-6 0 0 0 1 39.37008 0 0 4 4.24385e-5 7.66564e-6 39.37008 -44.5 0 -39.37008 7.66564e-6 -7.95722e-6 0 0 0 1 39.37008 0 9.53674e-7 10.5 -1.06096e-5 7.66564e-6 39.37008 -44.50001 0 -39.37008 7.66564e-6 -7.95722e-6 0 0 0 1 39.37008 0 0 17 0 7.66564e-6 39.37008 -44.5 0 -39.37008 7.66564e-6 -7.95722e-6 0 0 0 1 39.37007 0 0 26.5 5.30481e-6 7.66564e-6 39.37008 -44.50001 0 -39.37008 7.66564e-6 -7.95722e-6 0 0 0 1 36.99579 3.2571e-6 -13.46535 22.48178 13.46533 -5.48427e-6 36.99578 -41.30158 1.18495e-6 -39.37008 -6.26753e-6 8.3523e-6 0 0 0 1 39.37008 0 0 -10 7.15256e-6 7.66564e-6 39.37008 -30 0 -39.37008 7.689e-6 -0.5000054 0 0 0 1 39.37008 0 0 10 -7.15256e-6 7.66564e-6 39.37008 -30 0 -39.37008 7.689e-6 -0.5000054 0 0 0 1</float_array>
          <technique_common>
            <accessor source="#Armature_GNN_avt-skin-bind_poses-array" count="26" stride="16">
              <param name="TRANSFORM" type="float4x4"/>
            </accessor>
          </technique_common>
        </source>
        <source id="Armature_GNN_avt-skin-weights">
          <float_array id="Armature_GNN_avt-skin-weights-array" count="4111">0.9019608 0.0980392 0.9019608 0.0980392 0.9019608 0.0980392 0.9019608 0.0980392 0.5019608 0.4980393 0.9019608 0.0980392 0.5019608 0.4980393 0.9019608 0.0980392 0.5019608 0.4980393 0.9019608 0.0980392 0.5019608 0.4980393 0.9019608 0.0980392 0.5019608 0.4980393 0.5019608 0.4980393 0.9019608 0.0980392 0.9019608 0.0980392 0.5019608 0.4980393 0.9019608 0.0980392 0.5019608 0.4980393 0.9019608 0.0980392 0.5019608 0.4980393 0.9019608 0.0980392 0.5019608 0.4980393 0.9019608 0.0980392 0.5019608 0.4980393 0.9019608 0.0980392 0.5019608 0.4980393 0.9019608 0.0980392 0.5019608 0.4980393 0.9019608 0.0980392 0.5019608 0.4980393 0.9019608 0.0980392 0.9019608 0.0980392 0.5019608 0.4980393 0.9019608 0.0980392 0.5019608 0.4980393 0.9019608 0.0980392 0.5019608 0.4980393 0.9019608 0.0980392 0.5019608 0.4980393 1 1 1 1 1 1 1 1 1 1 1 1 1 1 1 1 0.4470589 0.5529412 0.4 0.6 0.5019608 0.4980393 0.3490196 0.6509804 0.6 0.4 0.6509804 0.3490196 0.2980392 0.7019608 0.2980392 0.6039216 0.0980392 0.2980392 0.6039216 0.0980392 0.5529412 0.4470589 0.8 0.2 0.8 0.2 0.2980392 0.5019608 0.2 0.8509804 0.1490196 0.5019608 0.4980393 0.2980392 0.7019608 0.8 0.2 0.4 0.4 0.2 0.5019608 0.4980393 0.04705882 0.9529412 0.7529412 0.2470588 0.7529412 0.2470588 0.5019608 0.4980393 0.4 0.4 0.2 0.7529412 0.2470588 0.5019608 0.4980393 0.4 0.4 0.2 0.4 0.4 0.2 0.8 0.2 0.8 0.2 0.8509804 0.1490196 0.8 0.2 0.8 0.2 0.8 0.2 0.9019608 0.0980392 0.9019608 0.0980392 0.9019608 0.0980392 0.9019608 0.0980392 0.8509804 0.1490196 0.8 0.2 0.9019608 0.0980392 0.9019608 0.0980392 0.8509804 0.1490196 0.8 0.2 0.9019608 0.0980392 0.9019608 0.0980392 0.9019608 0.0980392 0.9019608 0.0980392 0.9019608 0.0980392 0.9019608 0.0980392 0.8 0.2 0.9019608 0.0980392 0.9019608 0.0980392 0.8 0.2 0.8 0.2 0.9019608 0.0980392 0.9019608 0.0980392 0.4 0.4 0.2 0.9019608 0.0980392 0.9019608 0.0980392 0.9019608 0.0980392 0.9019608 0.0980392 0.8 0.2 0.8 0.2 0.8 0.2 0.4 0.4 0.2 0.8 0.2 0.4 0.4 0.2 0.8 0.2 0.6509804 0.3490196 0.4 0.4 0.2 0.4 0.4 0.2 0.8 0.2 0.6509804 0.3490196 0.8 0.2 0.4 0.4 0.2 0.6509804 0.3490196 0.4 0.6 0.4 0.6 0.4 0.6 0.7019608 0.2980392 0.5019608 0.4980393 0.7529412 0.2470588 0.5019608 0.4980393 0.4 0.6 0.2980392 0.7019608 0.1490196 0.8509804 0.4 0.4 0.2 0.6509804 0.3490196 0.4 0.6 0.4 0.6 0.6509804 0.3490196 0.6509804 0.3490196 0.4 0.6 0.4 0.4 0.2 0.7019608 0.2980392 0.5019608 0.4980393 0.4 0.4 0.2 0.8 0.2 0.8 0.2 0.8 0.2 0.8 0.2 0.9019608 0.0980392 0.9019608 0.0980392 0.9019608 0.0980392 0.9019608 0.0980392 0.9019608 0.0980392 0.8 0.2 0.9019608 0.0980392 0.9019608 0.0980392 0.8 0.2 0.9019608 0.0980392 0.9019608 0.0980392 0.9019608 0.0980392 0.9019608 0.0980392 0.8 0.2 0.9019608 0.0980392 0.9019608 0.0980392 0.8 0.2 0.8509804 0.1490196 0.8 0.2 0.9019608 0.0980392 0.9019608 0.0980392 0.9019608 0.0980392 0.8509804 0.1490196 0.8 0.2 0.9019608 0.0980392 0.9019608 0.0980392 0.9019608 0.0980392 0.9019608 0.0980392 0.8509804 0.1490196 0.8509804 0.1490196 0.8 0.2 0.8 0.2 0.8 0.2 0.8 0.2 0.8 0.2 0.8 0.2 0.2980392 0.6039216 0.0980392 0.2980392 0.6039216 0.0980392 0.6509804 0.3490196 0.2980392 0.5019608 0.2 0.6 0.4 0.5019608 0.4980393 0.4470589 0.5529412 0.4 0.6 0.3490196 0.6509804 0.2980392 0.7019608 0.5529412 0.4470589 0.5019608 0.4980393 0.2980392 0.7019608 0.4 0.4 0.2 0.5019608 0.4980393 0.04705882 0.9529412 0.7529412 0.2470588 0.4 0.4 0.2 0.7529412 0.2470588 0.5019608 0.4980393 0.4 0.4 0.2 0.4 0.4 0.2 0.7529412 0.2470588 0.5019608 0.4980393 0.4 0.4 0.2 0.7529412 0.2470588 0.5019608 0.4980393 0.2980392 0.7019608 0.4 0.6 0.1490196 0.8509804 0.4470589 0.5529412 0.04705882 0.9529412 0.5019608 0.4980393 0.4470589 0.5529412 0.1490196 0.8509804 0.4470589 0.5529412 0.2980392 0.7019608 0.2 0.8 0.4470589 0.5529412 0.2980392 0.7019608 0.2980392 0.7019608 0.2980392 0.7019608 0.3490196 0.6509804 0.3490196 0.6509804 0.4 0.6 0.4 0.6 0.4470589 0.5529412 0.4470589 0.5529412 0.4 0.6 0.4470589 0.5529412 0.4 0.6 0.2470588 0.7529412 0.2470588 0.7529412 0.1490196 0.8509804 0.1490196 0.8509804 0.04705882 0.9529412 0.04705882 0.9529412 1 1 1 1 1 1 1 0.8 0.2 1 1 1 0.1490196 0.8509804 0.1490196 0.8509804 0.2470588 0.7529412 0.04705882 0.9529412 0.2470588 0.7529412 1 0.4 0.6 0.4 0.6 0.4470589 0.5529412 0.4470589 0.5529412 0.4 0.6 0.4470589 0.5529412 0.4 0.6 0.3490196 0.6509804 0.3490196 0.6509804 0.2980392 0.7019608 0.2980392 0.7019608 0.2980392 0.7019608 0.2980392 0.7019608 0.1490196 0.8509804 0.2 0.8 0.04705882 0.9529412 0.4470589 0.5529412 0.4470589 0.5529412 0.4470589 0.5529412 0.4470589 0.5529412 0.5019608 0.4980393 1 1 1 1 1 1 1 1 1 0.8 0.2 0.9019608 0.0980392 0.7019608 0.2980392 1 0.8 0.2 0.6 0.4 0.5529412 0.4470589 1 0.8 0.2 0.4470589 0.5529412 0.9529412 0.04705882 0.04705882 0.9529412 0.04705882 0.9529412 0.04705882 0.9529412 0.1490196 0.8509804 0.1490196 0.8509804 0.2470588 0.7529412 0.04705882 0.9529412 0.2 0.8 0.2980392 0.7019608 0.4 0.6 0.4 0.6 0.2980392 0.7019608 0.3490196 0.6509804 0.2980392 0.7019608 0.2 0.8 0.1490196 0.8509804 0.8 0.2 0.0980392 0.9019608 0.2980392 0.7019608 0.4470589 0.5529412 0.2 0.8 0.1490196 0.8509804 0.1490196 0.8509804 0.0980392 0.854902 0.04705882 0.0980392 0.9019608 0.3490196 0.2470588 0.4039216 0.4039216 0.2470588 0.3490196 0.2470588 0.2 0.5529412 0.2470588 0.2 0.5529412 0.0980392 0.1490196 0.7529412 0.3490196 0.2470588 0.4039216 0.0980392 0.1490196 0.7529412 0.2470588 0.2 0.5529412 0.1490196 0.8509804 0.1490196 0.8509804 0.1490196 0.8509804 0.0980392 0.1490196 0.7529412 0.1490196 0.8509804 0.1490196 0.8509804 0.1490196 0.8509804 0.2470588 0.2 0.5529412 0.1490196 0.8509804 0.0980392 0.1490196 0.7529412 0.4039216 0.2470588 0.3490196 0.1490196 0.2980392 0.5529412 0.6039216 0.0980392 0.2980392 0.0980392 0.854902 0.04705882 0.0980392 0.9019608 0.4549019 0.2980392 0.2470588 0.2470588 0.3490196 0.4039216 0.1490196 0.8039216 0.04705882 0.1490196 0.8509804 0.6039216 0.2980392 0.0980392 0.2 0.4 0.4 0.4 0.4 0.2 0.5019608 0.4 0.0980392 0.1490196 0.8039216 0.04705882 0.1490196 0.8509804 0.3490196 0.4509804 0.2 0.8039216 0.1490196 0.04705882 0.8509804 0.1490196 0.9529412 0.04705882 0.7529412 0.2470588 0.8509804 0.1490196 0.9529412 0.04705882 0.8 0.2 0.7529412 0.2470588 0.8 0.2 0.8 0.2 0.7019608 0.2980392 0.4 0.5019608 0.0980392 0.6 0.4 0.4 0.5019608 0.0980392 0.3490196 0.4509804 0.2 0.8 0.2 0.4 0.5019608 0.0980392 0.6 0.4 0.8509804 0.1490196 0.8509804 0.1490196 1 1 0.6509804 0.3490196 0.4 0.5019608 0.0980392 0.7529412 0.2470588 0.7529412 0.2 0.04705882 0.8 0.2 0.7019608 0.2980392 0.4 0.5019608 0.0980392 0.654902 0.2980392 0.04705882 0.6 0.4 0.5529412 0.4 0.04705882 0.5529412 0.4470589 0.3490196 0.4039216 0.2470588 0.5058824 0.4470588 0.04705882 0.4470588 0.5058824 0.04705882 0.4470589 0.5529412 0.3490196 0.4039216 0.2470588 0.2470588 0.454902 0.2980392 0.4470588 0.5058824 0.04705882 0.2980392 0.4549019 0.2470588 0.4470588 0.5058824 0.04705882 0.4470589 0.5529412 0.4470589 0.5529412 0.4 0.4 0.2 0.3490196 0.4509804 0.2 0.2470588 0.3490196 0.4039216 0.2980392 0.3529412 0.3490196 0.2980392 0.4039216 0.2980392 0.3490196 0.4509804 0.2 0.4470589 0.5529412 0.2470588 0.3490196 0.4039216 0.4470589 0.5529412 0.2980392 0.4549019 0.2470588 0.2470588 0.3490196 0.4039216 0.2470588 0.3490196 0.4039216 0.0980392 0.1490196 0.7529412 0.2 0.3490196 0.4509804 0.0980392 0.1490196 0.7529412 0.04705882 0.1490196 0.8039216 0.0980392 0.1490196 0.7529412 0.04705882 0.1490196 0.8039216 0.1490196 0.8509804 0.1490196 0.8509804 0.04705882 0.1490196 0.8039216 0.0980392 0.1490196 0.7529412 0.1490196 0.8509804 0.04705882 0.1490196 0.8039216 0.0980392 0.1490196 0.7529412 0.04705882 0.1490196 0.8039216 0.2 0.3490196 0.4509804 0.0980392 0.1490196 0.7529412 0.1490196 0.2980392 0.5529412 0.2 0.4 0.4 0.2 0.4 0.4 0.0980392 0.1490196 0.7529412 0.1490196 0.2980392 0.5529412 0.2470588 0.3490196 0.4039216 0.3490196 0.4509804 0.2 0.1490196 0.2980392 0.5529412 0.2470588 0.3490196 0.4039216 0.2 0.4 0.4 0.1490196 0.2980392 0.5529412 0.1490196 0.2980392 0.5529412 0.0980392 0.1490196 0.7529412 0.0980392 0.1490196 0.7529412 0.0980392 0.1490196 0.7529412 0.0980392 0.1490196 0.7529412 0.1490196 0.8509804 0.1490196 0.8509804 0.1490196 0.8509804 0.1490196 0.8509804 0.1490196 0.8509804 0.1490196 0.8509804 0.1490196 0.8509804 0.1490196 0.8509804 0.1490196 0.8509804 0.1490196 0.8509804 0.4 0.6 0.0980392 0.9019608 0.1490196 0.8509804 0.0980392 0.9019608 0.3490196 0.6509804 0.5019608 0.4980393 0.2 0.8 0.1490196 0.8509804 0.1490196 0.8509804 0.5019608 0.4980393 0.4 0.6 0.4 0.6 0.2980392 0.7019608 1 0.8509804 0.1490196 0.0980392 0.9019608 0.2470588 0.7529412 0.4 0.6 0.4 0.6 0.4 0.6 0.4 0.6 0.2470588 0.7529412 0.0980392 0.9019608 0.0980392 0.9019608 1 1 0.9529412 0.04705882 0.9529412 0.04705882 0.9019608 0.0980392 0.9529412 0.04705882 0.9019608 0.0980392 0.9019608 0.0980392 0.9019608 0.0980392 0.9529412 0.04705882 0.9529412 0.04705882 0.9529412 0.04705882 0.9529412 0.04705882 1 1 1 1 1 1 0.9019608 0.0980392 1 0.9019608 0.0980392 0.5019608 0.4980393 0.9019608 0.0980392 0.8509804 0.1490196 0.8 0.2 0.5019608 0.4980393 0.7529412 0.2470588 0.7529412 0.2470588 0.7019608 0.2980392 0.5019608 0.4980393 0.5019608 0.4980393 0.7529412 0.2470588 0.7529412 0.2470588 1 1 1 1 0.9019608 0.0980392 0.9019608 0.0980392 0.9019608 0.0980392 0.9529412 0.04705882 0.8509804 0.1490196 0.5019608 0.4980393 0.9529412 0.04705882 0.8509804 0.1490196 0.5019608 0.4980393 0.8509804 0.1490196 0.8509804 0.1490196 0.8 0.2 0.7019608 0.2980392 0.8 0.2 0.5019608 0.4980393 0.7529412 0.2470588 0.7529412 0.2470588 1 0.7529412 0.2470588 1 1 1 0.1490196 0.8509804 0.0980392 0.854902 0.04705882 0.1490196 0.8509804 0.0980392 0.9019608 0.3490196 0.2470588 0.4039216 0.4039216 0.2470588 0.3490196 0.2470588 0.2 0.5529412 0.2470588 0.2 0.5529412 0.0980392 0.1490196 0.7529412 0.3490196 0.2470588 0.4039216 0.0980392 0.1490196 0.7529412 0.2470588 0.2 0.5529412 0.0980392 0.1490196 0.7529412 0.1490196 0.8509804 0.1490196 0.8509804 0.1490196 0.8509804 0.1490196 0.8509804 0.1490196 0.8509804 0.1490196 0.8509804 0.2470588 0.2 0.5529412 0.1490196 0.8509804 0.4039216 0.2470588 0.3490196 0.0980392 0.1490196 0.7529412 0.6039216 0.0980392 0.2980392 0.1490196 0.2980392 0.5529412 0.0980392 0.854902 0.04705882 0.0980392 0.9019608 0.4549019 0.2980392 0.2470588 0.1490196 0.8039216 0.04705882 0.1490196 0.8509804 0.6039216 0.2980392 0.0980392 0.2470588 0.3490196 0.4039216 0.4 0.4 0.2 0.2 0.4 0.4 0.5019608 0.4 0.0980392 0.3490196 0.4509804 0.2 0.1490196 0.8039216 0.04705882 0.1490196 0.8509804 0.8039216 0.1490196 0.04705882 0.8509804 0.1490196 0.9529412 0.04705882 0.7529412 0.2470588 0.9529412 0.04705882 0.8509804 0.1490196 0.8 0.2 0.7529412 0.2470588 0.8 0.2 0.8 0.2 0.7019608 0.2980392 0.4 0.5019608 0.0980392 0.6 0.4 0.4 0.5019608 0.0980392 0.3490196 0.4509804 0.2 0.8 0.2 0.4 0.5019608 0.0980392 0.6 0.4 0.8509804 0.1490196 0.8509804 0.1490196 1 1 0.6509804 0.3490196 0.4 0.5019608 0.0980392 0.7529412 0.2470588 0.7529412 0.2 0.04705882 0.8 0.2 0.7019608 0.2980392 0.4 0.5019608 0.0980392 0.654902 0.2980392 0.04705882 0.6 0.4 0.5529412 0.4 0.04705882 0.5529412 0.4470589 0.3490196 0.4039216 0.2470588 0.5058824 0.4470588 0.04705882 0.4470588 0.5058824 0.04705882 0.4470589 0.5529412 0.3490196 0.4039216 0.2470588 0.2470588 0.454902 0.2980392 0.4470588 0.5058824 0.04705882 0.2980392 0.4549019 0.2470588 0.4470588 0.5058824 0.04705882 0.4470589 0.5529412 0.4470589 0.5529412 0.4 0.4 0.2 0.3490196 0.4509804 0.2 0.2470588 0.3490196 0.4039216 0.2980392 0.3529412 0.3490196 0.2980392 0.4039216 0.2980392 0.3490196 0.4509804 0.2 0.4470589 0.5529412 0.2470588 0.3490196 0.4039216 0.2980392 0.4549019 0.2470588 0.4470589 0.5529412 0.2470588 0.3490196 0.4039216 0.2470588 0.3490196 0.4039216 0.0980392 0.1490196 0.7529412 0.0980392 0.1490196 0.7529412 0.04705882 0.1490196 0.8039216 0.0980392 0.1490196 0.7529412 0.04705882 0.1490196 0.8039216 0.1490196 0.8509804 0.2 0.3490196 0.4509804 0.1490196 0.8509804 0.04705882 0.1490196 0.8039216 0.1490196 0.8509804 0.0980392 0.1490196 0.7529412 0.04705882 0.1490196 0.8039216 0.2 0.3490196 0.4509804 0.0980392 0.1490196 0.7529412 0.04705882 0.1490196 0.8039216 0.0980392 0.1490196 0.7529412 0.1490196 0.2980392 0.5529412 0.2 0.4 0.4 0.2 0.4 0.4 0.0980392 0.1490196 0.7529412 0.1490196 0.2980392 0.5529412 0.2470588 0.3490196 0.4039216 0.3490196 0.4509804 0.2 0.1490196 0.2980392 0.5529412 0.2470588 0.3490196 0.4039216 0.2 0.4 0.4 0.1490196 0.2980392 0.5529412 0.1490196 0.2980392 0.5529412 0.0980392 0.1490196 0.7529412 0.0980392 0.1490196 0.7529412 0.0980392 0.1490196 0.7529412 0.0980392 0.1490196 0.7529412 0.1490196 0.8509804 0.1490196 0.8509804 0.1490196 0.8509804 0.1490196 0.8509804 0.1490196 0.8509804 0.1490196 0.8509804 0.1490196 0.8509804 0.1490196 0.8509804 0.1490196 0.8509804 0.1490196 0.8509804 0.4 0.6 0.1490196 0.8509804 0.0980392 0.9019608 0.0980392 0.9019608 0.3490196 0.6509804 0.5019608 0.4980393 0.2 0.8 0.1490196 0.8509804 0.1490196 0.8509804 0.5019608 0.4980393 0.4 0.6 0.4 0.6 0.2980392 0.7019608 1 0.8509804 0.1490196 0.0980392 0.9019608 0.2470588 0.7529412 0.4 0.6 0.4 0.6 0.4 0.6 0.4 0.6 0.2470588 0.7529412 0.0980392 0.9019608 0.0980392 0.9019608 1 1 0.9529412 0.04705882 0.9529412 0.04705882 0.9019608 0.0980392 0.9529412 0.04705882 0.9019608 0.0980392 0.9019608 0.0980392 0.9019608 0.0980392 0.9529412 0.04705882 0.9529412 0.04705882 0.9529412 0.04705882 0.9529412 0.04705882 1 1 1 1 1 1 0.9019608 0.0980392 1 0.9019608 0.0980392 0.5019608 0.4980393 0.9019608 0.0980392 0.8509804 0.1490196 0.5019608 0.4980393 0.7529412 0.2470588 0.8 0.2 0.7529412 0.2470588 1 0.5019608 0.4980393 0.7529412 0.2470588 0.7019608 0.2980392 0.5019608 0.4980393 0.7529412 0.2470588 1 1 1 0.9019608 0.0980392 0.9019608 0.0980392 0.9019608 0.0980392 0.9529412 0.04705882 0.8509804 0.1490196 0.5019608 0.4980393 0.9529412 0.04705882 0.8509804 0.1490196 0.5019608 0.4980393 0.8509804 0.1490196 0.8509804 0.1490196 0.8 0.2 0.8 0.2 0.7019608 0.2980392 0.5019608 0.4980393 0.7529412 0.2470588 0.7529412 0.2470588 1 0.7529412 0.2470588 1 1 1 1 1 1 1 1 1 1 1 1 1 1 1 1 1 1 1 1 1 1 1 1 1 1 1 1 1 1 1 1 1 1 1 1 1 1 1 1 1 1 1 1 1 1 1 1 1 1 1 1 1 1 1 1 1 1 1 1 1 1 1 1 1 1 1 1 1 1 1 1 1 1 1 1 1 1 1 1 1 1 1 1 1 1 1 1 1 1 1 1 1 1 1 1 1 1 1 1 1 1 1 1 1 1 1 1 1 1 1 1 1 1 1 1 1 1 1 1 1 1 1 1 1 1 1 1 1 1 1 1 1 1 1 1 1 1 1 1 1 1 1 1 1 1 1 1 1 1 1 1 1 1 1 1 1 1 1 1 1 1 1 1 1 1 1 1 1 1 1 1 1 1 1 1 1 1 1 1 1 1 1 1 1 1 1 1 1 1 0.2470588 0.7529412 1 0.2470588 0.7529412 0.7019608 0.2980392 0.2470588 0.7529412 0.7529412 0.2470588 0.2470588 0.7529412 0.8 0.2 0.8 0.2 0.02352941 0.9019608 0.07450979 0.6509804 0.3490196 0.02352941 0.9019608 0.07450979 0.04705882 0.9529412 0.8 0.2 0.02352941 0.9019608 0.07450979 0.07450979 0.9254902 0.0980392 0.9019608 0.04705882 0.9529412 0.0980392 0.9019608 0.07450979 0.9254902 0.0980392 0.9019608 0.0980392 0.9019608 0.04705882 0.9529412 0.07450979 0.9254902 0.02352941 0.9019608 0.07450979 0.04705882 0.9529412 0.8 0.2 0.02352941 0.9019608 0.07450979 0.04705882 0.9529412 0.7019608 0.2980392 0.2470588 0.7529412 0.2470588 0.7529412 0.8 0.2 0.7529412 0.2470588 1 1 0.2470588 0.7529412 1 0.2470588 0.7529412 1 0.7529412 0.2470588 0.8 0.2 0.2470588 0.7529412 1 0.7529412 0.2470588 0.2470588 0.7529412 1 0.2470588 0.7529412 0.7529412 0.2470588 0.7529412 0.2470588 0.8 0.2 0.8 0.2 0.02352941 0.9019608 0.07450979 0.8 0.2 0.02352941 0.9019608 0.07450979 0.02352941 0.9019608 0.07450979 0.02352941 0.9019608 0.07450979 0.04705882 0.9529412 0.04705882 0.9529412 0.04705882 0.9529412 0.04705882 0.9529412 0.0980392 0.9019608 0.04705882 0.9529412 0.04705882 0.9529412 0.04705882 0.9529412 1 0.2470588 0.7529412 1 0.2470588 0.7529412 0.7019608 0.2980392 0.2470588 0.7529412 0.7529412 0.2470588 0.2470588 0.7529412 0.8 0.2 0.8 0.2 0.02352941 0.9019608 0.07450979 0.6509804 0.3490196 0.02352941 0.9019608 0.07450979 0.04705882 0.9529412 0.8 0.2 0.02352941 0.9019608 0.07450979 0.07450979 0.9254902 0.0980392 0.9019608 0.04705882 0.9529412 0.0980392 0.9019608 0.07450979 0.9254902 0.0980392 0.9019608 0.0980392 0.9019608 0.04705882 0.9529412 0.07450979 0.9254902 0.02352941 0.9019608 0.07450979 0.04705882 0.9529412 0.8 0.2 0.02352941 0.9019608 0.07450979 0.04705882 0.9529412 0.7019608 0.2980392 0.2470588 0.7529412 0.2470588 0.7529412 0.8 0.2 0.7529412 0.2470588 1 1 0.02352941 0.9019608 0.07450979 0.2470588 0.7529412 1 0.8 0.2 0.7529412 0.2470588 0.2470588 0.7529412 1 0.8 0.2 0.2470588 0.7529412 1 0.7529412 0.2470588 0.2470588 0.7529412 1 0.2470588 0.7529412 0.7529412 0.2470588 0.7529412 0.2470588 0.8 0.2 0.8 0.2 0.02352941 0.9019608 0.07450979 0.02352941 0.9019608 0.07450979 0.02352941 0.9019608 0.07450979 0.04705882 0.9529412 0.04705882 0.9529412 0.04705882 0.9529412 0.04705882 0.9529412 0.04705882 0.9529412 0.0980392 0.9019608 0.04705882 0.9529412 0.04705882 0.9529412 0.5019608 0.4980393 0.5019608 0.4980393 0.5019608 0.4980393 0.04705882 0.9529412 0.04705882 0.9529412 0.04705882 0.9529412 0.2980392 0.7019608 0.5019608 0.4980393 0.2980392 0.7019608 0.5019608 0.4980393 0.5019608 0.4980393 0.5019608 0.4980393 0.5019608 0.4980393 0.2980392 0.7019608 0.2980392 0.7019608 0.2980392 0.7019608 0.1490196 0.8509804 0.1490196 0.8509804 0.5019608 0.4980393 0.5019608 0.4980393 0.5019608 0.4980393 0.04705882 0.9529412 0.04705882 0.9529412 0.04705882 0.9529412 0.5019608 0.4980393 0.2980392 0.7019608 0.2980392 0.7019608 0.5019608 0.4980393 0.5019608 0.4980393 0.5019608 0.4980393 0.5019608 0.4980393 0.2980392 0.7019608 0.2980392 0.7019608 0.2980392 0.7019608 0.1490196 0.8509804 0.1490196 0.8509804 0.5019608 0.4980393 0.2470588 0.7529412 0.2470588 0.7529412 0.2470588 0.7529412 0.2470588 0.7529412 0.9019608 0.0980392 0.7529412 0.2470588 0.2470588 0.7529412 0.7529412 0.2470588 0.7529412 0.2470588 0.7529412 0.2470588 0.5019608 0.4980393 0.2470588 0.7529412 0.7529412 0.2470588 0.2470588 0.7529412 0.7529412 0.2470588 0.5019608 0.4980393 0.2470588 0.7529412 0.7529412 0.2470588 0.7529412 0.2470588 0.5019608 0.4980393 0.5019608 0.4980393 0.5019608 0.4980393 0.2470588 0.7529412 0.2470588 0.7529412 0.2470588 0.7529412 0.2470588 0.7529412 1 1 1 1 1 1 1 1 1 1 0.9764706 0.02352941 1 1 1 0.9764706 0.02352941 0.7843137 0.2156863 1 1 0.9490196 0.05098038 0.7843137 0.2156863 0.7529412 0.2470588 0.7529412 0.2470588 0.9764706 0.02352941 0.9764706 0.02352941 0.5647059 0.4352942 0.5019608 0.4980393 0.7843137 0.2156863 0.7843137 0.2156863 0.7529412 0.2470588 0.7529412 0.2470588 0.9058824 0.04705882 0.04705882 0.8509804 0.1490196 0.9058824 0.04705882 0.04705882 0.8509804 0.1490196 0.9019608 0.0980392 0.9058824 0.04705882 0.04705882 0.9019608 0.0980392 0.7529412 0.2470588 0.9019608 0.0980392 0.4 0.6 1 1 0.9019608 0.0980392 0.04705882 0.9529412 1 1 0.9019608 0.0980392 0.9019608 0.0980392 0.9019608 0.0980392 1 0.9019608 0.0980392 0.9529412 0.04705882 0.04705882 0.9529412 0.9529412 0.04705882 0.9019608 0.0980392 0.9019608 0.0980392 0.9019608 0.0980392 0.9529412 0.04705882 0.9019608 0.0980392 0.7529412 0.2470588 1 0.9019608 0.0980392 0.5019608 0.4980393 0.2470588 0.7529412 1 0.9019608 0.0980392 0.04705882 0.9529412 0.04705882 0.9529412 0.2470588 0.7529412 0.04705882 0.9529412 0.2470588 0.7529412 0.04705882 0.9529412 0.7529412 0.2470588 0.5019608 0.4980393 0.2470588 0.7529412 0.04705882 0.9529412 0.7529412 0.2470588 0.2470588 0.7529412 0.04705882 0.9529412 0.5019608 0.4980393 0.0980392 0.9019608 0.04705882 0.9529412 0.7529412 0.2470588 0.8 0.2 0.0980392 0.9019608 0.04705882 0.9529412 0.8 0.2 0.0980392 0.9019608 0.04705882 0.9529412 0.2470588 0.7529412 0.8 0.2 0.7529412 0.2470588 0.9019608 0.0980392 0.9019608 0.0980392 0.8509804 0.1490196 0.9019608 0.0980392 0.9019608 0.0980392 0.5019608 0.4980393 0.7529412 0.2470588 0.9058824 0.04705882 0.04705882 0.9058824 0.04705882 0.04705882 0.9019608 0.0980392 0.9058824 0.04705882 0.04705882 1 1 1 1 0.7529412 0.2470588 0.9019608 0.0980392 0.2470588 0.7529412 0.04705882 0.9529412 0.9019608 0.0980392 0.9019608 0.0980392 1 1 0.9019608 0.0980392 1 1 1 0.9019608 0.0980392 1 0.9019608 0.0980392 0.9058824 0.04705882 0.04705882 0.9058824 0.04705882 0.04705882 0.9529412 0.04705882 0.9019608 0.0980392 0.7529412 0.2470588 0.9058824 0.04705882 0.04705882 0.8509804 0.1490196 0.9529412 0.04705882 0.9019608 0.0980392 0.9019608 0.0980392 0.9019608 0.0980392 0.9019608 0.0980392 0.5019608 0.4980393 0.8 0.2 0.7529412 0.2470588 0.2470588 0.7529412 0.9019608 0.0980392 0.0980392 0.9019608 0.04705882 0.9529412 0.04705882 0.9529412 0.8 0.2 0.0980392 0.9019608 0.04705882 0.9529412 0.0980392 0.9019608 0.04705882 0.9529412 0.9019608 0.0980392 0.8 0.2 0.2470588 0.7529412 0.04705882 0.9529412 0.9019608 0.0980392 0.2470588 0.7529412 0.04705882 0.9529412 0.7529412 0.2470588 0.5019608 0.4980393 0.2470588 0.7529412 0.04705882 0.9529412 0.5019608 0.4980393 0.7529412 0.2470588 0.2470588 0.7529412 0.04705882 0.9529412 0.5019608 0.4980393 0.2470588 0.7529412 0.04705882 0.9529412 0.7529412 0.2470588 0.7529412 0.2470588 0.7529412 0.2470588 0.9019608 0.0980392 0.9019608 0.0980392 0.9019608 0.0980392 0.9019608 0.0980392 0.04705882 0.9529412 0.04705882 0.9529412 0.04705882 0.9529412 0.4 0.6 0.2470588 0.7529412 0.7529412 0.2470588 0.9019608 0.0980392 0.9529412 0.04705882 0.9019608 0.0980392 1 0.9019608 0.0980392 0.9019608 0.0980392 1 0.9019608 0.0980392 1 1 0.9019608 0.0980392 1 0.9058824 0.04705882 0.04705882 0.8509804 0.1490196 0.9058824 0.04705882 0.04705882 0.8509804 0.1490196 0.9058824 0.04705882 0.04705882 0.2470588 0.7529412 0.2470588 0.7529412 0.5019608 0.4980393 0.2470588 0.7529412 0.5019608 0.4980393 0.2470588 0.7529412 0.2470588 0.7529412 0.5019608 0.4980393 0.7529412 0.2470588 0.7529412 0.2470588 0.7529412 0.2470588 0.2470588 0.7529412 0.5019608 0.4980393 0.2470588 0.7529412 0.7529412 0.2470588 0.7529412 0.2470588 0.7529412 0.2470588 0.5019608 0.4980393 0.5019608 0.4980393 0.2470588 0.7529412 0.5019608 0.4980393 0.2470588 0.7529412 0.5019608 0.4980393 0.5019608 0.4980393 0.2470588 0.7529412 0.2470588 0.7529412 0.2470588 0.7529412 1 0.7529412 0.2470588 1 0.7529412 0.2470588 0.2470588 0.7529412 1 0.7529412 0.2470588 1 0.2470588 0.7529412 0.2470588 0.7529412 1 1 1 1 1 0.9764706 0.02352941 0.9764706 0.02352941 0.7843137 0.2156863 0.9764706 0.02352941 0.9764706 0.02352941 0.9764706 0.02352941 0.7843137 0.2156863 0.7529412 0.2470588 0.7529412 0.2470588 0.7843137 0.2156863 0.7529412 0.2470588 0.7843137 0.2156863 0.7529412 0.2470588 0.7843137 0.2156863 0.7529412 0.2470588 0.7529412 0.2470588 0.7529412 0.2470588 1 1 0.5019608 0.4980393 1 1 0.7529412 0.2470588 1 1 0.7529412 0.2470588 1 1 1 1 1 1 1 1 0.7529412 0.2470588 0.7529412 0.2470588 0.7843137 0.2156863 0.7843137 0.2156863 0.5019608 0.4980393 0.9764706 0.02352941 0.5647059 0.4352942 0.7529412 0.2470588 0.9764706 0.02352941 1 0.9490196 0.05098038 0.7843137 0.2156863 0.7529412 0.2470588 0.7843137 0.2156863 1 1 0.9764706 0.02352941 0.9764706 0.02352941 1 1 1 1 1 1 1 0.2470588 0.7529412 1 1 1 1 1 0.2470588 0.7529412 0.2470588 0.7529412 0.2470588 0.7529412 0.2470588 0.7529412 0.5019608 0.4980393 0.5019608 0.4980393 0.7529412 0.2470588 0.5019608 0.4980393 0.7529412 0.2470588 0.2470588 0.7529412 0.5019608 0.4980393 0.5019608 0.4980393 0.7529412 0.2470588 0.2470588 0.7529412 0.7529412 0.2470588 0.7529412 0.2470588 0.7529412 0.2470588 0.7529412 0.2470588 0.2470588 0.7529412 0.7529412 0.2470588 0.9019608 0.0980392 0.2470588 0.7529412 0.2470588 0.7529412 0.2470588 0.7529412 0.2470588 0.7529412 0.5019608 0.4980393 0.5019608 0.4980393 0.2470588 0.7529412 0.2470588 0.7529412 0.2470588 0.7529412 0.2470588 0.7529412 0.5019608 0.4980393 0.7529412 0.2470588 0.7529412 0.2470588 0.2470588 0.7529412 0.5019608 0.4980393 0.7529412 0.2470588 0.5019608 0.4980393 0.5019608 0.4980393 0.5019608 0.4980393 0.2470588 0.7529412 0.2470588 0.7529412 1 0.2470588 0.7529412 0.7529412 0.2470588 1 0.2470588 0.7529412 0.2470588 0.7529412 1 0.7529412 0.2470588 1 0.2470588 0.7529412 0.7529412 0.2470588 0.5019608 0.4980393 0.2470588 0.7529412 1 0.5019608 0.4980393 0.2470588 0.7529412 1 0.7529412 0.2470588 0.7529412 0.2470588 0.2470588 0.7529412 0.2470588 0.7529412 0.5019608 0.4980393 0.7529412 0.2470588 1 1 1 0.9764706 0.02352941 0.9764706 0.02352941 0.7843137 0.2156863 0.9764706 0.02352941 0.9764706 0.02352941 0.9764706 0.02352941 0.7843137 0.2156863 0.7843137 0.2156863 0.7529412 0.2470588 0.7529412 0.2470588 0.7529412 0.2470588 0.7843137 0.2156863 0.7529412 0.2470588 0.7843137 0.2156863 0.7529412 0.2470588 0.7529412 0.2470588 1 0.7529412 0.2470588 1 0.5019608 0.4980393 1 1 0.7529412 0.2470588 1 1 0.7529412 0.2470588 1 1 1 1 1 1 1 1 1 1 1 1 1 1 1 1 1 1 1 1 1 1 1 1 1 1 1 1 1 1 1 1 1 1 1 1 1 1 1 1 1 1 1 1 1 1 1 1 1 1 1 1 1 1 1 1 1 1 1 1 1 1 1 1 1 1 1 1 1 1 1 1 1 1 1 1 1 1 1 1 1 1 1 1 1 1 1 1 1 1 1 1 1 1 1 1 1 1 1 1 1 1 1 1 1 1 1 1 1 1 1 1 1 1 1 1 1 1 1 1 1 1 1 1 1 1 1 1 1 1 1 1 1 1 1 1 1 1 1 1 1 1 1 1 1 1 1 1 1 1 1 1 1 1 1 1 1 1 1 1 1 1 1 1 1 1 1 1 1 1 1 1 1 1 1 1 1 1 1 1 1 1 1 1 1 1 1 1 1 1 1 1 1 1 1 1 1 1 1 1 1 1 1 1 1 1 1 1 1 1 1 1 1 1 1 1 1 1 1 1 1 1 1 1 1 1 1 1 1 1 1 1 1 1 1 1 1 1 1 1 1 1 1 1 1 1 1 1 1 1 1 1 1 1 1 1 1 1 1 1 1 1 1 1 1 1 1 0.8 0.2 0.8 0.2 0.2980392 0.654902 0.04705882 0.2980392 0.654902 0.04705882 0.8 0.2 0.8 0.2 0.2980392 0.6039216 0.0980392 0.2980392 0.6039216 0.0980392 0.6509804 0.3490196 0.6509804 0.3490196 0.7019608 0.2980392 0.7019608 0.2980392 0.5529412 0.4470589 0.5019608 0.4980393 0.5019608 0.4980393 0.4470589 0.5529412 0.5019608 0.4980393 0.5019608 0.4980393 0.4470589 0.5529412 0.4470589 0.5529412 0.5019608 0.4980393 0.4470589 0.5529412 0.5019608 0.4980393 0.5058824 0.2470588 0.2470588 0.2980392 0.4549019 0.2470588 0.4549019 0.2980392 0.2470588 0.5019608 0.4980393 0.5019608 0.4980393 0.1490196 0.8509804 0.0980392 0.854902 0.04705882 0.5019608 0.2 0.2980392 0.4039216 0.2470588 0.3490196 0.3490196 0.4509804 0.2 0.2470588 0.2 0.5529412 0.3490196 0.4039216 0.2470588 0.2 0.3490196 0.4509804 0.3490196 0.4039216 0.2470588 0.2 0.3490196 0.4509804 0.2 0.3490196 0.4509804 0.2470588 0.3490196 0.4039216 0.0980392 0.1490196 0.7529412 0.0980392 0.1490196 0.7529412 0.0980392 0.1490196 0.7529412 0.04705882 0.1490196 0.8039216 0.1490196 0.8509804 0.1490196 0.8509804 0.1490196 0.8509804 0.0980392 0.1490196 0.7529412 0.1490196 0.8509804 0.0980392 0.1490196 0.7529412 0.8 0.2 0.2980392 0.6039216 0.0980392 0.8 0.2 0.2980392 0.6039216 0.0980392 0.6509804 0.3490196 0.2980392 0.654902 0.04705882 0.8 0.2 0.6509804 0.3490196 0.2980392 0.654902 0.04705882 0.8 0.2 0.5529412 0.4470589 0.5019608 0.4980393 0.7019608 0.2980392 0.7019608 0.2980392 0.5019608 0.4980393 0.4470589 0.5529412 0.5019608 0.4980393 0.5019608 0.4980393 0.4470589 0.5529412 0.4470589 0.5529412 0.5019608 0.4980393 0.5019608 0.4980393 0.4470589 0.5529412 0.5058824 0.2470588 0.2470588 0.2980392 0.4549019 0.2470588 0.4549019 0.2980392 0.2470588 0.5019608 0.4980393 0.5019608 0.4980393 0.1490196 0.8509804 0.0980392 0.854902 0.04705882 0.5019608 0.2 0.2980392 0.4039216 0.2470588 0.3490196 0.3490196 0.4509804 0.2 0.2470588 0.2 0.5529412 0.3490196 0.4039216 0.2470588 0.2 0.3490196 0.4509804 0.3490196 0.4039216 0.2470588 0.2 0.3490196 0.4509804 0.2 0.3490196 0.4509804 0.2470588 0.3490196 0.4039216 0.0980392 0.1490196 0.7529412 0.0980392 0.1490196 0.7529412 0.0980392 0.1490196 0.7529412 0.1490196 0.8509804 0.1490196 0.8509804 0.1490196 0.8509804 0.1490196 0.8509804 0.0980392 0.1490196 0.7529412 0.04705882 0.1490196 0.8039216 0.0980392 0.1490196 0.7529412 0.2980392 0.7019608 0.2980392 0.7019608 0.1490196 0.8509804 0.1803922 0.8196079 0.2 0.8 0.04705882 0.9529412 0.04705882 0.9529412 1 0.9019608 0.0980392 0.1372549 0.8509804 0.0117647 0.02745097 0.9019608 0.07058823 0.8 0.2 0.7686275 0.2313725 0.05490195 0.9450981 0.03529411 0.7843137 0.1803922 0.0980392 0.9019608 1 1 1 1 1 1 1 1 1 1 1 1 1 1 1 1 1 1 1 1 1 1 1 1 1 1 1 1 1 1 1 1 1 1 1 1 1 1 1 1 1 1 1 1 1 1 1 1 1 1 1 1 1 1 1 1 1 1 1 1 1 1 1 1 1 1 1 1 1 1 1 1 1 1 1 1 1 1 1 1 1 1 1 1 1 1 1 1 1 1 1 1 1 1 1 1 1 1 1 1 1 1 1 1 1 1 1 1 1 1 1 1 1 1 1 1 1 1 1 1 1 1 1 1 1 1 1 1 1 1 1 1 1 1 1 1 1 1 1 1 1 1 1 1 1 1 1 1 1 1 1 1 0.9019608 0.0980392 0.5019608 0.4980393 0.9019608 0.0980392 0.5019608 0.4980393 0.9019608 0.0980392 0.5019608 0.4980393 1 0.1490196 0.8509804 1 1 1 1 1 1 1 1 1 0.9019608 0.0980392 0.9019608 0.0980392 0.5019608 0.4980393 0.5019608 0.4980393 0.9019608 0.0980392 0.5019608 0.4980393 1 0.1490196 0.8509804 1 1 1 1 1 1 1 1 1 1 0.2470588 0.7529412 1 1 0.2470588 0.7529412 1 1 1 0.2470588 0.7529412 1 0.2470588 0.7529412 1 0.2470588 0.7529412 1 1 0.2470588 0.7529412 1 1 0.2470588 0.7529412 1 1 1 0.2470588 0.7529412 1 0.2470588 0.7529412 1 0.2470588 0.7529412 1 0.9019608 0.0980392 0.9019608 0.0980392 0.5019608 0.4980393 0.5019608 0.4980393 0.5019608 0.4980393 0.9019608 0.0980392 0.9019608 0.0980392 0.0980392 0.9019608 0.1490196 0.8509804 0.0980392 0.9019608 0.5019608 0.4980393 0.9019608 0.0980392 0.1490196 0.8509804 0.5019608 0.4980393 0.9019608 0.0980392 1 1 1 0.0980392 0.9019608 1 1 1 1 1 1 1 0.0980392 0.9019608 1 0.0980392 0.9019608 0.5019608 0.4980393 0.9019608 0.0980392 0.5019608 0.4980393 1 1 1 1 1 1 1 1 1 1 1 1 1 1 1 1 1 1 1 1 1 1 1 1 1 1 1 0.5019608 0.4980393 0.9019608 0.0980392 0.9019608 0.0980392 0.5019608 0.4980393 0.5019608 0.4980393 0.9019608 0.0980392 0.9019608 0.0980392 0.0980392 0.9019608 0.1490196 0.8509804 0.0980392 0.9019608 0.5019608 0.4980393 0.9019608 0.0980392 0.1490196 0.8509804 0.5019608 0.4980393 0.9019608 0.0980392 1 1 1 0.0980392 0.9019608 1 1 0.0980392 0.9019608 1 1 1 1 1 1 1 1 1 1 1 1 1 1 1 1 1 1 1 1 1 1 1 1 1 1 1 1 1 1 1 1 1 0.0980392 0.9019608 0.5019608 0.4980393 0.5019608 0.4980393 0.9019608 0.0980392 1 1 1 1 1 1 1 1 1 1 1 1 1 1 1 1 1 1 1 1 1 1 1 1 1 1 1 1 0.0980392 0.9019608 0.2 0.8 0.4470589 0.5529412 0.4470589 0.5529412 0.2980392 0.7019608 0.03529411 0.7843137 0.1803922 0.2 0.8 0.5529412 0.4470589 0.2980392 0.7019608 0.7686275 0.2313725 0.2980392 0.7019608 0.8 0.2 0.3490196 0.6509804 0.6 0.4 0.4 0.6 0.7019608 0.2980392 0.2980392 0.7019608 0.9019608 0.0980392 0.4 0.6 0.8 0.2 0.2470588 0.7529412 1 0.1490196 0.8509804 1 0.1490196 0.8509804 1 0.04705882 0.9529412 0.04705882 0.9529412 1 1 1 1 1 1 1 1 1 1 1 1 1 1 1 1 1 1 1 1 1 1 1 1 1 1 1 1 1 1 0.7529412 0.2470588 0.7529412 0.2470588 1 0.7529412 0.2470588 1 1 1 0.7529412 0.2470588 1 1 1 1 1 1 1 1 0.7529412 0.2470588 0.7529412 0.2470588 1 1 0.7529412 0.2470588 1 0.7529412 0.2470588 1 1 1 0.7529412 0.2470588 1 1 1 1 1 1 1 1 0.7529412 0.2470588 0.1490196 0.8509804 0.5019608 0.4980393 0.1490196 0.8509804 0.2980392 0.7019608 0.5019608 0.4980393 0.5019608 0.4980393 0.2 0.8 0.5019608 0.4980393 0.5019608 0.4980393 0.1490196 0.8509804 0.2980392 0.7019608 0.0980392 0.9019608 0.04705882 0.9529412 0.04705882 0.9529412 0.5019608 0.4980393 0.04705882 0.9529412 0.2980392 0.7019608 0.1490196 0.8509804 0.1490196 0.8509804 0.5019608 0.4980393 0.2 0.8 0.5019608 0.4980393 0.5019608 0.4980393 0.5019608 0.4980393 0.1490196 0.8509804 0.2980392 0.7019608 0.5019608 0.4980393 0.0980392 0.9019608 0.04705882 0.9529412 0.04705882 0.9529412 0.5019608 0.4980393 0.04705882 0.9529412</float_array>
          <technique_common>
            <accessor source="#Armature_GNN_avt-skin-weights-array" count="4111" stride="1">
              <param name="WEIGHT" type="float"/>
            </accessor>
          </technique_common>
        </source>
        <joints>
          <input semantic="JOINT" source="#Armature_GNN_avt-skin-joints"/>
          <input semantic="INV_BIND_MATRIX" source="#Armature_GNN_avt-skin-bind_poses"/>
        </joints>
        <vertex_weights count="2416">
          <input semantic="JOINT" source="#Armature_GNN_avt-skin-joints" offset="0"/>
          <input semantic="WEIGHT" source="#Armature_GNN_avt-skin-weights" offset="1"/>
          <vcount>2 2 2 2 2 2 2 2 2 2 2 2 2 2 2 2 2 2 2 2 2 2 2 2 2 2 2 2 2 2 2 2 2 2 2 2 2 2 2 2 1 1 1 1 1 1 1 1 1 1 1 1 1 1 1 1 2 2 2 2 2 2 2 3 3 2 2 2 3 2 2 2 2 3 2 2 2 2 2 3 2 2 3 3 2 2 2 2 2 2 2 2 2 2 2 2 2 2 2 2 2 2 2 2 2 2 2 2 2 2 2 2 2 3 2 2 2 2 2 2 2 3 2 3 2 2 3 3 2 2 2 3 2 2 2 2 2 2 2 2 2 2 2 3 2 2 2 2 2 2 3 2 2 3 2 2 2 2 2 2 2 2 2 2 2 2 2 2 2 2 2 2 2 2 2 2 2 2 2 2 2 2 2 2 2 2 2 2 2 2 2 2 2 2 3 3 2 3 2 2 2 2 2 2 2 2 2 3 2 2 2 3 2 2 3 3 2 2 3 2 2 2 2 2 2 2 2 2 2 2 2 2 2 2 2 2 2 2 2 2 2 2 2 2 2 2 2 2 2 2 2 1 1 1 1 1 1 1 2 1 1 1 2 2 2 2 2 1 2 2 2 2 2 2 2 2 2 2 2 2 2 2 2 2 2 2 2 2 2 1 1 1 1 1 1 1 1 1 2 2 2 1 2 2 2 1 2 2 2 2 2 2 2 2 2 2 2 2 2 2 2 2 2 2 2 2 2 2 2 2 2 2 3 2 3 3 3 3 3 3 3 3 2 2 2 3 2 2 2 3 2 3 3 3 3 3 2 3 3 3 2 3 3 3 3 3 2 3 3 2 2 2 2 2 2 2 2 2 2 3 2 3 3 2 3 2 2 2 1 1 2 3 2 3 2 2 3 3 2 3 2 3 3 3 2 3 3 3 3 3 2 2 3 3 3 3 3 3 2 3 2 3 3 3 3 3 3 3 3 3 2 2 3 3 2 3 3 3 3 3 3 3 3 3 3 3 3 3 3 3 3 3 3 3 3 3 2 2 2 2 2 2 2 2 2 2 2 2 2 2 2 2 2 2 2 2 2 2 2 1 2 2 2 2 2 2 2 2 2 2 1 1 2 2 2 2 2 2 2 2 2 2 2 1 1 1 1 1 1 2 1 2 2 2 2 2 2 2 2 2 2 2 2 2 1 1 1 1 2 2 2 2 2 2 2 2 2 2 2 2 2 2 2 2 2 1 2 1 1 1 2 3 2 2 3 3 3 3 3 3 3 3 3 2 2 2 2 2 2 3 2 3 3 3 3 3 2 3 3 2 3 3 3 3 3 3 3 2 3 2 2 2 2 2 2 2 2 2 2 3 2 3 3 2 3 2 2 2 1 1 2 3 2 3 2 2 3 3 2 3 2 3 3 3 2 3 3 3 3 3 2 2 3 3 3 3 3 3 2 3 3 2 3 3 3 3 3 3 3 2 3 2 3 2 3 3 3 3 3 3 3 3 3 3 3 3 3 3 3 3 3 3 3 3 3 3 2 2 2 2 2 2 2 2 2 2 2 2 2 2 2 2 2 2 2 2 2 2 2 1 2 2 2 2 2 2 2 2 2 2 1 1 2 2 2 2 2 2 2 2 2 2 2 1 1 1 1 1 1 2 1 2 2 2 2 2 2 2 2 1 2 2 2 2 2 1 1 1 2 2 2 2 2 2 2 2 2 2 2 2 2 2 2 2 2 1 2 1 1 1 1 1 1 1 1 1 1 1 1 1 1 1 1 1 1 1 1 1 1 1 1 1 1 1 1 1 1 1 1 1 1 1 1 1 1 1 1 1 1 1 1 1 1 1 1 1 1 1 1 1 1 1 1 1 1 1 1 1 1 1 1 1 1 1 1 1 1 1 1 1 1 1 1 1 1 1 1 1 1 1 1 1 1 1 1 1 1 1 1 1 1 1 1 1 1 1 1 1 1 1 1 1 1 1 1 1 1 1 1 1 1 1 1 1 1 1 1 1 1 1 1 1 1 1 1 1 1 1 1 1 1 1 1 1 1 1 1 1 1 1 1 1 1 1 1 1 1 1 1 1 1 1 1 1 1 1 1 1 1 1 1 1 1 1 1 1 1 1 1 1 1 1 1 1 1 1 1 1 1 1 1 1 1 1 1 1 1 2 1 2 2 2 2 2 2 2 3 2 3 2 2 3 2 2 2 2 2 2 2 2 2 3 2 2 3 2 2 2 2 2 2 1 1 2 1 2 1 2 2 2 1 2 2 1 2 2 2 2 2 3 2 3 3 3 2 2 2 2 2 2 2 2 1 2 1 2 2 2 2 2 2 2 3 2 3 2 2 3 2 2 2 2 2 2 2 2 2 3 2 2 3 2 2 2 2 2 2 1 1 3 2 1 2 2 2 1 2 2 1 2 2 1 2 2 2 2 2 3 3 3 2 2 2 2 2 2 2 2 2 2 2 2 2 2 2 2 2 2 2 2 2 2 2 2 2 2 2 2 2 2 2 2 2 2 2 2 2 2 2 2 2 2 2 2 2 2 2 2 2 2 2 2 2 2 2 2 2 2 2 2 2 2 2 2 2 2 2 2 2 2 2 1 1 1 1 1 1 1 1 1 1 2 1 1 1 2 2 1 1 2 2 2 2 2 2 2 2 2 2 2 2 3 2 3 2 2 3 2 2 2 2 1 1 2 2 1 1 2 2 2 1 2 2 2 2 2 2 2 2 2 2 1 2 2 2 1 2 2 2 2 2 2 2 2 2 2 2 2 2 2 2 2 2 2 2 2 2 2 2 2 2 2 2 2 2 2 2 2 2 2 3 3 2 3 1 1 1 1 2 2 2 2 2 2 1 1 2 1 1 1 2 1 2 3 3 2 2 2 3 2 2 2 2 2 2 2 2 2 2 2 2 2 2 2 2 2 2 2 2 2 2 2 2 2 2 2 2 2 2 2 2 2 2 2 2 2 2 2 2 2 2 2 2 2 2 2 2 2 2 2 2 2 1 2 2 1 2 1 1 2 1 3 2 3 2 3 2 2 2 2 2 2 2 2 2 2 2 2 2 2 2 2 2 2 2 2 2 2 2 2 2 2 2 1 2 1 2 2 1 2 1 2 2 1 1 1 1 1 2 2 2 2 2 2 2 2 2 2 2 2 2 2 2 2 2 1 1 2 1 1 2 1 1 2 1 1 1 1 1 1 1 1 2 2 2 2 2 2 2 2 2 1 2 2 2 2 1 1 2 2 1 1 1 1 1 1 1 2 1 1 1 1 1 2 2 2 2 2 2 2 2 2 2 2 2 2 2 2 2 2 2 2 2 2 2 2 2 2 2 2 2 2 2 2 2 2 2 2 2 2 2 2 2 2 2 1 2 2 1 2 2 1 2 1 2 2 2 2 1 2 2 1 2 2 2 2 2 2 1 1 1 2 2 2 2 2 2 2 2 2 2 2 2 2 2 2 2 1 2 1 2 1 1 2 1 1 2 1 1 1 1 1 1 1 1 1 1 1 1 1 1 1 1 1 1 1 1 1 1 1 1 1 1 1 1 1 1 1 1 1 1 1 1 1 1 1 1 1 1 1 1 1 1 1 1 1 1 1 1 1 1 1 1 1 1 1 1 1 1 1 1 1 1 1 1 1 1 1 1 1 1 1 1 1 1 1 1 1 1 1 1 1 1 1 1 1 1 1 1 1 1 1 1 1 1 1 1 1 1 1 1 1 1 1 1 1 1 1 1 1 1 1 1 1 1 1 1 1 1 1 1 1 1 1 1 1 1 1 1 1 1 1 1 1 1 1 1 1 1 1 1 1 1 1 1 1 1 1 1 1 1 1 1 1 1 1 1 1 1 1 1 1 1 1 1 1 1 1 1 1 1 1 1 1 1 1 1 1 1 1 1 1 1 1 1 1 1 1 1 1 1 1 1 1 1 1 1 1 1 1 1 1 1 1 1 1 1 1 1 1 1 1 1 1 1 1 1 1 1 1 1 1 1 1 1 1 1 1 1 1 1 1 1 1 1 1 1 1 1 1 1 1 1 1 1 1 1 1 1 1 1 1 1 1 1 1 1 1 1 1 1 1 1 1 2 2 3 3 2 2 3 3 2 2 2 2 2 2 2 2 2 2 2 2 2 2 2 3 3 3 2 2 2 3 3 3 3 3 3 3 3 3 3 3 3 3 3 3 2 2 2 3 2 3 2 3 2 3 2 3 2 2 3 2 2 2 2 2 2 2 2 2 2 2 2 2 2 3 3 3 2 2 2 3 3 3 3 3 3 3 3 3 3 3 3 3 3 2 2 2 2 3 3 3 2 2 2 2 2 2 2 1 2 3 3 2 2 2 3 2 1 1 1 1 1 1 1 1 1 1 1 1 1 1 1 1 1 1 1 1 1 1 1 1 1 1 1 1 1 1 1 1 1 1 1 1 1 1 1 1 1 1 1 1 1 1 1 1 1 1 1 1 1 1 1 1 1 1 1 1 1 1 1 1 1 1 1 1 1 1 1 1 1 1 1 1 1 1 1 1 1 1 1 1 1 1 1 1 1 1 1 1 1 1 1 1 1 1 1 1 1 1 1 1 1 1 1 1 1 1 1 1 1 1 1 1 1 1 1 1 1 1 1 1 1 1 1 1 1 1 1 1 1 1 1 1 1 1 1 1 1 1 1 1 1 1 1 1 1 1 1 1 2 2 2 2 2 2 1 2 1 1 1 1 1 1 1 1 1 2 2 2 2 2 2 1 2 1 1 1 1 1 1 1 1 1 1 2 1 1 2 1 1 1 2 1 2 1 2 1 1 2 1 1 2 1 1 1 2 1 2 1 2 1 2 2 2 2 2 2 2 2 2 2 2 2 2 2 2 1 1 1 2 1 1 1 1 1 1 1 2 1 2 2 2 2 1 1 1 1 1 1 1 1 1 1 1 1 1 1 1 1 1 1 1 1 1 1 1 1 1 1 1 2 2 2 2 2 2 2 2 2 2 2 2 2 2 2 1 1 1 2 1 1 2 1 1 1 1 1 1 1 1 1 1 1 1 1 1 1 1 1 1 1 1 1 1 1 1 1 1 1 1 1 1 1 1 1 2 2 2 2 1 1 1 1 1 1 1 1 1 1 1 1 1 1 1 1 1 1 1 1 1 1 1 1 1 1 1 1 2 2 2 2 2 3 2 2 2 2 2 2 2 2 2 2 2 2 2 2 2 1 2 1 2 1 2 2 1 1 1 1 1 1 1 1 1 1 1 1 1 1 1 1 1 1 1 1 1 1 1 1 1 1 1 1 1 1 2 2 1 2 1 1 1 2 1 1 1 1 1 1 1 1 2 2 1 1 2 1 2 1 1 1 2 1 1 1 1 1 1 1 1 2 2 2 2 2 2 2 2 2 2 2 2 2 2 2 2 2 2 2 2 2 2 2 2 2 2 2 2 2 2 2 2 2 </vcount>
          <v>2 0 9 1 2 2 9 3 2 4 9 5 2 6 9 7 2 8 9 9 2 10 9 11 2 12 9 13 2 14 9 15 2 16 9 17 2 18 9 19 2 20 9 21 2 22 9 23 2 24 9 25 2 26 9 27 2 28 9 29 2 30 9 31 2 32 9 33 2 34 9 35 2 36 9 37 2 38 9 39 2 40 9 41 2 42 9 43 2 44 9 45 2 46 9 47 2 48 9 49 2 50 9 51 2 52 9 53 2 54 9 55 2 56 9 57 2 58 9 59 2 60 9 61 2 62 9 63 2 64 9 65 2 66 9 67 2 68 9 69 2 70 9 71 2 72 9 73 2 74 9 75 2 76 9 77 2 78 9 79 13 80 13 81 13 82 13 83 13 84 13 85 13 86 13 87 13 88 13 89 13 90 13 91 13 92 13 93 13 94 13 95 9 96 10 97 9 98 10 99 9 100 10 101 9 102 10 103 9 104 10 105 9 106 10 107 9 108 10 109 2 110 9 111 10 112 2 113 9 114 10 115 9 116 10 117 2 118 9 119 2 120 9 121 2 122 9 123 10 124 2 125 9 126 9 127 10 128 9 129 10 130 2 131 9 132 2 133 9 134 10 135 9 136 10 137 9 138 10 139 9 140 10 141 9 142 10 143 9 144 10 145 2 146 9 147 10 148 9 149 10 150 9 151 10 152 2 153 9 154 10 155 2 156 9 157 10 158 2 159 9 160 2 161 9 162 2 163 9 164 2 165 9 166 2 167 9 168 2 169 9 170 2 171 9 172 2 173 9 174 2 175 9 176 2 177 9 178 2 179 9 180 2 181 9 182 2 183 9 184 2 185 9 186 2 187 9 188 2 189 9 190 2 191 9 192 2 193 9 194 2 195 9 196 2 197 9 198 2 199 9 200 2 201 9 202 2 203 9 204 2 205 9 206 2 207 9 208 2 209 9 210 2 211 9 212 2 213 9 214 2 215 9 216 2 217 9 218 10 219 2 220 9 221 2 222 9 223 2 224 9 225 2 226 9 227 2 228 9 229 2 230 9 231 2 232 9 233 2 234 9 235 10 236 2 237 9 238 2 239 9 240 10 241 2 242 9 243 9 244 10 245 2 246 9 247 10 248 2 249 9 250 10 251 2 252 9 253 9 254 10 255 2 256 9 257 2 258 9 259 10 260 9 261 10 262 9 263 10 264 9 265 10 266 9 267 10 268 9 269 10 270 9 271 10 272 9 273 10 274 9 275 10 276 9 277 10 278 9 279 10 280 9 281 10 282 2 283 9 284 10 285 9 286 10 287 9 288 10 289 9 290 10 291 9 292 10 293 9 294 10 295 9 296 10 297 2 298 9 299 10 300 9 301 10 302 9 303 10 304 2 305 9 306 10 307 2 308 9 309 2 310 9 311 2 312 9 313 2 314 9 315 2 316 9 317 2 318 9 319 2 320 9 321 2 322 9 323 2 324 9 325 2 326 9 327 2 328 9 329 2 330 9 331 2 332 9 333 2 334 9 335 2 336 9 337 2 338 9 339 2 340 9 341 2 342 9 343 2 344 9 345 2 346 9 347 2 348 9 349 2 350 9 351 2 352 9 353 2 354 9 355 2 356 9 357 2 358 9 359 2 360 9 361 2 362 9 363 2 364 9 365 2 366 9 367 2 368 9 369 2 370 9 371 2 372 9 373 2 374 9 375 2 376 9 377 2 378 9 379 2 380 9 381 2 382 9 383 2 384 9 385 2 386 9 387 2 388 9 389 10 390 2 391 9 392 10 393 9 394 10 395 2 396 9 397 10 398 9 399 10 400 9 401 10 402 9 403 10 404 9 405 10 406 9 407 10 408 9 409 10 410 9 411 10 412 9 413 10 414 9 415 10 416 2 417 9 418 10 419 9 420 10 421 9 422 10 423 9 424 10 425 2 426 9 427 10 428 9 429 10 430 9 431 10 432 2 433 9 434 10 435 2 436 9 437 10 438 9 439 10 440 9 441 10 442 2 443 9 444 10 445 9 446 10 447 9 448 10 449 9 450 10 451 9 452 10 453 9 454 10 455 10 456 14 457 9 458 10 459 10 460 14 461 10 462 14 463 9 464 10 465 10 466 14 467 9 468 10 469 9 470 10 471 10 472 14 473 9 474 10 475 9 476 10 477 9 478 10 479 9 480 10 481 9 482 10 483 9 484 10 485 9 486 10 487 9 488 10 489 9 490 10 491 9 492 10 493 9 494 10 495 9 496 10 497 9 498 10 499 9 500 10 501 9 502 10 503 9 504 10 505 9 506 10 507 9 508 10 509 10 510 10 511 10 512 10 513 10 514 10 515 10 516 10 517 14 518 10 519 10 520 10 521 9 522 10 523 9 524 10 525 9 526 10 527 9 528 10 529 9 530 10 531 10 532 9 533 10 534 9 535 10 536 9 537 10 538 9 539 10 540 9 541 10 542 9 543 10 544 9 545 10 546 9 547 10 548 9 549 10 550 9 551 10 552 9 553 10 554 9 555 10 556 9 557 10 558 9 559 10 560 9 561 10 562 9 563 10 564 10 565 19 566 10 567 19 568 10 569 19 570 10 571 19 572 10 573 19 574 10 575 10 576 10 577 10 578 10 579 10 580 10 581 10 582 10 583 10 584 19 585 10 586 19 587 10 588 19 589 10 590 10 591 19 592 10 593 19 594 10 595 19 596 10 597 10 598 19 599 10 600 19 601 10 602 19 603 9 604 10 605 9 606 10 607 9 608 10 609 9 610 10 611 9 612 10 613 9 614 10 615 9 616 10 617 9 618 10 619 9 620 10 621 9 622 10 623 9 624 10 625 9 626 10 627 9 628 10 629 9 630 10 631 9 632 10 633 9 634 10 635 10 636 19 637 9 638 10 639 9 640 10 641 10 642 19 643 9 644 10 645 9 646 10 647 9 648 10 649 9 650 10 651 18 652 9 653 10 654 10 655 14 656 18 657 10 658 14 659 18 660 10 661 14 662 18 663 10 664 14 665 18 666 10 667 14 668 18 669 10 670 14 671 18 672 10 673 14 674 18 675 10 676 14 677 18 678 14 679 18 680 14 681 18 682 14 683 18 684 10 685 14 686 18 687 14 688 18 689 14 690 18 691 14 692 18 693 10 694 14 695 18 696 14 697 18 698 10 699 14 700 18 701 10 702 14 703 18 704 10 705 14 706 18 707 10 708 14 709 18 710 9 711 10 712 18 713 9 714 10 715 10 716 14 717 18 718 10 719 14 720 18 721 9 722 10 723 18 724 9 725 10 726 10 727 14 728 18 729 10 730 14 731 18 732 10 733 14 734 18 735 10 736 14 737 18 738 9 739 10 740 18 741 9 742 10 743 10 744 14 745 18 746 10 747 14 748 18 749 10 750 14 751 10 752 14 753 10 754 14 755 10 756 14 757 10 758 14 759 10 760 14 761 10 762 14 763 10 764 14 765 10 766 14 767 10 768 14 769 10 770 14 771 18 772 10 773 14 774 10 775 14 776 18 777 10 778 14 779 18 780 10 781 14 782 10 783 14 784 18 785 10 786 14 787 10 788 14 789 10 790 14 791 10 792 10 793 10 794 14 795 10 796 14 797 18 798 10 799 14 800 10 801 14 802 18 803 10 804 14 805 10 806 14 807 10 808 14 809 18 810 10 811 14 812 18 813 10 814 14 815 10 816 14 817 18 818 10 819 14 820 10 821 14 822 18 823 10 824 14 825 18 826 10 827 14 828 18 829 10 830 14 831 10 832 14 833 18 834 10 835 14 836 18 837 10 838 14 839 18 840 10 841 14 842 18 843 10 844 14 845 18 846 10 847 14 848 10 849 14 850 10 851 14 852 18 853 10 854 14 855 18 856 10 857 14 858 18 859 10 860 14 861 18 862 10 863 14 864 18 865 10 866 14 867 18 868 10 869 14 870 10 871 14 872 18 873 10 874 14 875 10 876 14 877 18 878 10 879 14 880 18 881 10 882 14 883 18 884 10 885 14 886 18 887 10 888 14 889 18 890 10 891 14 892 18 893 10 894 14 895 18 896 10 897 14 898 18 899 10 900 14 901 18 902 14 903 18 904 14 905 18 906 10 907 14 908 18 909 10 910 14 911 18 912 14 913 18 914 10 915 14 916 18 917 10 918 14 919 18 920 10 921 14 922 18 923 10 924 14 925 18 926 10 927 14 928 18 929 10 930 14 931 18 932 10 933 14 934 18 935 10 936 14 937 18 938 10 939 14 940 18 941 10 942 14 943 18 944 10 945 14 946 18 947 10 948 14 949 18 950 10 951 14 952 18 953 10 954 14 955 18 956 10 957 14 958 18 959 10 960 14 961 18 962 10 963 14 964 18 965 10 966 14 967 18 968 10 969 14 970 18 971 10 972 14 973 18 974 10 975 14 976 18 977 14 978 18 979 14 980 18 981 14 982 18 983 14 984 18 985 14 986 18 987 14 988 18 989 14 990 18 991 14 992 18 993 14 994 18 995 14 996 18 997 9 998 10 999 9 1000 10 1001 9 1002 10 1003 9 1004 10 1005 9 1006 10 1007 9 1008 10 1009 9 1010 10 1011 9 1012 10 1013 9 1014 10 1015 9 1016 10 1017 9 1018 10 1019 9 1020 10 1021 9 1022 10 1023 10 1024 10 1025 14 1026 9 1027 10 1028 9 1029 10 1030 9 1031 10 1032 9 1033 10 1034 9 1035 10 1036 9 1037 10 1038 9 1039 10 1040 9 1041 10 1042 9 1043 10 1044 10 1045 10 1046 10 1047 11 1048 10 1049 11 1050 10 1051 11 1052 10 1053 11 1054 10 1055 11 1056 10 1057 11 1058 10 1059 11 1060 10 1061 11 1062 10 1063 11 1064 10 1065 14 1066 10 1067 14 1068 10 1069 10 1070 10 1071 10 1072 10 1073 10 1074 10 1075 11 1076 10 1077 10 1078 11 1079 10 1080 11 1081 10 1082 11 1083 10 1084 14 1085 10 1086 14 1087 10 1088 11 1089 11 1090 12 1091 10 1092 11 1093 10 1094 11 1095 10 1096 11 1097 10 1098 11 1099 11 1100 12 1101 11 1102 12 1103 12 1104 12 1105 12 1106 12 1107 10 1108 11 1109 10 1110 11 1111 10 1112 11 1113 10 1114 11 1115 10 1116 11 1117 10 1118 11 1119 10 1120 14 1121 10 1122 11 1123 10 1124 11 1125 10 1126 11 1127 10 1128 14 1129 10 1130 14 1131 10 1132 11 1133 10 1134 14 1135 10 1136 11 1137 11 1138 12 1139 11 1140 12 1141 12 1142 11 1143 12 1144 12 1145 12 1146 12 1147 9 1148 10 1149 9 1150 10 1151 23 1152 9 1153 10 1154 9 1155 10 1156 10 1157 19 1158 23 1159 10 1160 19 1161 23 1162 10 1163 19 1164 23 1165 10 1166 19 1167 23 1168 10 1169 19 1170 23 1171 10 1172 19 1173 23 1174 10 1175 19 1176 23 1177 10 1178 19 1179 23 1180 10 1181 19 1182 23 1183 19 1184 23 1185 19 1186 23 1187 19 1188 23 1189 19 1190 23 1191 19 1192 23 1193 19 1194 23 1195 10 1196 19 1197 23 1198 19 1199 23 1200 10 1201 19 1202 23 1203 10 1204 19 1205 23 1206 10 1207 19 1208 23 1209 10 1210 19 1211 23 1212 9 1213 10 1214 23 1215 9 1216 10 1217 10 1218 19 1219 23 1220 9 1221 10 1222 23 1223 9 1224 10 1225 10 1226 19 1227 23 1228 10 1229 19 1230 23 1231 10 1232 19 1233 23 1234 10 1235 19 1236 23 1237 10 1238 19 1239 23 1240 10 1241 19 1242 23 1243 9 1244 10 1245 23 1246 9 1247 10 1248 10 1249 19 1250 23 1251 10 1252 19 1253 10 1254 19 1255 10 1256 19 1257 10 1258 19 1259 10 1260 19 1261 10 1262 19 1263 10 1264 19 1265 10 1266 19 1267 10 1268 19 1269 10 1270 19 1271 10 1272 19 1273 23 1274 10 1275 19 1276 10 1277 19 1278 23 1279 10 1280 19 1281 23 1282 10 1283 19 1284 10 1285 19 1286 23 1287 10 1288 19 1289 10 1290 19 1291 10 1292 19 1293 10 1294 10 1295 10 1296 19 1297 10 1298 19 1299 23 1300 10 1301 19 1302 10 1303 19 1304 23 1305 10 1306 19 1307 10 1308 19 1309 10 1310 19 1311 23 1312 10 1313 19 1314 23 1315 10 1316 19 1317 10 1318 19 1319 23 1320 10 1321 19 1322 10 1323 19 1324 23 1325 10 1326 19 1327 23 1328 10 1329 19 1330 23 1331 10 1332 19 1333 10 1334 19 1335 23 1336 10 1337 19 1338 23 1339 10 1340 19 1341 23 1342 10 1343 19 1344 23 1345 10 1346 19 1347 23 1348 10 1349 19 1350 10 1351 19 1352 10 1353 19 1354 23 1355 10 1356 19 1357 23 1358 10 1359 19 1360 23 1361 10 1362 19 1363 23 1364 10 1365 19 1366 23 1367 10 1368 19 1369 23 1370 10 1371 19 1372 10 1373 19 1374 23 1375 10 1376 19 1377 23 1378 10 1379 19 1380 10 1381 19 1382 23 1383 10 1384 19 1385 23 1386 10 1387 19 1388 23 1389 10 1390 19 1391 23 1392 10 1393 19 1394 23 1395 10 1396 19 1397 23 1398 10 1399 19 1400 23 1401 19 1402 23 1403 10 1404 19 1405 23 1406 19 1407 23 1408 10 1409 19 1410 23 1411 19 1412 23 1413 10 1414 19 1415 23 1416 10 1417 19 1418 23 1419 10 1420 19 1421 23 1422 10 1423 19 1424 23 1425 10 1426 19 1427 23 1428 10 1429 19 1430 23 1431 10 1432 19 1433 23 1434 10 1435 19 1436 23 1437 10 1438 19 1439 23 1440 10 1441 19 1442 23 1443 10 1444 19 1445 23 1446 10 1447 19 1448 23 1449 10 1450 19 1451 23 1452 10 1453 19 1454 23 1455 10 1456 19 1457 23 1458 10 1459 19 1460 23 1461 10 1462 19 1463 23 1464 10 1465 19 1466 23 1467 10 1468 19 1469 23 1470 10 1471 19 1472 23 1473 10 1474 19 1475 23 1476 10 1477 19 1478 23 1479 19 1480 23 1481 19 1482 23 1483 19 1484 23 1485 19 1486 23 1487 19 1488 23 1489 19 1490 23 1491 19 1492 23 1493 19 1494 23 1495 19 1496 23 1497 19 1498 23 1499 9 1500 10 1501 9 1502 10 1503 9 1504 10 1505 9 1506 10 1507 9 1508 10 1509 9 1510 10 1511 9 1512 10 1513 9 1514 10 1515 9 1516 10 1517 9 1518 10 1519 9 1520 10 1521 9 1522 10 1523 9 1524 10 1525 10 1526 10 1527 19 1528 9 1529 10 1530 9 1531 10 1532 9 1533 10 1534 9 1535 10 1536 9 1537 10 1538 9 1539 10 1540 9 1541 10 1542 9 1543 10 1544 9 1545 10 1546 10 1547 10 1548 10 1549 11 1550 10 1551 11 1552 10 1553 11 1554 10 1555 11 1556 10 1557 11 1558 10 1559 11 1560 10 1561 11 1562 10 1563 11 1564 10 1565 11 1566 10 1567 19 1568 10 1569 19 1570 10 1571 10 1572 10 1573 10 1574 10 1575 10 1576 10 1577 11 1578 10 1579 10 1580 11 1581 10 1582 11 1583 10 1584 11 1585 10 1586 19 1587 10 1588 11 1589 11 1590 12 1591 10 1592 19 1593 11 1594 12 1595 12 1596 10 1597 11 1598 10 1599 11 1600 10 1601 11 1602 10 1603 11 1604 11 1605 12 1606 12 1607 12 1608 12 1609 10 1610 11 1611 10 1612 11 1613 10 1614 11 1615 10 1616 11 1617 10 1618 11 1619 10 1620 11 1621 10 1622 19 1623 10 1624 11 1625 10 1626 11 1627 10 1628 11 1629 10 1630 19 1631 10 1632 19 1633 10 1634 19 1635 10 1636 11 1637 10 1638 11 1639 11 1640 12 1641 11 1642 12 1643 12 1644 11 1645 12 1646 12 1647 12 1648 12 1649 13 1650 13 1651 13 1652 13 1653 13 1654 13 1655 13 1656 13 1657 13 1658 13 1659 13 1660 13 1661 13 1662 13 1663 13 1664 13 1665 13 1666 13 1667 13 1668 13 1669 13 1670 13 1671 13 1672 13 1673 13 1674 13 1675 13 1676 13 1677 13 1678 13 1679 13 1680 13 1681 13 1682 13 1683 13 1684 13 1685 13 1686 13 1687 13 1688 13 1689 13 1690 13 1691 13 1692 13 1693 13 1694 13 1695 13 1696 13 1697 13 1698 13 1699 13 1700 13 1701 13 1702 13 1703 13 1704 13 1705 13 1706 13 1707 13 1708 13 1709 13 1710 13 1711 13 1712 13 1713 13 1714 13 1715 13 1716 13 1717 13 1718 13 1719 13 1720 13 1721 13 1722 13 1723 13 1724 13 1725 13 1726 13 1727 13 1728 13 1729 13 1730 13 1731 13 1732 13 1733 13 1734 13 1735 13 1736 13 1737 13 1738 13 1739 13 1740 13 1741 13 1742 13 1743 13 1744 13 1745 13 1746 13 1747 13 1748 13 1749 13 1750 13 1751 13 1752 13 1753 13 1754 13 1755 13 1756 13 1757 13 1758 13 1759 13 1760 13 1761 13 1762 13 1763 13 1764 13 1765 13 1766 13 1767 13 1768 13 1769 13 1770 13 1771 13 1772 13 1773 13 1774 13 1775 13 1776 13 1777 13 1778 13 1779 13 1780 13 1781 13 1782 13 1783 13 1784 13 1785 13 1786 13 1787 13 1788 13 1789 13 1790 13 1791 13 1792 13 1793 13 1794 13 1795 13 1796 13 1797 13 1798 13 1799 13 1800 13 1801 13 1802 13 1803 13 1804 13 1805 13 1806 13 1807 13 1808 13 1809 13 1810 13 1811 13 1812 13 1813 13 1814 13 1815 13 1816 13 1817 13 1818 13 1819 13 1820 13 1821 13 1822 13 1823 13 1824 13 1825 13 1826 13 1827 13 1828 13 1829 13 1830 13 1831 13 1832 13 1833 13 1834 13 1835 8 1836 7 1837 8 1838 8 1839 7 1840 8 1841 7 1842 8 1843 7 1844 8 1845 7 1846 8 1847 7 1848 8 1849 7 1850 8 1851 7 1852 8 1853 6 1854 7 1855 8 1856 7 1857 8 1858 6 1859 7 1860 8 1861 6 1862 7 1863 7 1864 8 1865 6 1866 7 1867 8 1868 6 1869 7 1870 6 1871 7 1872 6 1873 7 1874 6 1875 7 1876 6 1877 7 1878 6 1879 7 1880 6 1881 7 1882 6 1883 7 1884 6 1885 7 1886 6 1887 7 1888 8 1889 6 1890 7 1891 7 1892 8 1893 6 1894 7 1895 8 1896 6 1897 7 1898 7 1899 8 1900 7 1901 8 1902 7 1903 8 1904 7 1905 8 1906 7 1907 8 1908 8 1909 8 1910 7 1911 8 1912 8 1913 7 1914 8 1915 8 1916 7 1917 8 1918 7 1919 8 1920 7 1921 8 1922 8 1923 7 1924 8 1925 7 1926 8 1927 8 1928 7 1929 8 1930 7 1931 8 1932 7 1933 8 1934 7 1935 8 1936 7 1937 8 1938 6 1939 7 1940 8 1941 7 1942 8 1943 6 1944 7 1945 8 1946 6 1947 7 1948 8 1949 6 1950 7 1951 8 1952 6 1953 7 1954 6 1955 7 1956 6 1957 7 1958 6 1959 7 1960 6 1961 7 1962 6 1963 7 1964 6 1965 7 1966 6 1967 7 1968 5 1969 4 1970 5 1971 5 1972 4 1973 5 1974 4 1975 5 1976 4 1977 5 1978 4 1979 5 1980 4 1981 5 1982 4 1983 5 1984 4 1985 5 1986 3 1987 4 1988 5 1989 4 1990 5 1991 3 1992 4 1993 5 1994 3 1995 4 1996 4 1997 5 1998 3 1999 4 2000 5 2001 3 2002 4 2003 3 2004 4 2005 3 2006 4 2007 3 2008 4 2009 3 2010 4 2011 3 2012 4 2013 3 2014 4 2015 3 2016 4 2017 3 2018 4 2019 3 2020 4 2021 5 2022 3 2023 4 2024 4 2025 5 2026 3 2027 4 2028 5 2029 3 2030 4 2031 4 2032 5 2033 4 2034 5 2035 4 2036 5 2037 4 2038 5 2039 4 2040 5 2041 5 2042 5 2043 3 2044 4 2045 5 2046 4 2047 5 2048 5 2049 4 2050 5 2051 4 2052 5 2053 4 2054 5 2055 5 2056 4 2057 5 2058 4 2059 5 2060 5 2061 4 2062 5 2063 4 2064 5 2065 5 2066 4 2067 5 2068 4 2069 5 2070 4 2071 5 2072 4 2073 5 2074 4 2075 5 2076 3 2077 4 2078 5 2079 3 2080 4 2081 5 2082 3 2083 4 2084 5 2085 3 2086 4 2087 3 2088 4 2089 3 2090 4 2091 3 2092 4 2093 3 2094 4 2095 3 2096 4 2097 3 2098 4 2099 3 2100 4 2101 10 2102 14 2103 10 2104 14 2105 10 2106 14 2107 9 2108 10 2109 9 2110 10 2111 9 2112 10 2113 9 2114 10 2115 9 2116 10 2117 9 2118 10 2119 9 2120 10 2121 9 2122 10 2123 9 2124 10 2125 9 2126 10 2127 9 2128 10 2129 9 2130 10 2131 9 2132 10 2133 9 2134 10 2135 9 2136 10 2137 10 2138 19 2139 10 2140 19 2141 10 2142 19 2143 9 2144 10 2145 9 2146 10 2147 9 2148 10 2149 9 2150 10 2151 9 2152 10 2153 9 2154 10 2155 9 2156 10 2157 9 2158 10 2159 9 2160 10 2161 9 2162 10 2163 9 2164 10 2165 9 2166 10 2167 9 2168 10 2169 9 2170 10 2171 9 2172 10 2173 9 2174 10 2175 9 2176 10 2177 9 2178 10 2179 10 2180 19 2181 10 2182 19 2183 10 2184 19 2185 19 2186 20 2187 10 2188 19 2189 10 2190 19 2191 10 2192 19 2193 19 2194 20 2195 19 2196 20 2197 10 2198 19 2199 10 2200 19 2201 10 2202 19 2203 19 2204 20 2205 19 2206 20 2207 19 2208 20 2209 19 2210 20 2211 19 2212 20 2213 19 2214 20 2215 19 2216 20 2217 19 2218 20 2219 19 2220 20 2221 19 2222 20 2223 19 2224 20 2225 19 2226 20 2227 20 2228 20 2229 21 2230 20 2231 21 2232 21 2233 20 2234 20 2235 21 2236 21 2237 21 2238 22 2239 21 2240 21 2241 21 2242 21 2243 22 2244 21 2245 22 2246 21 2247 21 2248 21 2249 22 2250 21 2251 22 2252 21 2253 22 2254 21 2255 22 2256 21 2257 22 2258 21 2259 22 2260 21 2261 22 2262 21 2263 22 2264 21 2265 22 2266 21 2267 22 2268 21 2269 22 2270 21 2271 22 2272 2 2273 3 2274 6 2275 2 2276 6 2277 2 2278 3 2279 6 2280 2 2281 6 2282 6 2283 7 2284 2 2285 3 2286 6 2287 6 2288 7 2289 6 2290 7 2291 2 2292 6 2293 2 2294 6 2295 2 2296 2 2297 2 2298 6 2299 2 2300 6 2301 2 2302 2 2303 2 2304 9 2305 2 2306 9 2307 2 2308 9 2309 2 2310 2 2311 9 2312 2 2313 6 2314 2 2315 6 2316 2 2317 6 2318 2 2319 9 2320 2 2321 9 2322 6 2323 7 2324 2 2325 6 2326 2 2327 9 2328 6 2329 7 2330 2 2331 2 2332 9 2333 6 2334 7 2335 6 2336 7 2337 2 2338 2 2339 9 2340 6 2341 7 2342 6 2343 7 2344 6 2345 7 2346 6 2347 7 2348 6 2349 7 2350 6 2351 7 2352 6 2353 7 2354 6 2355 7 2356 6 2357 7 2358 6 2359 7 2360 6 2361 7 2362 6 2363 7 2364 6 2365 7 2366 6 2367 7 2368 6 2369 7 2370 6 2371 7 2372 6 2373 7 2374 6 2375 7 2376 6 2377 7 2378 6 2379 7 2380 6 2381 7 2382 6 2383 7 2384 6 2385 7 2386 6 2387 7 2388 6 2389 7 2390 6 2391 7 2392 6 2393 7 2394 6 2395 7 2396 2 2397 6 2398 6 2399 7 2400 6 2401 7 2402 2 2403 6 2404 2 2405 6 2406 2 2407 3 2408 6 2409 2 2410 3 2411 6 2412 2 2413 6 2414 2 2415 3 2416 6 2417 2 2418 2 2419 2 2420 2 2421 2 2422 6 2423 2 2424 6 2425 2 2426 6 2427 2 2428 6 2429 6 2430 7 2431 6 2432 7 2433 2 2434 2 2435 2 2436 9 2437 2 2438 2 2439 2 2440 2 2441 9 2442 2 2443 2 2444 3 2445 2 2446 3 2447 6 2448 2 2449 3 2450 6 2451 2 2452 3 2453 2 2454 9 2455 2 2456 3 2457 2 2458 3 2459 6 2460 2 2461 3 2462 2 2463 3 2464 2 2465 9 2466 2 2467 9 2468 3 2469 4 2470 3 2471 4 2472 2 2473 3 2474 3 2475 4 2476 3 2477 4 2478 3 2479 4 2480 3 2481 4 2482 3 2483 4 2484 3 2485 4 2486 3 2487 4 2488 3 2489 4 2490 3 2491 4 2492 3 2493 4 2494 3 2495 4 2496 3 2497 4 2498 3 2499 4 2500 3 2501 4 2502 3 2503 4 2504 3 2505 4 2506 3 2507 4 2508 3 2509 4 2510 3 2511 4 2512 3 2513 4 2514 3 2515 4 2516 3 2517 4 2518 3 2519 4 2520 3 2521 4 2522 3 2523 4 2524 3 2525 4 2526 3 2527 4 2528 3 2529 4 2530 3 2531 4 2532 3 2533 4 2534 3 2535 4 2536 3 2537 4 2538 3 2539 4 2540 3 2541 4 2542 3 2543 4 2544 3 2545 4 2546 3 2547 4 2548 2 2549 3 2550 2 2551 3 2552 2 2553 3 2554 2 2555 3 2556 2 2557 3 2558 2 2559 3 2560 2 2561 3 2562 2 2563 3 2564 2 2565 3 2566 2 2567 2 2568 9 2569 2 2570 3 2571 2 2572 2 2573 9 2574 2 2575 2 2576 2 2577 9 2578 2 2579 2 2580 3 2581 6 2582 2 2583 3 2584 2 2585 3 2586 6 2587 2 2588 3 2589 2 2590 3 2591 6 2592 9 2593 10 2594 9 2595 10 2596 9 2597 10 2598 10 2599 19 2600 10 2601 19 2602 10 2603 19 2604 10 2605 19 2606 10 2607 19 2608 19 2609 20 2610 19 2611 20 2612 19 2613 20 2614 10 2615 19 2616 10 2617 19 2618 10 2619 19 2620 10 2621 19 2622 19 2623 20 2624 19 2625 20 2626 19 2627 20 2628 19 2629 20 2630 19 2631 20 2632 19 2633 20 2634 19 2635 20 2636 19 2637 20 2638 19 2639 20 2640 19 2641 20 2642 19 2643 20 2644 19 2645 20 2646 20 2647 20 2648 21 2649 21 2650 20 2651 21 2652 20 2653 21 2654 21 2655 20 2656 21 2657 20 2658 20 2659 21 2660 20 2661 21 2662 21 2663 21 2664 21 2665 21 2666 21 2667 21 2668 22 2669 21 2670 22 2671 21 2672 22 2673 21 2674 22 2675 21 2676 22 2677 21 2678 22 2679 21 2680 22 2681 21 2682 22 2683 21 2684 22 2685 21 2686 22 2687 21 2688 22 2689 21 2690 22 2691 21 2692 22 2693 21 2694 22 2695 21 2696 22 2697 16 2698 17 2699 16 2700 17 2701 17 2702 17 2703 16 2704 17 2705 17 2706 17 2707 16 2708 17 2709 17 2710 17 2711 16 2712 17 2713 17 2714 17 2715 17 2716 17 2717 17 2718 17 2719 17 2720 17 2721 16 2722 17 2723 16 2724 17 2725 16 2726 17 2727 16 2728 17 2729 16 2730 17 2731 16 2732 17 2733 16 2734 17 2735 16 2736 17 2737 16 2738 17 2739 16 2740 16 2741 17 2742 16 2743 17 2744 16 2745 17 2746 16 2747 17 2748 16 2749 16 2750 16 2751 17 2752 16 2753 17 2754 16 2755 16 2756 15 2757 16 2758 16 2759 16 2760 15 2761 14 2762 15 2763 16 2764 16 2765 15 2766 15 2767 15 2768 14 2769 15 2770 14 2771 15 2772 14 2773 15 2774 14 2775 15 2776 14 2777 15 2778 14 2779 15 2780 14 2781 15 2782 14 2783 15 2784 14 2785 15 2786 10 2787 14 2788 14 2789 15 2790 14 2791 15 2792 14 2793 15 2794 10 2795 14 2796 10 2797 14 2798 10 2799 14 2800 14 2801 15 2802 14 2803 15 2804 10 2805 14 2806 10 2807 14 2808 10 2809 14 2810 10 2811 14 2812 10 2813 14 2814 9 2815 10 2816 9 2817 10 2818 9 2819 10 2820 9 2821 10 2822 9 2823 10 2824 9 2825 10 2826 10 2827 14 2828 10 2829 14 2830 10 2831 14 2832 14 2833 15 2834 14 2835 15 2836 10 2837 14 2838 10 2839 14 2840 14 2841 15 2842 14 2843 15 2844 14 2845 15 2846 14 2847 15 2848 14 2849 15 2850 14 2851 15 2852 15 2853 14 2854 15 2855 15 2856 16 2857 16 2858 14 2859 15 2860 15 2861 16 2862 16 2863 15 2864 16 2865 16 2866 15 2867 16 2868 15 2869 16 2870 14 2871 15 2872 14 2873 15 2874 15 2875 14 2876 15 2877 15 2878 16 2879 16 2880 14 2881 15 2882 14 2883 15 2884 10 2885 14 2886 10 2887 14 2888 10 2889 14 2890 10 2891 14 2892 16 2893 16 2894 16 2895 16 2896 17 2897 16 2898 17 2899 16 2900 17 2901 16 2902 17 2903 16 2904 17 2905 16 2906 17 2907 16 2908 17 2909 16 2910 17 2911 16 2912 17 2913 16 2914 17 2915 16 2916 17 2917 16 2918 17 2919 16 2920 17 2921 16 2922 17 2923 16 2924 17 2925 21 2926 22 2927 22 2928 21 2929 22 2930 22 2931 21 2932 22 2933 22 2934 22 2935 21 2936 22 2937 22 2938 22 2939 21 2940 22 2941 22 2942 22 2943 22 2944 22 2945 22 2946 22 2947 22 2948 22 2949 13 2950 13 2951 13 2952 13 2953 13 2954 13 2955 13 2956 13 2957 13 2958 13 2959 13 2960 13 2961 13 2962 13 2963 13 2964 13 2965 13 2966 13 2967 13 2968 13 2969 13 2970 13 2971 13 2972 13 2973 13 2974 13 2975 13 2976 13 2977 13 2978 13 2979 13 2980 13 2981 13 2982 13 2983 13 2984 13 2985 13 2986 13 2987 13 2988 13 2989 13 2990 13 2991 13 2992 13 2993 13 2994 13 2995 13 2996 13 2997 13 2998 13 2999 13 3000 13 3001 13 3002 13 3003 13 3004 13 3005 13 3006 13 3007 13 3008 13 3009 13 3010 13 3011 13 3012 13 3013 13 3014 13 3015 13 3016 13 3017 13 3018 13 3019 13 3020 13 3021 13 3022 13 3023 13 3024 13 3025 13 3026 13 3027 13 3028 13 3029 13 3030 13 3031 13 3032 13 3033 13 3034 13 3035 13 3036 13 3037 13 3038 13 3039 13 3040 13 3041 13 3042 13 3043 13 3044 13 3045 13 3046 13 3047 13 3048 13 3049 13 3050 13 3051 13 3052 13 3053 13 3054 13 3055 13 3056 13 3057 13 3058 13 3059 13 3060 13 3061 13 3062 13 3063 13 3064 13 3065 13 3066 13 3067 13 3068 13 3069 13 3070 13 3071 13 3072 13 3073 13 3074 13 3075 13 3076 13 3077 13 3078 13 3079 13 3080 13 3081 13 3082 13 3083 13 3084 13 3085 13 3086 13 3087 13 3088 13 3089 13 3090 13 3091 13 3092 13 3093 13 3094 13 3095 13 3096 13 3097 13 3098 13 3099 13 3100 13 3101 13 3102 13 3103 13 3104 13 3105 13 3106 13 3107 13 3108 13 3109 13 3110 13 3111 13 3112 13 3113 13 3114 13 3115 13 3116 13 3117 13 3118 13 3119 13 3120 13 3121 13 3122 13 3123 13 3124 13 3125 13 3126 13 3127 13 3128 13 3129 13 3130 13 3131 13 3132 13 3133 13 3134 13 3135 13 3136 13 3137 13 3138 13 3139 13 3140 13 3141 13 3142 13 3143 13 3144 13 3145 13 3146 13 3147 13 3148 13 3149 13 3150 13 3151 13 3152 13 3153 13 3154 13 3155 13 3156 13 3157 13 3158 13 3159 13 3160 13 3161 13 3162 13 3163 13 3164 13 3165 13 3166 13 3167 13 3168 13 3169 13 3170 13 3171 13 3172 13 3173 13 3174 13 3175 13 3176 13 3177 13 3178 13 3179 13 3180 13 3181 13 3182 13 3183 13 3184 13 3185 13 3186 13 3187 13 3188 13 3189 13 3190 13 3191 13 3192 13 3193 13 3194 13 3195 13 3196 13 3197 13 3198 13 3199 13 3200 13 3201 13 3202 13 3203 13 3204 13 3205 13 3206 13 3207 13 3208 2 3209 9 3210 2 3211 9 3212 2 3213 9 3214 10 3215 2 3216 9 3217 10 3218 2 3219 9 3220 2 3221 9 3222 2 3223 9 3224 10 3225 2 3226 9 3227 10 3228 9 3229 10 3230 9 3231 10 3232 9 3233 10 3234 9 3235 10 3236 9 3237 10 3238 9 3239 10 3240 9 3241 10 3242 9 3243 10 3244 9 3245 10 3246 9 3247 10 3248 9 3249 10 3250 9 3251 10 3252 10 3253 14 3254 10 3255 14 3256 10 3257 14 3258 10 3259 14 3260 18 3261 10 3262 14 3263 18 3264 10 3265 14 3266 18 3267 10 3268 14 3269 10 3270 14 3271 9 3272 10 3273 9 3274 10 3275 18 3276 10 3277 14 3278 18 3279 10 3280 14 3281 18 3282 10 3283 14 3284 18 3285 10 3286 14 3287 18 3288 10 3289 14 3290 18 3291 10 3292 14 3293 18 3294 10 3295 14 3296 18 3297 10 3298 14 3299 18 3300 10 3301 14 3302 18 3303 10 3304 14 3305 18 3306 10 3307 14 3308 18 3309 10 3310 14 3311 18 3312 10 3313 14 3314 18 3315 10 3316 14 3317 18 3318 14 3319 18 3320 14 3321 18 3322 14 3323 18 3324 10 3325 14 3326 18 3327 14 3328 18 3329 10 3330 14 3331 18 3332 2 3333 9 3334 2 3335 9 3336 10 3337 2 3338 9 3339 2 3340 9 3341 10 3342 9 3343 10 3344 2 3345 9 3346 10 3347 2 3348 9 3349 9 3350 10 3351 2 3352 9 3353 10 3354 2 3355 9 3356 9 3357 10 3358 9 3359 10 3360 9 3361 10 3362 9 3363 10 3364 9 3365 10 3366 9 3367 10 3368 9 3369 10 3370 9 3371 10 3372 9 3373 10 3374 9 3375 10 3376 10 3377 19 3378 10 3379 19 3380 10 3381 19 3382 10 3383 19 3384 23 3385 10 3386 19 3387 23 3388 10 3389 19 3390 23 3391 10 3392 19 3393 10 3394 19 3395 9 3396 10 3397 9 3398 10 3399 23 3400 10 3401 19 3402 23 3403 10 3404 19 3405 23 3406 10 3407 19 3408 23 3409 10 3410 19 3411 23 3412 10 3413 19 3414 23 3415 10 3416 19 3417 23 3418 10 3419 19 3420 23 3421 10 3422 19 3423 23 3424 10 3425 19 3426 23 3427 10 3428 19 3429 23 3430 10 3431 19 3432 23 3433 10 3434 19 3435 23 3436 10 3437 19 3438 23 3439 19 3440 23 3441 19 3442 23 3443 19 3444 23 3445 19 3446 23 3447 10 3448 19 3449 23 3450 10 3451 19 3452 23 3453 10 3454 19 3455 23 3456 9 3457 10 3458 9 3459 10 3460 9 3461 10 3462 9 3463 10 3464 9 3465 10 3466 9 3467 10 3468 9 3469 10 3470 10 3471 10 3472 14 3473 9 3474 10 3475 14 3476 9 3477 10 3478 14 3479 10 3480 14 3481 10 3482 14 3483 9 3484 10 3485 9 3486 10 3487 14 3488 9 3489 10 3490 13 3491 13 3492 13 3493 13 3494 13 3495 13 3496 13 3497 13 3498 13 3499 13 3500 13 3501 13 3502 13 3503 13 3504 13 3505 13 3506 13 3507 13 3508 13 3509 13 3510 13 3511 13 3512 13 3513 13 3514 13 3515 13 3516 13 3517 13 3518 13 3519 13 3520 13 3521 13 3522 13 3523 13 3524 13 3525 13 3526 13 3527 13 3528 13 3529 13 3530 13 3531 13 3532 13 3533 13 3534 13 3535 13 3536 13 3537 13 3538 13 3539 13 3540 13 3541 13 3542 13 3543 13 3544 13 3545 13 3546 13 3547 13 3548 13 3549 13 3550 13 3551 13 3552 13 3553 13 3554 13 3555 13 3556 13 3557 13 3558 13 3559 13 3560 13 3561 13 3562 13 3563 13 3564 13 3565 13 3566 13 3567 13 3568 13 3569 13 3570 13 3571 13 3572 13 3573 13 3574 13 3575 13 3576 13 3577 13 3578 13 3579 13 3580 13 3581 13 3582 13 3583 13 3584 13 3585 13 3586 13 3587 13 3588 13 3589 13 3590 13 3591 13 3592 13 3593 13 3594 13 3595 13 3596 13 3597 13 3598 13 3599 13 3600 13 3601 13 3602 13 3603 13 3604 13 3605 13 3606 13 3607 13 3608 13 3609 13 3610 13 3611 13 3612 13 3613 13 3614 13 3615 13 3616 13 3617 13 3618 13 3619 13 3620 13 3621 13 3622 13 3623 13 3624 13 3625 13 3626 13 3627 13 3628 13 3629 13 3630 13 3631 13 3632 13 3633 13 3634 13 3635 13 3636 13 3637 13 3638 13 3639 13 3640 13 3641 13 3642 2 3643 9 3644 2 3645 24 3646 2 3647 9 3648 2 3649 24 3650 2 3651 9 3652 2 3653 24 3654 24 3655 2 3656 24 3657 24 3658 24 3659 24 3660 24 3661 24 3662 24 3663 24 3664 24 3665 24 3666 2 3667 9 3668 2 3669 9 3670 2 3671 25 3672 2 3673 25 3674 2 3675 9 3676 2 3677 25 3678 25 3679 2 3680 25 3681 25 3682 25 3683 25 3684 25 3685 25 3686 25 3687 25 3688 25 3689 25 3690 8 3691 7 3692 8 3693 8 3694 8 3695 7 3696 8 3697 8 3698 8 3699 8 3700 7 3701 8 3702 8 3703 7 3704 8 3705 8 3706 7 3707 8 3708 8 3709 5 3710 4 3711 5 3712 5 3713 5 3714 4 3715 5 3716 5 3717 5 3718 5 3719 4 3720 5 3721 5 3722 4 3723 5 3724 5 3725 4 3726 5 3727 5 3728 2 3729 9 3730 2 3731 9 3732 2 3733 24 3734 2 3735 24 3736 2 3737 24 3738 2 3739 9 3740 2 3741 9 3742 2 3743 24 3744 2 3745 24 3746 2 3747 24 3748 2 3749 24 3750 2 3751 9 3752 2 3753 24 3754 2 3755 24 3756 2 3757 9 3758 24 3759 24 3760 24 3761 2 3762 24 3763 24 3764 24 3765 24 3766 24 3767 24 3768 24 3769 24 3770 2 3771 24 3772 24 3773 2 3774 24 3775 2 3776 24 3777 2 3778 9 3779 2 3780 24 3781 24 3782 24 3783 24 3784 24 3785 24 3786 24 3787 24 3788 24 3789 24 3790 24 3791 24 3792 24 3793 24 3794 24 3795 24 3796 24 3797 24 3798 24 3799 24 3800 24 3801 24 3802 24 3803 24 3804 24 3805 24 3806 24 3807 24 3808 2 3809 25 3810 2 3811 9 3812 2 3813 9 3814 2 3815 25 3816 2 3817 25 3818 2 3819 9 3820 2 3821 9 3822 2 3823 25 3824 2 3825 25 3826 2 3827 25 3828 2 3829 25 3830 2 3831 9 3832 2 3833 25 3834 2 3835 25 3836 2 3837 9 3838 25 3839 25 3840 25 3841 2 3842 25 3843 25 3844 25 3845 2 3846 25 3847 25 3848 25 3849 25 3850 25 3851 25 3852 25 3853 25 3854 25 3855 25 3856 25 3857 25 3858 25 3859 25 3860 25 3861 25 3862 25 3863 25 3864 25 3865 25 3866 25 3867 25 3868 25 3869 25 3870 25 3871 25 3872 25 3873 25 3874 25 3875 25 3876 25 3877 25 3878 25 3879 25 3880 2 3881 25 3882 2 3883 25 3884 2 3885 25 3886 2 3887 9 3888 13 3889 13 3890 13 3891 13 3892 13 3893 13 3894 13 3895 13 3896 13 3897 13 3898 13 3899 13 3900 13 3901 13 3902 13 3903 13 3904 13 3905 13 3906 13 3907 13 3908 13 3909 13 3910 13 3911 13 3912 13 3913 13 3914 13 3915 13 3916 9 3917 10 3918 9 3919 10 3920 10 3921 14 3922 10 3923 14 3924 9 3925 10 3926 9 3927 10 3928 14 3929 9 3930 10 3931 10 3932 14 3933 9 3934 10 3935 10 3936 14 3937 9 3938 10 3939 10 3940 14 3941 9 3942 10 3943 10 3944 14 3945 9 3946 10 3947 10 3948 14 3949 9 3950 10 3951 10 3952 14 3953 9 3954 10 3955 10 3956 14 3957 9 3958 10 3959 10 3960 9 3961 10 3962 10 3963 9 3964 10 3965 10 3966 9 3967 10 3968 9 3969 10 3970 8 3971 8 3972 8 3973 8 3974 8 3975 8 3976 8 3977 8 3978 8 3979 8 3980 8 3981 8 3982 8 3983 8 3984 5 3985 5 3986 5 3987 5 3988 5 3989 5 3990 5 3991 5 3992 5 3993 5 3994 5 3995 5 3996 5 3997 5 3998 22 3999 22 4000 21 4001 22 4002 21 4003 22 4004 22 4005 21 4006 22 4007 22 4008 22 4009 22 4010 21 4011 22 4012 22 4013 22 4014 22 4015 22 4016 22 4017 22 4018 22 4019 22 4020 21 4021 22 4022 16 4023 17 4024 17 4025 17 4026 16 4027 17 4028 17 4029 16 4030 17 4031 17 4032 17 4033 17 4034 16 4035 17 4036 17 4037 17 4038 17 4039 17 4040 17 4041 17 4042 17 4043 17 4044 16 4045 17 4046 9 4047 10 4048 10 4049 14 4050 9 4051 10 4052 9 4053 10 4054 10 4055 14 4056 10 4057 14 4058 9 4059 10 4060 9 4061 10 4062 10 4063 14 4064 9 4065 10 4066 9 4067 10 4068 9 4069 10 4070 9 4071 10 4072 9 4073 10 4074 10 4075 14 4076 9 4077 10 4078 9 4079 10 4080 9 4081 10 4082 9 4083 10 4084 10 4085 19 4086 9 4087 10 4088 9 4089 10 4090 10 4091 19 4092 10 4093 19 4094 9 4095 10 4096 9 4097 10 4098 10 4099 19 4100 9 4101 10 4102 9 4103 10 4104 9 4105 10 4106 10 4107 19 4108 9 4109 10 4110</v>
        </vertex_weights>
      </skin>
    </controller>
  </library_controllers>
  <library_visual_scenes>
    <visual_scene id="Scene" name="Scene">
      <node id="Armature" name="Armature" type="NODE">
        <matrix sid="transform">0.0254 0 0 0 0 -4.13819e-9 -0.0254 0 0 0.0254 -4.13819e-9 0 0 0 0 1</matrix>
        <node id="Armature_G_root" name="G_root" sid="G_root" type="JOINT">
          <matrix sid="transform">1 0 0 0 0 1 3.57628e-7 0 0 -3.57628e-7 1 0 0 0 0 1</matrix>
          <node id="Armature_G_base" name="G_base" sid="G_base" type="JOINT">
            <matrix sid="transform">1 0 0 0 0 1 0 1 0 0 1 1.78814e-7 0 0 0 1</matrix>
            <node id="Armature_G_pelvis" name="G_pelvis" sid="G_pelvis" type="JOINT">
              <matrix sid="transform">1 0 0 -7.10543e-14 0 1 5.68434e-14 24 0 -5.68434e-14 1 4.29153e-6 0 0 0 1</matrix>
              <node id="Armature_G_thigh_L" name="G_thigh_L" sid="G_thigh_L" type="JOINT">
                <matrix sid="transform">1 0 0 5 0 1 -2.84217e-14 -1.90735e-6 0 0 1 -4.54747e-13 0 0 0 1</matrix>
                <node id="Armature_G_calf_L" name="G_calf_L" sid="G_calf_L" type="JOINT">
                  <matrix sid="transform">1 2.98023e-8 -1.77636e-15 -4.76837e-7 -1.49012e-8 1 -2.84217e-14 -11.5 0 0 1 -2.05636e-6 0 0 0 1</matrix>
                  <node id="Armature_G_foot_L" name="G_foot_L" sid="G_foot_L" type="JOINT">
                    <matrix sid="transform">1 7.45058e-8 -3.55271e-15 -9.53674e-7 -4.47035e-8 1 -5.68434e-14 -11.23001 0 1.13687e-13 1 -2.00808e-6 0 0 0 1</matrix>
                    <extra>
                      <technique profile="blender">
                        <layer sid="layer" type="string">0</layer>
                        <tip_x sid="tip_x" type="float">0</tip_x>
                        <tip_y sid="tip_y" type="float">11.23001</tip_y>
                        <tip_z sid="tip_z" type="float">-4.01617e-6</tip_z>
                      </technique>
                    </extra>
                  </node>
                  <extra>
                    <technique profile="blender">
                      <layer sid="layer" type="string">0</layer>
                      <tip_x sid="tip_x" type="float">0</tip_x>
                      <tip_y sid="tip_y" type="float">11.23001</tip_y>
                      <tip_z sid="tip_z" type="float">-4.01617e-6</tip_z>
                    </technique>
                  </extra>
                </node>
                <extra>
                  <technique profile="blender">
                    <layer sid="layer" type="string">0</layer>
                    <tip_x sid="tip_x" type="float">0</tip_x>
                    <tip_y sid="tip_y" type="float">11.5</tip_y>
                    <tip_z sid="tip_z" type="float">-4.11272e-6</tip_z>
                  </technique>
                </extra>
              </node>
              <node id="Armature_G_thigh_R" name="G_thigh_R" sid="G_thigh_R" type="JOINT">
                <matrix sid="transform">1 0 0 -5 0 1 -2.84217e-14 -1.90735e-6 0 0 1 -4.54747e-13 0 0 0 1</matrix>
                <node id="Armature_G_calf_R" name="G_calf_R" sid="G_calf_R" type="JOINT">
                  <matrix sid="transform">1 -2.98023e-8 1.77636e-15 4.76837e-7 1.49012e-8 1 -2.84217e-14 -11.5 0 0 1 -2.05636e-6 0 0 0 1</matrix>
                  <node id="Armature_G_foot_R" name="G_foot_R" sid="G_foot_R" type="JOINT">
                    <matrix sid="transform">1 -7.45058e-8 3.55271e-15 9.53674e-7 4.47035e-8 1 -5.68434e-14 -11.23001 0 1.13687e-13 1 -2.00808e-6 0 0 0 1</matrix>
                    <extra>
                      <technique profile="blender">
                        <layer sid="layer" type="string">0</layer>
                        <tip_x sid="tip_x" type="float">0</tip_x>
                        <tip_y sid="tip_y" type="float">11.23001</tip_y>
                        <tip_z sid="tip_z" type="float">-4.01617e-6</tip_z>
                      </technique>
                    </extra>
                  </node>
                  <extra>
                    <technique profile="blender">
                      <layer sid="layer" type="string">0</layer>
                      <tip_x sid="tip_x" type="float">0</tip_x>
                      <tip_y sid="tip_y" type="float">11.23001</tip_y>
                      <tip_z sid="tip_z" type="float">-4.01617e-6</tip_z>
                    </technique>
                  </extra>
                </node>
                <extra>
                  <technique profile="blender">
                    <layer sid="layer" type="string">0</layer>
                    <tip_x sid="tip_x" type="float">0</tip_x>
                    <tip_y sid="tip_y" type="float">11.5</tip_y>
                    <tip_z sid="tip_z" type="float">-4.11272e-6</tip_z>
                  </technique>
                </extra>
              </node>
              <node id="Armature_G_waist" name="G_waist" sid="G_waist" type="JOINT">
                <matrix sid="transform">1 0 0 0 0 1 5.68434e-14 7.499996 0 -8.52651e-14 1 1.3411e-6 0 0 0 1</matrix>
                <node id="Armature_G_chest" name="G_chest" sid="G_chest" type="JOINT">
                  <matrix sid="transform">1 0 0 0 0 0.9999999 -8.52651e-14 7.500004 0 8.52651e-14 1 1.34111e-6 0 0 0 1</matrix>
                  <node id="Armature_G_neck" name="G_neck" sid="G_neck" type="JOINT">
                    <matrix sid="transform">1 0 0 0 0 0.9999999 0 7 0 0 1 1.2517e-6 0 0 0 1</matrix>
                    <node id="Armature_G_head" name="G_head" sid="G_head" type="JOINT">
                      <matrix sid="transform">1 0 0 0 0 1 -1.13687e-13 8.000008 0 1.13687e-13 1 1.43051e-6 0 0 0 1</matrix>
                      <node id="Armature_G_head_scl" name="G_head_scl" sid="G_head_scl" type="JOINT">
                        <matrix sid="transform">1 0 0 0 0 1 2.84217e-14 -2.500008 0 0 1 -1 0 0 0 1</matrix>
                        <node id="Armature_G_hair" name="G_hair" sid="G_hair" type="JOINT">
                          <matrix sid="transform">1 0 0 0 0 1 2.84217e-14 18.2142 0 0 1 -3.674033 0 0 0 1</matrix>
                          <extra>
                            <technique profile="blender">
                              <layer sid="layer" type="string">0</layer>
                              <tip_x sid="tip_x" type="float">0</tip_x>
                              <tip_y sid="tip_y" type="float">18.58105</tip_y>
                              <tip_z sid="tip_z" type="float">-6.67572e-6</tip_z>
                            </technique>
                          </extra>
                        </node>
                        <extra>
                          <technique profile="blender">
                            <layer sid="layer" type="string">0</layer>
                            <tip_x sid="tip_x" type="float">0</tip_x>
                            <tip_y sid="tip_y" type="float">18.58105</tip_y>
                            <tip_z sid="tip_z" type="float">-6.67572e-6</tip_z>
                          </technique>
                        </extra>
                      </node>
                      <extra>
                        <technique profile="blender">
                          <layer sid="layer" type="string">0</layer>
                          <tip_x sid="tip_x" type="float">0</tip_x>
                          <tip_y sid="tip_y" type="float">2.692589</tip_y>
                          <tip_z sid="tip_z" type="float">-9.62945e-7</tip_z>
                        </technique>
                      </extra>
                    </node>
                    <extra>
                      <technique profile="blender">
                        <layer sid="layer" type="string">0</layer>
                        <tip_x sid="tip_x" type="float">0</tip_x>
                        <tip_y sid="tip_y" type="float">8.000008</tip_y>
                        <tip_z sid="tip_z" type="float">-2.86103e-6</tip_z>
                      </technique>
                    </extra>
                  </node>
                  <node id="Armature_G_back_parts1_" name="G_back_parts1_" sid="G_back_parts1_" type="JOINT">
                    <matrix sid="transform">1 0 0 0 0 0.7071068 0.7071067 7.5 0 -0.7071068 0.7071068 -10 0 0 0 1</matrix>
                    <node id="Armature_G_back_parts2_" name="G_back_parts2_" sid="G_back_parts2_" type="JOINT">
                      <matrix sid="transform">1 0 0 0 0 1 -1.49012e-7 0 0 1.19209e-7 1 -20 0 0 0 1</matrix>
                      <extra>
                        <technique profile="blender">
                          <layer sid="layer" type="string">0</layer>
                          <tip_x sid="tip_x" type="float">0</tip_x>
                          <tip_y sid="tip_y" type="float">14.14213</tip_y>
                          <tip_z sid="tip_z" type="float">-14.14214</tip_z>
                        </technique>
                      </extra>
                    </node>
                    <extra>
                      <technique profile="blender">
                        <layer sid="layer" type="string">0</layer>
                        <tip_x sid="tip_x" type="float">0</tip_x>
                        <tip_y sid="tip_y" type="float">14.14213</tip_y>
                        <tip_z sid="tip_z" type="float">-14.14214</tip_z>
                      </technique>
                    </extra>
                  </node>
                  <node id="Armature_G_clavicle_L" name="G_clavicle_L" sid="G_clavicle_L" type="JOINT">
                    <matrix sid="transform">1 0 0 4 0 0.9999999 0 4.5 0 0 1 8.04665e-7 0 0 0 1</matrix>
                    <node id="Armature_G_uparm_L" name="G_uparm_L" sid="G_uparm_L" type="JOINT">
                      <matrix sid="transform">1 0 0 6.5 0 1 5.68434e-14 0 0 -2.84217e-14 1 9.09495e-13 0 0 0 1</matrix>
                      <node id="Armature_G_lowarm_L" name="G_lowarm_L" sid="G_lowarm_L" type="JOINT">
                        <matrix sid="transform">1 1.49012e-8 -1.77635e-15 6.5 0 1 2.84217e-14 0 0 0 1 -9.09495e-13 0 0 0 1</matrix>
                        <node id="Armature_G_hand_L" name="G_hand_L" sid="G_hand_L" type="JOINT">
                          <matrix sid="transform">1 2.98023e-8 1.06581e-14 9.500008 1.65775e-7 1 2.84217e-14 7.62939e-6 2.9643e-14 0 1 9.09495e-13 0 0 0 1</matrix>
                          <extra>
                            <technique profile="blender">
                              <layer sid="layer" type="string">0</layer>
                              <tip_x sid="tip_x" type="float">0</tip_x>
                              <tip_y sid="tip_y" type="float">9.500004</tip_y>
                              <tip_z sid="tip_z" type="float">-3.39747e-6</tip_z>
                            </technique>
                          </extra>
                        </node>
                        <extra>
                          <technique profile="blender">
                            <layer sid="layer" type="string">0</layer>
                            <tip_x sid="tip_x" type="float">0</tip_x>
                            <tip_y sid="tip_y" type="float">9.500004</tip_y>
                            <tip_z sid="tip_z" type="float">-3.39747e-6</tip_z>
                          </technique>
                        </extra>
                      </node>
                      <extra>
                        <technique profile="blender">
                          <layer sid="layer" type="string">0</layer>
                          <tip_x sid="tip_x" type="float">0</tip_x>
                          <tip_y sid="tip_y" type="float">6.5</tip_y>
                          <tip_z sid="tip_z" type="float">-2.32458e-6</tip_z>
                        </technique>
                      </extra>
                    </node>
                    <node id="Armature_G_shoulder_parts_L" name="G_shoulder_parts_L" sid="G_shoulder_parts_L" type="JOINT">
                      <matrix sid="transform">0.9396928 -0.3420197 4.89347e-8 3 0.3420197 0.9396929 -2.90573e-7 2 5.3398e-8 2.89786e-7 1 3.57629e-7 0 0 0 1</matrix>
                      <extra>
                        <technique profile="blender">
                          <layer sid="layer" type="string">0</layer>
                          <roll sid="roll" type="float">0</roll>
                          <tip_x sid="tip_x" type="float">-1.72815</tip_x>
                          <tip_y sid="tip_y" type="float">4.748058</tip_y>
                          <tip_z sid="tip_z" type="float">-2.33816e-7</tip_z>
                        </technique>
                      </extra>
                    </node>
                    <extra>
                      <technique profile="blender">
                        <layer sid="layer" type="string">0</layer>
                        <tip_x sid="tip_x" type="float">0</tip_x>
                        <tip_y sid="tip_y" type="float">5.052776</tip_y>
                        <tip_z sid="tip_z" type="float">-1.80701e-6</tip_z>
                      </technique>
                    </extra>
                  </node>
                  <node id="Armature_G_clavicle_R" name="G_clavicle_R" sid="G_clavicle_R" type="JOINT">
                    <matrix sid="transform">1 0 0 -4 0 0.9999999 0 4.5 0 0 1 8.04665e-7 0 0 0 1</matrix>
                    <node id="Armature_G_uparm_R" name="G_uparm_R" sid="G_uparm_R" type="JOINT">
                      <matrix sid="transform">1 0 0 -6.5 0 1 5.68434e-14 0 0 -2.84217e-14 1 9.09495e-13 0 0 0 1</matrix>
                      <node id="Armature_G_lowarm_R" name="G_lowarm_R" sid="G_lowarm_R" type="JOINT">
                        <matrix sid="transform">1 -1.49012e-8 1.77635e-15 -6.5 0 1 2.84217e-14 0 0 0 1 -9.09495e-13 0 0 0 1</matrix>
                        <node id="Armature_G_hand_R" name="G_hand_R" sid="G_hand_R" type="JOINT">
                          <matrix sid="transform">1 -2.98023e-8 -1.06581e-14 -9.500008 -1.65775e-7 1 2.84217e-14 7.62939e-6 -2.9643e-14 0 1 9.09495e-13 0 0 0 1</matrix>
                          <extra>
                            <technique profile="blender">
                              <layer sid="layer" type="string">0</layer>
                              <tip_x sid="tip_x" type="float">0</tip_x>
                              <tip_y sid="tip_y" type="float">9.500004</tip_y>
                              <tip_z sid="tip_z" type="float">-3.39747e-6</tip_z>
                            </technique>
                          </extra>
                        </node>
                        <extra>
                          <technique profile="blender">
                            <layer sid="layer" type="string">0</layer>
                            <tip_x sid="tip_x" type="float">0</tip_x>
                            <tip_y sid="tip_y" type="float">9.500004</tip_y>
                            <tip_z sid="tip_z" type="float">-3.39747e-6</tip_z>
                          </technique>
                        </extra>
                      </node>
                      <extra>
                        <technique profile="blender">
                          <layer sid="layer" type="string">0</layer>
                          <tip_x sid="tip_x" type="float">0</tip_x>
                          <tip_y sid="tip_y" type="float">6.5</tip_y>
                          <tip_z sid="tip_z" type="float">-2.32458e-6</tip_z>
                        </technique>
                      </extra>
                    </node>
                    <node id="Armature_G_shoulder_parts_R" name="G_shoulder_parts_R" sid="G_shoulder_parts_R" type="JOINT">
                      <matrix sid="transform">0.9396927 0.3420198 3.00976e-8 -3 -0.3420198 0.9396928 -3.53902e-7 2 -1.49324e-7 3.22266e-7 1 3.57629e-7 0 0 0 1</matrix>
                      <extra>
                        <technique profile="blender">
                          <layer sid="layer" type="string">0</layer>
                          <roll sid="roll" type="float">0</roll>
                          <tip_x sid="tip_x" type="float">1.72815</tip_x>
                          <tip_y sid="tip_y" type="float">4.748058</tip_y>
                          <tip_z sid="tip_z" type="float">0</tip_z>
                        </technique>
                      </extra>
                    </node>
                    <extra>
                      <technique profile="blender">
                        <layer sid="layer" type="string">0</layer>
                        <tip_x sid="tip_x" type="float">0</tip_x>
                        <tip_y sid="tip_y" type="float">5.052776</tip_y>
                        <tip_z sid="tip_z" type="float">-1.80701e-6</tip_z>
                      </technique>
                    </extra>
                  </node>
                  <extra>
                    <technique profile="blender">
                      <layer sid="layer" type="string">0</layer>
                      <tip_x sid="tip_x" type="float">0</tip_x>
                      <tip_y sid="tip_y" type="float">7.885399</tip_y>
                      <tip_z sid="tip_z" type="float">-2.82004e-6</tip_z>
                    </technique>
                  </extra>
                </node>
                <extra>
                  <technique profile="blender">
                    <layer sid="layer" type="string">0</layer>
                    <tip_x sid="tip_x" type="float">0</tip_x>
                    <tip_y sid="tip_y" type="float">7.500004</tip_y>
                    <tip_z sid="tip_z" type="float">-2.68221e-6</tip_z>
                  </technique>
                </extra>
              </node>
              <node id="Armature_G_tail" name="G_tail" sid="G_tail" type="JOINT">
                <matrix sid="transform">1 0 0 0 0 1 -5.66649e-8 1.999998 0 5.66649e-8 1 -7 0 0 0 1</matrix>
                <extra>
                  <technique profile="blender">
                    <layer sid="layer" type="string">0</layer>
                    <tip_x sid="tip_x" type="float">0</tip_x>
                    <tip_y sid="tip_y" type="float">8.41504</tip_y>
                    <tip_z sid="tip_z" type="float">-2.86102e-6</tip_z>
                  </technique>
                </extra>
              </node>
              <node id="Armature_G_waist_parts_F" name="G_waist_parts_F" sid="G_waist_parts_F" type="JOINT">
                <matrix sid="transform">1 0 0 0 0 1 -2.84217e-14 4.999996 0 0 1 8.999999 0 0 0 1</matrix>
                <extra>
                  <technique profile="blender">
                    <layer sid="layer" type="string">0</layer>
                    <tip_x sid="tip_x" type="float">0</tip_x>
                    <tip_y sid="tip_y" type="float">8.41504</tip_y>
                    <tip_z sid="tip_z" type="float">-2.86102e-6</tip_z>
                  </technique>
                </extra>
              </node>
              <node id="Armature_G_waist_parts_L" name="G_waist_parts_L" sid="G_waist_parts_L" type="JOINT">
                <matrix sid="transform">1 0 0 10 0 1 -2.84217e-14 4.999998 0 0 1 0.500001 0 0 0 1</matrix>
                <extra>
                  <technique profile="blender">
                    <layer sid="layer" type="string">0</layer>
                    <tip_x sid="tip_x" type="float">0</tip_x>
                    <tip_y sid="tip_y" type="float">8.415038</tip_y>
                    <tip_z sid="tip_z" type="float">-3.01003e-6</tip_z>
                  </technique>
                </extra>
              </node>
              <node id="Armature_G_waist_parts_R" name="G_waist_parts_R" sid="G_waist_parts_R" type="JOINT">
                <matrix sid="transform">1 0 0 -10 0 1 -2.84217e-14 4.999998 0 0 1 0.500001 0 0 0 1</matrix>
                <extra>
                  <technique profile="blender">
                    <layer sid="layer" type="string">0</layer>
                    <tip_x sid="tip_x" type="float">0</tip_x>
                    <tip_y sid="tip_y" type="float">8.415038</tip_y>
                    <tip_z sid="tip_z" type="float">-3.01003e-6</tip_z>
                  </technique>
                </extra>
              </node>
              <node id="Armature_G_waist_parts_B" name="G_waist_parts_B" sid="G_waist_parts_B" type="JOINT">
                <matrix sid="transform">1 0 0 0 0 1 -2.84217e-14 5 0 0 1 -8.500001 0 0 0 1</matrix>
                <extra>
                  <technique profile="blender">
                    <layer sid="layer" type="string">0</layer>
                    <tip_x sid="tip_x" type="float">0</tip_x>
                    <tip_y sid="tip_y" type="float">8.41504</tip_y>
                    <tip_z sid="tip_z" type="float">-2.86102e-6</tip_z>
                  </technique>
                </extra>
              </node>
              <extra>
                <technique profile="blender">
                  <layer sid="layer" type="string">0</layer>
                  <tip_x sid="tip_x" type="float">0</tip_x>
                  <tip_y sid="tip_y" type="float">8.415038</tip_y>
                  <tip_z sid="tip_z" type="float">-3.00945e-6</tip_z>
                </technique>
              </extra>
            </node>
            <extra>
              <technique profile="blender">
                <layer sid="layer" type="string">0</layer>
                <tip_x sid="tip_x" type="float">0</tip_x>
                <tip_y sid="tip_y" type="float">24</tip_y>
                <tip_z sid="tip_z" type="float">-8.58307e-6</tip_z>
              </technique>
            </extra>
          </node>
          <extra>
            <technique profile="blender">
              <layer sid="layer" type="string">0</layer>
              <tip_x sid="tip_x" type="float">0</tip_x>
              <tip_y sid="tip_y" type="float">1</tip_y>
              <tip_z sid="tip_z" type="float">-3.57628e-7</tip_z>
            </technique>
          </extra>
        </node>
      </node>
      <node id="GNN_avt" name="GNN_avt" type="NODE">
        <translate sid="location">0 0 0</translate>
        <rotate sid="rotationZ">0 0 1 0</rotate>
        <rotate sid="rotationY">0 1 0 0</rotate>
        <rotate sid="rotationX">1 0 0 0</rotate>
        <scale sid="scale">1 1 1</scale>
        <instance_controller url="#Armature_GNN_avt-skin">
          <skeleton>#Armature_G_root</skeleton>
          <bind_material>
            <technique_common>
              <instance_material symbol="GNN_avt_base_png-material" target="#GNN_avt_base_png-material">
                <bind_vertex_input semantic="UVChannel_1" input_semantic="TEXCOORD" input_set="0"/>
              </instance_material>
            </technique_common>
          </bind_material>
        </instance_controller>
      </node>
    </visual_scene>
  </library_visual_scenes>
  <scene>
    <instance_visual_scene url="#Scene"/>
  </scene>
</COLLADA>